id,date,time,sht_t,sht_h,pm1,pm25,pm10,co2,adc,acc_x,acc_y,acc_z,accx_int,accy_int,accz_int,accx_i,accy_i,accz_i,sht_t_ext,sht_h_ext,gps_lat,gps_lon,gps_alt,gps_speed,gps_dir,gps_fix,ai1_2,ai1_3,ai1_4,ERR
00A266660038,2018-04-16,17:16:42,  23.0,  64.4,7,11,12,729,100,3,-3,46,32,14,25,3,-3,47,  21.1,  65.3,25.039288,121.612939,0,0,0,0,425,387,434,0
00A266660038,2018-04-16,17:19:19,  23.5,  59.4,7,12,12,676,100,2,-3,46,22,8,17,2,-3,47,  21.3,  63.0,25.039288,121.612939,0,0,0,0,437,410,469,0
00A266660038,2018-04-16,17:20:19,  23.5,  57.6,6,11,11,638,100,2,-3,46,22,10,21,2,-3,45,  21.3,  61.4,25.039288,121.612939,0,0,0,0,450,415,481,0
00A266660038,2018-04-16,17:21:20,  23.4,  56.8,5,10,10,685,100,2,-3,46,26,2,22,2,-3,46,  21.4,  60.9,25.039288,121.612939,0,0,0,0,450,419,481,0
00A266660038,2018-04-16,17:22:20,  23.4,  57.8,7,13,14,660,100,2,-3,46,22,2,26,2,-3,46,  21.5,  60.9,25.039288,121.612939,0,0,0,0,452,421,479,0
00A266660038,2018-04-16,17:23:21,  23.4,  58.5,6,12,13,644,100,2,-3,46,30,8,24,2,-3,46,  21.5,  61.5,25.039288,121.612939,0,0,0,0,455,421,479,0
00A266660038,2018-04-16,17:24:21,  23.4,  59.3,8,9,12,620,100,2,-3,46,20,2,24,2,-3,46,  21.6,  61.8,25.039288,121.612939,0,0,0,0,453,421,480,0
00A266660038,2018-04-16,17:25:22,  23.3,  59.3,6,13,17,620,100,2,-3,46,16,10,26,2,-3,46,  21.7,  62.0,25.039288,121.612939,0,0,0,0,453,424,480,0
00A266660038,2018-04-16,17:26:22,  23.4,  59.7,8,14,14,602,100,2,-4,46,30,5,44,2,-3,46,  21.7,  61.9,25.039288,121.612939,0,0,0,0,453,424,479,0
00A266660038,2018-04-16,17:27:23,  23.4,  59.3,6,12,13,626,100,3,-3,46,77,32,208,2,-3,46,  21.8,  61.7,25.039288,121.612939,0,0,0,0,453,425,482,0
00A266660038,2018-04-16,17:28:23,  23.4,  59.3,5,12,12,638,100,2,-3,46,22,2,26,2,-3,46,  21.8,  61.7,25.039288,121.612939,0,0,0,0,455,425,480,0
00A266660038,2018-04-16,17:29:24,  23.4,  59.2,6,10,12,606,100,2,-3,46,21,4,34,3,-3,46,  21.9,  61.5,25.039288,121.612939,0,0,0,0,453,424,480,0
00A266660038,2018-04-16,17:30:24,  23.4,  58.7,6,13,14,601,100,2,-3,46,26,2,32,2,-3,46,  21.9,  61.5,25.039288,121.612939,0,0,0,0,454,425,481,0
00A266660038,2018-04-16,17:31:25,  23.4,  57.2,6,10,10,589,100,2,-3,46,22,8,38,2,-3,46,  22.0,  60.4,25.039288,121.612939,0,0,0,0,456,425,480,0
00A266660038,2018-04-16,17:32:25,  23.3,  55.4,6,12,12,586,100,2,-3,46,20,9,52,2,-4,46,  22.0,  56.4,25.039288,121.612939,0,0,0,0,454,428,479,0
00A266660038,2018-04-16,17:33:25,  23.2,  54.5,5,10,10,579,100,2,-3,47,34,2,32,2,-3,47,  22.1,  55.4,25.039288,121.612939,0,0,0,0,451,429,479,0
00A266660038,2018-04-16,17:34:26,  23.2,  55.4,7,13,13,629,100,2,-3,46,450,314,428,-12,1,64,  22.1,  56.1,25.039288,121.612939,0,0,0,0,451,429,479,0
00A266660038,2018-04-16,17:35:26,  23.2,  56.4,5,8,8,711,100,14,9,45,42,44,74,14,9,45,  22.2,  52.8,25.039288,121.612939,0,0,0,0,457,427,477,0
00A266660038,2018-04-16,17:36:27,  23.3,  57.0,5,6,8,897,100,14,8,45,12,57,28,14,9,45,  22.2,  53.3,25.039288,121.612939,0,0,0,0,454,430,479,0
00A266660038,2018-04-16,17:37:27,  23.4,  57.5,3,7,9,745,100,14,9,45,104,95,148,16,4,45,  22.3,  52.3,25.039288,121.612939,0,0,0,0,452,433,480,0
00A266660038,2018-04-16,17:38:28,  23.5,  57.9,6,13,13,750,100,17,4,45,7,6,16,16,4,45,  22.4,  52.5,25.039288,121.612939,0,0,0,0,454,428,480,0
00A266660038,2018-04-16,17:39:28,  23.6,  58.1,81,97,104,779,100,16,4,45,10,14,20,16,4,45,  22.5,  52.2,25.039288,121.612939,0,0,0,0,453,429,478,0
00A266660038,2018-04-16,17:40:29,  23.7,  58.5,199,252,256,770,100,16,4,45,10,14,24,16,4,45,  22.6,  52.2,25.039288,121.612939,0,0,0,0,454,430,479,0
00A266660038,2018-04-16,17:41:29,  23.8,  58.7,312,464,486,765,100,16,4,45,10,19,30,16,3,45,  22.7,  52.1,25.039288,121.612939,0,0,0,0,455,430,480,0
00A266660038,2018-04-16,17:42:30,  23.9,  59.0,325,501,542,737,100,16,4,45,14,9,30,16,3,45,  22.7,  51.8,25.039288,121.612939,0,0,0,0,455,433,481,0
00A266660038,2018-04-16,17:43:30,  24.0,  59.2,325,470,501,753,100,16,4,44,6,14,41,16,4,45,  22.8,  51.4,25.039288,121.612939,0,0,0,0,454,432,480,0
00A266660038,2018-04-16,17:44:31,  24.1,  59.3,329,489,513,712,100,16,4,44,10,12,46,16,4,44,  22.9,  50.9,25.039288,121.612939,0,0,0,0,454,432,480,0
00A266660038,2018-04-16,17:45:31,  24.2,  59.5,360,568,610,694,100,16,4,45,10,14,46,16,4,45,  23.0,  50.2,25.039288,121.612939,0,0,0,0,456,431,482,0
00A266660038,2018-04-16,17:46:31,  24.3,  59.7,374,617,665,699,100,16,3,45,10,17,46,16,4,45,  23.1,  49.8,25.039288,121.612939,0,0,0,0,455,432,481,0
00A266660038,2018-04-16,17:47:32,  24.4,  59.8,390,647,695,673,100,16,4,45,0,12,45,16,4,44,  23.2,  49.2,25.039288,121.612939,0,0,0,0,458,434,483,0
00A266660038,2018-04-16,17:48:32,  24.5,  59.9,409,732,796,691,100,16,4,44,6,12,32,16,4,44,  23.3,  48.8,25.039288,121.612939,0,0,0,0,455,435,481,0
00A266660038,2018-04-16,17:49:33,  24.6,  60.1,406,747,812,694,100,16,4,44,10,6,19,16,4,43,  23.4,  48.5,25.039288,121.612939,0,0,0,0,456,434,481,0
00A266660038,2018-04-16,17:50:33,  24.7,  60.1,411,832,945,693,100,16,4,44,10,22,24,16,4,44,  23.5,  48.4,25.039288,121.612939,0,0,0,0,455,434,483,0
00A266660038,2018-04-16,17:51:34,  24.8,  60.3,416,875,970,671,100,16,4,45,8,16,21,16,4,44,  23.6,  48.0,25.039288,121.612939,0,0,0,0,456,436,482,0
00A266660038,2018-04-16,17:52:34,  24.8,  60.3,416,791,856,671,100,16,4,44,16,22,14,16,4,44,  23.7,  47.5,25.039288,121.612939,0,0,0,0,458,436,483,0
00A266660038,2018-04-16,17:53:35,  24.9,  60.4,401,805,883,661,100,16,4,44,4,16,19,16,4,45,  23.8,  47.3,25.039288,121.612939,0,0,0,0,458,434,484,0
00A266660038,2018-04-16,17:54:35,  25.0,  60.5,391,727,794,656,100,16,3,44,4,27,6,16,4,44,  23.9,  46.9,25.039288,121.612939,0,0,0,0,459,435,483,0
00A266660038,2018-04-16,17:55:36,  25.1,  60.6,381,660,728,663,100,16,4,44,4,19,22,16,3,44,  24.0,  46.4,25.039288,121.612939,0,0,0,0,456,434,483,0
00A266660038,2018-04-16,17:56:36,  25.1,  60.7,380,771,879,656,100,16,4,44,6,21,10,16,3,44,  24.1,  46.1,25.039288,121.612939,0,0,0,0,456,435,481,0
00A266660038,2018-04-16,17:57:37,  25.2,  60.7,382,698,781,643,100,16,4,44,16,22,18,16,4,44,  24.2,  45.8,25.039288,121.612939,0,0,0,0,456,436,483,0
00A266660038,2018-04-16,17:58:37,  25.2,  60.8,369,650,698,650,100,16,4,44,14,20,16,16,4,44,  24.2,  45.2,25.039288,121.612939,0,0,0,0,459,437,482,0
00A266660038,2018-04-16,17:59:37,  25.3,  60.8,377,678,740,617,100,16,4,44,10,26,26,16,4,44,  24.3,  44.5,25.039288,121.612939,0,0,0,0,456,438,483,0
00A266660038,2018-04-16,18:00:38,  25.4,  60.8,385,706,787,634,100,16,3,44,6,25,23,16,4,43,  24.4,  44.4,25.039288,121.612939,0,0,0,0,457,428,484,0
00A266660038,2018-04-16,18:01:38,  25.4,  61.0,389,778,888,627,100,16,4,44,14,28,28,16,4,44,  24.5,  44.3,25.039288,121.612939,0,0,0,0,456,428,482,0
00A266660038,2018-04-16,18:02:39,  25.5,  61.0,391,825,953,622,100,16,4,43,4,12,37,16,4,44,  24.6,  43.9,25.039288,121.612939,0,0,0,0,456,429,482,0
00A266660038,2018-04-16,18:03:39,  25.5,  61.0,388,846,948,622,100,16,4,43,6,8,36,16,4,43,  24.6,  43.8,25.039288,121.612939,0,0,0,0,458,438,483,0
00A266660038,2018-04-16,18:04:40,  25.6,  61.1,393,796,898,606,100,16,4,44,4,18,42,16,4,44,  24.7,  43.2,25.039288,121.612939,0,0,0,0,457,438,481,0
00A266660038,2018-04-16,18:05:40,  25.6,  61.1,389,819,925,620,100,16,4,43,8,16,51,16,4,44,  24.8,  43.2,25.039288,121.612939,0,0,0,0,458,439,481,0
00A266660038,2018-04-16,18:06:41,  25.7,  61.2,383,881,984,611,100,16,4,43,2,16,53,16,4,44,  24.9,  42.9,25.039288,121.612939,0,0,0,0,457,441,483,0
00A266660038,2018-04-16,18:07:41,  25.7,  61.2,388,798,870,616,100,16,4,44,12,16,42,16,4,44,  24.9,  42.6,25.039288,121.612939,0,0,0,0,455,438,484,0
00A266660038,2018-04-16,18:08:42,  25.7,  61.3,387,837,946,587,100,16,4,43,0,10,44,16,4,43,  25.0,  42.5,25.039288,121.612939,0,0,0,0,456,437,484,0
00A266660038,2018-04-16,18:09:42,  25.8,  61.3,391,849,953,625,100,16,4,43,8,16,38,16,4,43,  25.1,  42.2,25.039288,121.612939,0,0,0,0,457,439,481,0
00A266660038,2018-04-16,18:10:43,  25.8,  61.3,383,830,910,614,100,16,4,44,14,16,43,16,4,43,  25.1,  42.0,25.039288,121.612939,0,0,0,0,458,437,482,0
00A266660038,2018-04-16,18:11:43,  25.8,  61.3,385,781,876,615,100,16,4,43,6,10,39,16,4,44,  25.2,  41.9,25.039288,121.612939,0,0,0,0,460,438,483,0
00A266660038,2018-04-16,18:12:43,  25.9,  61.4,372,689,778,616,100,16,4,43,6,22,34,16,4,43,  25.3,  41.6,25.039288,121.612939,0,0,0,0,458,439,481,0
00A266660038,2018-04-16,18:13:44,  25.9,  61.5,379,811,949,608,100,16,4,43,14,20,45,16,4,44,  25.3,  41.2,25.039288,121.612939,0,0,0,0,458,440,482,0
00A266660038,2018-04-16,18:14:44,  25.9,  61.5,387,782,882,604,100,16,4,44,10,24,33,16,4,43,  25.4,  41.1,25.039288,121.612939,0,0,0,0,455,439,482,0
00A266660038,2018-04-16,18:15:45,  26.0,  61.5,386,809,898,602,100,16,4,43,7,19,30,15,5,43,  25.4,  40.9,25.039288,121.612939,0,0,0,0,457,439,484,0
00A266660038,2018-04-16,18:16:45,  26.0,  61.5,383,892,1023,594,100,16,4,43,0,36,40,16,4,43,  25.5,  40.7,25.039288,121.612939,0,0,0,0,459,439,483,0
00A266660038,2018-04-16,18:17:46,  26.1,  61.5,376,810,911,596,100,16,4,44,4,26,19,16,4,43,  25.6,  40.6,25.039288,121.612939,0,0,0,0,460,441,482,0
00A266660038,2018-04-16,18:18:46,  26.1,  61.6,383,754,838,575,100,16,4,43,0,18,22,16,4,43,  25.6,  40.5,25.039288,121.612939,0,0,0,0,460,439,483,0
00A266660038,2018-04-16,18:19:47,  26.1,  61.6,385,834,955,589,100,16,4,43,4,16,29,16,4,44,  25.6,  40.3,25.039288,121.612939,0,0,0,0,458,439,482,0
00A266660038,2018-04-16,18:20:47,  26.1,  61.7,374,830,925,599,100,16,4,43,4,36,16,16,4,43,  25.7,  40.1,25.039288,121.612939,0,0,0,0,458,431,482,0
00A266660038,2018-04-16,18:21:48,  26.2,  61.6,379,733,820,589,100,16,4,43,8,30,30,16,4,43,  25.7,  39.9,25.039288,121.612939,0,0,0,0,458,439,483,0
00A266660038,2018-04-16,18:22:48,  26.2,  61.7,367,714,783,568,100,16,4,43,8,22,16,16,4,43,  25.8,  39.8,25.039288,121.612939,0,0,0,0,458,440,482,0
00A266660038,2018-04-16,18:23:49,  26.2,  61.7,376,714,794,573,100,16,4,43,6,28,12,16,4,43,  25.8,  39.6,25.039288,121.612939,0,0,0,0,459,430,481,0
00A266660038,2018-04-16,18:24:49,  26.2,  61.7,383,759,845,591,100,16,4,43,12,22,16,16,4,43,  25.9,  39.5,25.039288,121.612939,0,0,0,0,458,440,483,0
00A266660038,2018-04-16,18:25:49,  26.3,  61.7,379,788,896,580,100,16,4,43,6,26,12,16,4,43,  25.9,  39.4,25.039288,121.612939,0,0,0,0,458,439,483,0
00A266660038,2018-04-16,18:26:50,  26.3,  61.8,380,762,862,571,100,16,4,43,2,37,22,16,3,43,  26.0,  39.4,25.039288,121.612939,0,0,0,0,459,432,481,0
00A266660038,2018-04-16,18:27:50,  26.3,  61.8,378,767,884,560,100,16,4,43,6,34,16,16,4,43,  26.0,  39.3,25.039288,121.612939,0,0,0,0,456,441,484,0
00A266660038,2018-04-16,18:28:51,  26.3,  61.8,381,762,867,566,100,16,3,43,12,25,20,16,4,43,  26.1,  39.2,25.039288,121.612939,0,0,0,0,456,439,483,0
00A266660038,2018-04-16,18:29:51,  26.3,  61.9,385,794,893,568,100,16,5,43,4,21,16,16,4,43,  26.1,  39.1,25.039288,121.612939,0,0,0,0,457,441,484,0
00A266660038,2018-04-16,18:30:52,  26.3,  61.8,377,842,950,571,100,16,4,43,12,22,14,16,4,43,  26.2,  39.1,25.039288,121.612939,0,0,0,0,456,441,483,0
00A266660038,2018-04-16,18:31:52,  26.4,  61.9,372,846,975,590,100,16,3,43,6,25,10,16,4,43,  26.2,  39.1,25.039288,121.612939,0,0,0,0,459,441,481,0
00A266660038,2018-04-16,18:32:53,  26.4,  61.9,358,849,979,583,100,15,4,43,5,24,17,16,4,44,  26.2,  39.0,25.039288,121.612939,0,0,0,0,458,442,482,0
00A266660038,2018-04-16,18:33:53,  26.4,  61.9,374,836,952,564,100,16,4,43,6,14,14,16,4,43,  26.3,  38.9,25.039288,121.612939,0,0,0,0,457,442,483,0
00A266660038,2018-04-16,18:34:54,  26.4,  61.9,364,819,942,571,100,16,5,43,4,29,23,16,4,42,  26.3,  38.8,25.039288,121.612939,0,0,0,0,460,441,482,0
00A266660038,2018-04-16,18:35:54,  26.4,  61.9,360,815,925,574,100,16,4,42,6,26,7,16,4,43,  26.3,  38.8,25.039288,121.612939,0,0,0,0,456,441,482,0
00A266660038,2018-04-16,18:36:55,  26.5,  62.0,368,795,917,577,100,16,4,43,78,162,550,16,4,43,  26.4,  38.7,25.039288,121.612939,0,0,0,0,456,432,482,0
00A266660038,2018-04-16,18:37:55,  26.5,  62.0,371,818,960,570,100,16,4,43,6,28,22,16,4,43,  26.4,  38.6,25.039288,121.612939,0,0,0,0,458,441,483,0
00A266660038,2018-04-16,18:38:55,  26.5,  62.0,366,842,967,582,100,16,3,43,8,19,14,16,4,43,  26.5,  38.5,25.039288,121.612939,0,0,0,0,458,440,482,0
00A266660038,2018-04-16,18:39:56,  26.5,  62.0,376,810,934,565,100,16,4,43,10,20,14,16,4,43,  26.5,  38.4,25.039288,121.612939,0,0,0,0,457,440,481,0
00A266660038,2018-04-16,18:40:56,  26.5,  62.0,368,822,944,571,100,16,4,43,6,34,22,16,4,43,  26.5,  38.3,25.039288,121.612939,0,0,0,0,456,432,483,0
00A266660038,2018-04-16,18:41:57,  26.5,  62.0,365,795,895,569,100,16,4,43,10,24,25,16,4,42,  26.6,  38.2,25.039288,121.612939,0,0,0,0,457,441,483,0
00A266660038,2018-04-16,18:42:57,  26.6,  62.1,366,772,884,555,100,16,4,42,6,30,27,16,4,43,  26.5,  38.2,25.039288,121.612939,0,0,0,0,458,440,482,0
00A266660038,2018-04-16,18:43:58,  26.6,  62.1,361,754,868,553,100,16,4,43,8,27,26,16,3,43,  26.6,  38.2,25.039288,121.612939,0,0,0,0,458,441,482,0
00A266660038,2018-04-16,18:44:58,  26.6,  62.1,361,778,904,577,100,16,4,43,6,26,27,16,4,42,  26.6,  38.1,25.039288,121.612939,0,0,0,0,460,443,483,0
00A266660038,2018-04-16,18:45:59,  26.6,  62.1,363,796,908,554,100,16,3,42,2,21,23,16,4,43,  26.6,  37.8,25.039288,121.612939,0,0,0,0,456,441,483,0
00A266660038,2018-04-16,18:46:59,  26.6,  62.1,370,817,897,556,100,16,4,42,8,34,21,16,4,43,  26.7,  37.7,25.039288,121.612939,0,0,0,0,458,442,481,0
00A266660038,2018-04-16,18:48:00,  26.6,  62.1,369,851,972,569,100,16,4,43,36608,720,64016,16,4,43,  26.7,  37.8,25.039288,121.612939,0,0,0,0,456,442,483,0
00A266660038,2018-04-16,18:49:00,  26.7,  62.1,368,846,990,560,100,16,4,43,8,40,22,16,4,43,  26.8,  37.7,25.039288,121.612939,0,0,0,0,458,441,483,0
00A266660038,2018-04-16,18:50:01,  26.7,  62.2,370,816,931,566,100,16,4,43,6,40,34,16,4,43,  26.8,  37.7,25.039288,121.612939,0,0,0,0,457,441,481,0
00A266660038,2018-04-16,18:51:01,  26.7,  62.2,380,798,905,567,100,16,4,42,4,25,34,16,3,42,  26.8,  37.5,25.039288,121.612939,0,0,0,0,456,442,481,0
00A266660038,2018-04-16,18:52:01,  26.7,  62.2,384,749,834,563,100,16,4,42,6,26,42,16,4,42,  26.8,  37.4,25.039288,121.612939,0,0,0,0,456,441,482,0
00A266660038,2018-04-16,18:53:02,  26.7,  62.2,365,679,764,568,100,16,4,42,6,20,44,16,4,42,  26.8,  37.2,25.039288,121.612939,0,0,0,0,460,443,482,0
00A266660038,2018-04-16,18:54:02,  26.7,  62.2,360,620,682,566,100,16,4,43,16,28,32,16,4,43,  26.9,  37.2,25.039288,121.612939,0,0,0,0,456,441,483,0
00A266660038,2018-04-16,18:55:03,  26.7,  62.2,343,557,600,558,100,16,4,43,4,32,36,16,4,43,  26.9,  37.1,25.039288,121.612939,0,0,0,0,458,441,482,0
00A266660038,2018-04-16,18:56:03,  26.7,  62.2,320,486,509,537,100,16,4,43,4,26,37,16,4,42,  26.9,  37.0,25.039288,121.612939,0,0,0,0,459,443,480,0
00A266660038,2018-04-16,18:57:04,  26.7,  62.2,283,423,449,537,100,16,4,42,8,30,38,16,4,42,  26.9,  36.1,25.039288,121.612939,0,0,0,0,458,441,482,0
00A266660038,2018-04-16,18:58:04,  26.7,  62.2,279,395,428,532,100,16,4,42,6,34,40,16,4,42,  26.9,  36.4,25.039288,121.612939,0,0,0,0,458,443,481,0
00A266660038,2018-04-16,18:59:05,  26.7,  62.2,263,375,393,513,100,16,4,43,4,22,50,16,4,43,  26.9,  36.3,25.039288,121.612939,0,0,0,0,456,442,482,0
00A266660038,2018-04-16,19:00:05,  26.7,  62.2,240,325,337,528,100,16,3,43,8,18,39,16,3,42,  27.0,  36.4,25.039288,121.612939,0,0,0,0,456,444,481,0
00A266660038,2018-04-16,19:01:06,  26.8,  62.2,210,286,300,542,100,16,4,42,8,25,35,16,3,43,  27.0,  36.3,25.039288,121.612939,0,0,0,0,459,443,482,0
00A266660038,2018-04-16,19:02:06,  26.8,  62.2,196,256,264,532,100,16,4,42,2,28,45,16,4,43,  27.0,  36.2,25.039288,121.612939,0,0,0,0,458,432,480,0
00A266660038,2018-04-16,19:03:07,  26.8,  62.2,170,224,232,531,100,16,4,43,4,30,47,16,4,42,  27.0,  36.1,25.039288,121.612939,0,0,0,0,455,434,481,0
00A266660038,2018-04-16,19:04:07,  26.8,  62.2,141,183,191,544,100,16,3,42,4,31,47,16,4,43,  27.0,  35.3,25.039288,121.612939,0,0,0,0,458,442,481,0
00A266660038,2018-04-16,19:05:07,  26.8,  62.3,127,164,170,520,100,16,4,43,2,28,40,16,4,43,  27.1,  35.5,25.039288,121.612939,0,0,0,0,456,444,481,0
00A266660038,2018-04-16,19:06:08,  26.8,  62.3,116,151,159,506,100,16,4,42,8,34,48,16,4,42,  27.1,  35.6,25.039288,121.612939,0,0,0,0,458,442,482,0
00A266660038,2018-04-16,19:07:08,  26.8,  62.3,97,124,131,508,100,16,3,43,6,27,54,16,4,43,  27.1,  35.6,25.039288,121.612939,0,0,0,0,460,443,481,0
00A266660038,2018-04-16,19:08:09,  26.8,  62.3,89,113,115,520,100,16,4,42,8,28,37,16,4,43,  27.1,  35.4,25.039288,121.612939,0,0,0,0,459,444,482,0
00A266660038,2018-04-16,19:09:09,  26.8,  62.3,78,98,100,513,100,16,4,43,10,22,39,16,4,42,  27.1,  35.3,25.039288,121.612939,0,0,0,0,460,442,482,0
00A266660038,2018-04-16,19:10:10,  26.8,  62.3,67,86,91,511,100,16,4,43,2,18,44,16,4,43,  27.2,  35.2,25.039288,121.612939,0,0,0,0,461,442,481,0
00A266660038,2018-04-16,19:11:10,  26.9,  62.3,57,73,83,514,100,16,3,42,7,35,51,15,4,43,  27.2,  35.1,25.039288,121.612939,0,0,0,0,459,444,482,0
00A266660038,2018-04-16,19:12:11,  26.9,  62.3,52,63,79,508,100,16,4,42,8,22,46,16,4,42,  27.2,  35.0,25.039288,121.612939,0,0,0,0,459,443,482,0
00A266660038,2018-04-16,19:13:11,  26.9,  62.3,46,59,73,503,100,16,4,42,12,38,51,16,4,43,  27.2,  35.0,25.039288,121.612939,0,0,0,0,459,441,481,0
00A266660038,2018-04-16,19:14:12,  26.9,  62.3,40,55,69,515,100,16,4,43,2,24,50,16,4,43,  27.2,  34.8,25.039288,121.612939,0,0,0,0,456,443,481,0
00A266660038,2018-04-16,19:15:12,  26.9,  62.3,37,51,62,506,100,16,4,43,4,34,32,16,4,43,  27.2,  34.7,25.039288,121.612939,0,0,0,0,461,445,480,0
00A266660038,2018-04-16,19:16:13,  26.9,  62.3,33,46,54,513,100,16,4,42,4,22,51,16,4,43,  27.3,  34.7,25.039288,121.612939,0,0,0,0,458,443,481,0
00A266660038,2018-04-16,19:17:13,  26.9,  62.3,32,44,52,502,100,16,4,42,4,32,45,16,4,43,  27.3,  34.5,25.039288,121.612939,0,0,0,0,456,443,482,0
00A266660038,2018-04-16,19:18:13,  26.9,  62.3,31,40,46,516,100,16,4,43,6,36,39,16,4,42,  27.3,  34.6,25.039288,121.612939,0,0,0,0,458,441,480,0
00A266660038,2018-04-16,19:19:14,  26.9,  62.3,27,38,43,518,100,16,3,43,0,37,45,16,4,42,  27.3,  34.4,25.039288,121.612939,0,0,0,0,456,443,481,0
00A266660038,2018-04-16,19:20:14,  26.9,  62.3,25,34,34,523,100,16,4,43,4,26,37,16,4,42,  27.3,  34.4,25.039288,121.612939,0,0,0,0,456,441,480,0
00A266660038,2018-04-16,19:21:15,  26.9,  62.4,22,29,29,529,100,16,4,42,8,22,44,16,4,42,  27.3,  34.3,25.039288,121.612939,0,0,0,0,456,443,479,0
00A266660038,2018-04-16,19:22:15,  26.9,  62.3,18,25,25,534,100,16,4,42,2,32,42,16,4,42,  27.3,  34.1,25.039288,121.612939,0,0,0,0,458,442,481,0
00A266660038,2018-04-16,19:23:16,  27.0,  62.3,18,21,21,526,100,16,4,42,6,26,47,16,4,43,  27.3,  34.1,25.039288,121.612939,0,0,0,0,457,444,481,0
00A266660038,2018-04-16,19:24:16,  26.9,  62.3,17,23,23,510,100,16,3,43,8,31,48,16,4,43,  27.3,  34.0,25.039288,121.612939,0,0,0,0,455,443,482,0
00A266660038,2018-04-16,19:25:17,  27.0,  62.3,16,19,20,531,100,16,4,43,6,16,37,16,4,42,  27.4,  33.8,25.039288,121.612939,0,0,0,0,457,434,481,0
00A266660038,2018-04-16,19:26:17,  27.0,  62.3,15,19,19,506,100,16,4,42,8,18,42,16,4,42,  27.4,  33.8,25.039288,121.612939,0,0,0,0,460,442,480,0
00A266660038,2018-04-16,19:27:18,  27.0,  62.3,12,16,16,508,100,16,4,42,20090,706,64017,16,4,43,  27.4,  33.7,25.039288,121.612939,0,0,0,0,458,442,481,0
00A266660038,2018-04-16,19:28:18,  27.0,  62.4,12,17,17,505,100,15,3,42,7,20,38,16,3,42,  27.4,  33.7,25.039288,121.612939,0,0,0,0,456,433,478,0
00A266660038,2018-04-16,19:29:19,  27.0,  62.3,10,16,17,512,100,16,4,42,12,28,44,16,4,42,  27.4,  33.6,25.039288,121.612939,0,0,0,0,459,442,482,0
00A266660038,2018-04-16,19:30:19,  27.0,  62.3,10,16,16,522,100,16,4,43,4,23,33,16,3,42,  27.4,  33.7,25.039288,121.612939,0,0,0,0,459,443,482,0
00A266660038,2018-04-16,19:31:19,  27.0,  62.4,9,13,15,505,100,16,4,42,4,27,38,16,3,42,  27.4,  33.6,25.039288,121.612939,0,0,0,0,459,442,482,0
00A266660038,2018-04-16,19:32:20,  27.0,  62.3,8,11,11,518,100,16,4,43,10,24,54,16,4,43,  27.5,  33.6,25.039288,121.612939,0,0,0,0,457,442,481,0
00A266660038,2018-04-16,19:33:20,  27.0,  62.3,9,12,12,492,100,16,3,42,10,19,40,16,4,42,  27.5,  33.4,25.039288,121.612939,0,0,0,0,456,443,478,0
00A266660038,2018-04-16,19:34:21,  27.0,  62.3,6,10,10,525,100,16,3,43,0,25,43,16,4,42,  27.5,  33.4,25.039288,121.612939,0,0,0,0,456,445,480,0
00A266660038,2018-04-16,19:35:21,  27.0,  62.3,6,10,10,512,100,16,4,42,6,26,48,16,4,42,  27.5,  33.3,25.039288,121.612939,0,0,0,0,455,443,480,0
00A266660038,2018-04-16,19:36:22,  27.0,  62.3,6,9,11,520,100,16,4,42,6,26,42,16,4,42,  27.5,  33.3,25.039288,121.612939,0,0,0,0,457,443,480,0
00A266660038,2018-04-16,19:37:22,  27.0,  62.3,8,11,12,501,100,16,4,42,6,28,35,16,4,43,  27.5,  33.2,25.039288,121.612939,0,0,0,0,457,443,480,0
00A266660038,2018-04-16,19:38:23,  27.1,  62.4,6,8,9,524,100,16,4,42,8,20,35,16,4,43,  27.5,  33.2,25.039288,121.612939,0,0,0,0,456,443,481,0
00A266660038,2018-04-16,19:39:23,  27.0,  62.3,4,8,8,519,100,16,4,42,2,21,40,16,3,42,  27.5,  33.1,25.039288,121.612939,0,0,0,0,456,443,481,0
00A266660038,2018-04-16,19:40:24,  27.0,  62.3,5,9,11,522,100,16,4,42,6,28,34,16,4,42,  27.5,  33.2,25.039288,121.612939,0,0,0,0,458,443,480,0
00A266660038,2018-04-16,19:41:24,  27.1,  62.3,5,8,9,507,100,16,3,42,0,29,37,16,4,43,  27.5,  33.2,25.039288,121.612939,0,0,0,0,459,432,478,0
00A266660038,2018-04-16,19:42:25,  27.0,  62.3,5,8,8,515,100,16,4,42,8,21,38,16,3,42,  27.5,  33.0,25.039288,121.612939,0,0,0,0,459,444,480,0
00A266660038,2018-04-16,19:43:25,  27.1,  62.3,5,9,10,520,100,17,3,42,13,31,38,16,4,42,  27.5,  32.9,25.039288,121.612939,0,0,0,0,456,442,480,0
00A266660038,2018-04-16,19:44:25,  27.0,  62.3,4,8,8,519,100,16,4,42,0,30,43,16,4,43,  27.5,  32.9,25.039288,121.612939,0,0,0,0,456,443,481,0
00A266660038,2018-04-16,19:45:26,  27.1,  62.3,4,6,6,510,100,16,4,42,0,24,34,16,4,42,  27.6,  32.9,25.039288,121.612939,0,0,0,0,459,442,479,0
00A266660038,2018-04-16,19:46:26,  27.1,  62.3,4,9,9,506,100,16,4,42,8,24,36,16,4,42,  27.5,  32.8,25.039288,121.612939,0,0,0,0,458,432,477,0
00A266660038,2018-04-16,19:47:27,  27.1,  62.3,4,8,8,510,100,16,3,42,10,23,40,16,4,42,  27.6,  32.8,25.039288,121.612939,0,0,0,0,458,442,481,0
00A266660038,2018-04-16,19:48:27,  27.1,  62.3,4,6,6,513,100,16,4,43,6,26,39,16,4,42,  27.6,  32.8,25.039288,121.612939,0,0,0,0,460,443,481,0
00A266660038,2018-04-16,19:49:28,  27.1,  62.3,3,6,6,521,100,16,3,42,4,23,38,16,4,42,  27.6,  32.6,25.039288,121.612939,0,0,0,0,459,442,479,0
00A266660038,2018-04-16,19:50:28,  27.1,  62.3,4,6,6,522,100,16,4,42,4,18,38,16,4,42,  27.6,  32.7,25.039288,121.612939,0,0,0,0,456,444,481,0
00A266660038,2018-04-16,19:51:29,  27.1,  62.3,4,6,8,504,100,16,4,42,8,26,44,16,4,42,  27.6,  32.7,25.039288,121.612939,0,0,0,0,458,433,478,0
00A266660038,2018-04-16,19:52:29,  27.1,  62.3,3,6,6,530,100,16,4,42,10,16,38,16,4,42,  27.6,  32.6,25.039288,121.612939,0,0,0,0,457,443,480,0
00A266660038,2018-04-16,19:53:30,  27.1,  62.3,3,5,6,525,100,16,4,42,6,13,22,16,3,42,  27.6,  32.7,25.039288,121.612939,0,0,0,0,458,443,481,0
00A266660038,2018-04-16,19:54:30,  27.1,  62.3,3,5,6,503,100,16,4,42,4,12,30,16,4,42,  27.6,  32.6,25.039288,121.612939,0,0,0,0,455,446,481,0
00A266660038,2018-04-16,19:55:31,  27.1,  62.3,4,8,8,509,100,16,4,42,4,30,26,16,4,42,  27.6,  32.7,25.039288,121.612939,0,0,0,0,454,445,477,0
00A266660038,2018-04-16,19:56:31,  27.1,  62.3,4,6,8,512,100,17,4,42,9,21,28,16,3,42,  27.6,  32.6,25.039288,121.612939,0,0,0,0,457,444,481,0
00A266660038,2018-04-16,19:57:31,  27.1,  62.3,3,5,5,507,100,16,4,42,10,22,26,16,4,42,  27.6,  32.4,25.039288,121.612939,0,0,0,0,459,443,480,0
00A266660038,2018-04-16,19:58:32,  27.1,  62.3,3,6,6,514,100,16,4,42,2,22,32,16,4,42,  27.6,  32.4,25.039288,121.612939,0,0,0,0,457,444,481,0
00A266660038,2018-04-16,19:59:32,  27.1,  62.3,3,6,6,518,100,16,4,42,11,6,28,15,4,42,  27.6,  32.4,25.039288,121.612939,0,0,0,0,455,443,478,0
00A266660038,2018-04-16,20:00:33,  27.1,  62.2,3,4,5,508,100,16,4,41,6,12,30,16,4,43,  27.6,  32.4,25.039288,121.612939,0,0,0,0,455,442,480,0
00A266660038,2018-04-16,20:01:33,  27.2,  62.2,3,5,6,520,100,16,4,42,2,28,24,16,4,42,  27.6,  32.4,25.039288,121.612939,0,0,0,0,458,442,478,0
00A266660038,2018-04-16,20:02:34,  27.2,  62.2,3,6,9,514,100,16,4,42,1180,704,63993,16,4,41,  27.6,  32.2,25.039288,121.612939,0,0,0,0,457,442,480,0
00A266660038,2018-04-16,20:03:34,  27.2,  62.2,3,6,6,501,100,16,3,42,0,20,30,16,3,42,  27.7,  32.3,25.039288,121.612939,0,0,0,0,457,444,482,0
00A266660038,2018-04-16,20:04:35,  27.2,  62.2,3,5,5,507,100,16,4,42,7,22,32,15,4,42,  27.7,  32.3,25.039288,121.612939,0,0,0,0,456,444,479,0
00A266660038,2018-04-16,20:05:35,  27.2,  62.2,3,6,8,506,100,16,4,42,6,22,27,16,4,43,  27.7,  32.2,25.039288,121.612939,0,0,0,0,459,443,480,0
00A266660038,2018-04-16,20:06:36,  27.2,  62.2,3,6,6,522,100,16,4,42,2,28,29,16,4,43,  27.7,  32.2,25.039288,121.612939,0,0,0,0,459,443,480,0
00A266660038,2018-04-16,20:07:36,  27.2,  62.2,3,5,6,501,100,17,4,42,7,22,20,16,4,42,  27.7,  32.2,25.039288,121.612939,0,0,0,0,457,433,478,0
00A266660038,2018-04-16,20:08:37,  27.2,  62.3,3,5,5,508,100,16,4,42,8,24,34,16,4,42,  27.7,  32.2,25.039288,121.612939,0,0,0,0,455,445,479,0
00A266660038,2018-04-16,20:09:37,  27.2,  62.2,4,6,6,523,100,16,4,43,8,24,33,16,4,42,  27.7,  32.2,25.039288,121.612939,0,0,0,0,455,444,480,0
00A266660038,2018-04-16,20:10:37,  27.2,  62.2,3,5,5,511,100,16,4,42,6,32,29,16,4,43,  27.7,  32.1,25.039288,121.612939,0,0,0,0,458,444,481,0
00A266660038,2018-04-16,20:11:38,  27.2,  62.2,3,5,5,485,100,16,4,42,12,14,22,16,4,42,  27.7,  32.1,25.039288,121.612939,0,0,0,0,455,443,478,0
00A266660038,2018-04-16,20:12:38,  27.2,  62.2,2,4,5,519,100,16,4,42,12,20,22,16,4,42,  27.7,  32.1,25.039288,121.612939,0,0,0,0,456,444,480,0
00A266660038,2018-04-16,20:13:39,  27.2,  62.2,3,6,8,502,100,16,4,42,2,14,32,16,4,42,  27.7,  32.0,25.039288,121.612939,0,0,0,0,455,445,480,0
00A266660038,2018-04-16,20:14:39,  27.2,  62.1,3,4,4,504,100,16,3,42,8,31,32,16,4,42,  27.7,  31.9,25.039288,121.612939,0,0,0,0,455,444,478,0
00A266660038,2018-04-16,20:15:40,  27.2,  62.1,3,6,8,508,100,16,3,42,4,24,26,16,3,42,  27.7,  31.9,25.039288,121.612939,0,0,0,0,456,444,477,0
00A266660038,2018-04-16,20:16:40,  27.2,  62.2,4,6,8,498,100,16,4,42,2,14,22,16,4,42,  27.7,  31.9,25.039288,121.612939,0,0,0,0,457,444,478,0
00A266660038,2018-04-16,20:17:41,  27.2,  62.1,4,6,8,511,100,16,4,42,10,22,26,16,4,42,  27.7,  31.9,25.039288,121.612939,0,0,0,0,458,433,480,0
00A266660038,2018-04-16,20:18:41,  27.2,  62.1,3,5,6,517,100,16,4,42,2,16,28,16,4,42,  27.7,  31.9,25.039288,121.612939,0,0,0,0,457,442,478,0
00A266660038,2018-04-16,20:19:42,  27.2,  62.1,2,5,5,503,100,16,4,42,13012,712,63999,16,4,43,  27.7,  31.9,25.039288,121.612939,0,0,0,0,459,444,480,0
00A266660038,2018-04-16,20:20:42,  27.2,  62.1,2,4,4,535,100,16,4,42,0,24,26,16,4,42,  27.7,  31.8,25.039288,121.612939,0,0,0,0,454,443,478,0
00A266660038,2018-04-16,20:21:43,  27.2,  62.1,3,5,5,499,100,16,4,42,10,14,22,16,4,42,  27.7,  31.8,25.039288,121.612939,0,0,0,0,456,444,478,0
00A266660038,2018-04-16,20:22:43,  27.2,  62.1,3,5,5,511,100,16,5,42,8,23,26,16,4,42,  27.7,  31.8,25.039288,121.612939,0,0,0,0,459,446,478,0
00A266660038,2018-04-16,20:23:43,  27.2,  62.1,4,6,6,505,100,16,4,42,6,16,28,16,4,42,  27.8,  31.8,25.039288,121.612939,0,0,0,0,455,434,477,0
00A266660038,2018-04-16,20:24:44,  27.2,  62.1,3,6,6,509,100,16,4,42,12,20,18,16,4,42,  27.7,  31.7,25.039288,121.612939,0,0,0,0,457,444,480,0
00A266660038,2018-04-16,20:25:44,  27.2,  62.1,3,5,5,503,100,16,4,42,6,12,22,16,4,42,  27.8,  31.6,25.039288,121.612939,0,0,0,0,455,443,479,0
00A266660038,2018-04-16,20:26:45,  27.2,  62.1,3,5,5,508,100,16,4,42,8,14,26,16,4,42,  27.7,  31.6,25.039288,121.612939,0,0,0,0,456,444,478,0
00A266660038,2018-04-16,20:27:45,  27.2,  62.1,2,4,5,494,100,16,4,42,2,20,18,16,4,42,  27.8,  31.6,25.039288,121.612939,0,0,0,0,455,433,477,0
00A266660038,2018-04-16,20:28:46,  27.3,  62.0,3,6,6,510,100,16,4,42,2,24,18,16,4,42,  27.8,  31.6,25.039288,121.612939,0,0,0,0,454,442,478,0
00A266660038,2018-04-16,20:29:46,  27.2,  62.0,3,6,6,489,100,16,4,42,2,16,18,16,4,42,  27.8,  31.7,25.039288,121.612939,0,0,0,0,455,442,478,0
00A266660038,2018-04-16,20:30:47,  27.2,  62.1,3,6,6,510,100,16,4,43,24798,709,63986,16,3,43,  27.8,  31.6,25.039288,121.612939,0,0,0,0,457,435,480,0
00A266660038,2018-04-16,20:31:47,  27.2,  62.0,3,6,6,531,100,16,4,42,8,20,24,16,4,42,  27.8,  31.7,25.039288,121.612939,0,0,0,0,454,445,478,0
00A266660038,2018-04-16,20:32:48,  27.2,  62.0,3,5,6,521,100,16,4,42,6,22,16,16,4,42,  27.8,  31.6,25.039288,121.612939,0,0,0,0,457,443,479,0
00A266660038,2018-04-16,20:33:48,  27.3,  62.0,4,5,6,507,100,16,4,42,4,22,16,16,4,42,  27.8,  31.5,25.039288,121.612939,0,0,0,0,455,445,477,0
00A266660038,2018-04-16,20:34:48,  27.3,  62.0,3,5,5,497,100,16,4,42,2,17,20,16,3,42,  27.8,  31.5,25.039288,121.612939,0,0,0,0,455,446,477,0
00A266660038,2018-04-16,20:35:49,  27.2,  62.0,3,6,6,506,100,16,4,42,8,15,18,16,3,42,  27.8,  31.6,25.039288,121.612939,0,0,0,0,456,443,476,0
00A266660038,2018-04-16,20:36:49,  27.3,  62.0,4,8,8,507,100,16,4,42,10,16,18,16,4,42,  27.8,  31.5,25.039288,121.612939,0,0,0,0,456,445,479,0
00A266660038,2018-04-16,20:37:50,  27.3,  62.0,3,5,6,506,100,16,4,42,8,22,20,16,4,42,  27.8,  31.5,25.039288,121.612939,0,0,0,0,456,444,478,0
00A266660038,2018-04-16,20:38:50,  27.3,  62.0,3,6,6,499,100,16,4,42,6,14,8,16,4,42,  27.8,  31.4,25.039288,121.612939,0,0,0,0,456,443,478,0
00A266660038,2018-04-16,20:39:51,  27.3,  62.0,3,6,6,502,100,16,4,42,12,26,16,16,4,42,  27.8,  31.4,25.039288,121.612939,0,0,0,0,454,443,478,0
00A266660038,2018-04-16,20:40:51,  27.3,  61.9,4,6,6,507,100,16,4,42,2,24,26,16,4,42,  27.8,  31.4,25.039288,121.612939,0,0,0,0,454,445,478,0
00A266660038,2018-04-16,20:41:52,  27.3,  61.9,3,5,5,498,100,16,4,42,4,16,20,16,4,42,  27.8,  31.4,25.039288,121.612939,0,0,0,0,456,444,478,0
00A266660038,2018-04-16,20:42:52,  27.3,  61.9,3,6,9,506,100,16,3,42,14,27,27,16,4,43,  27.8,  31.4,25.039288,121.612939,0,0,0,0,454,444,479,0
00A266660038,2018-04-16,20:43:53,  27.3,  61.9,4,6,8,502,100,16,3,42,2,27,20,16,4,42,  27.8,  31.3,25.039288,121.612939,0,0,0,0,455,444,480,0
00A266660038,2018-04-16,20:44:53,  27.3,  61.9,3,6,6,515,100,16,3,42,8,13,10,16,4,42,  27.8,  31.4,25.039288,121.612939,0,0,0,0,455,443,478,0
00A266660038,2018-04-16,20:45:54,  27.3,  61.9,4,5,5,508,100,16,4,42,0,18,18,16,4,42,  27.8,  31.3,25.039288,121.612939,0,0,0,0,458,445,479,0
00A266660038,2018-04-16,20:46:54,  27.3,  61.9,4,6,6,503,100,16,4,42,8,22,28,16,4,42,  27.8,  31.3,25.039288,121.612939,0,0,0,0,455,444,479,0
00A266660038,2018-04-16,20:47:54,  27.3,  61.9,3,6,6,503,100,16,4,42,2,30,16,16,4,42,  27.9,  31.3,25.039288,121.612939,0,0,0,0,455,445,477,0
00A266660038,2018-04-16,20:48:55,  27.3,  61.9,3,6,6,501,100,16,3,42,9,17,12,15,4,42,  27.8,  31.3,25.039288,121.612939,0,0,0,0,457,444,477,0
00A266660038,2018-04-16,20:49:55,  27.3,  61.9,3,5,5,495,100,16,4,42,37602,714,63990,16,4,42,  27.8,  31.3,25.039288,121.612939,0,0,0,0,455,443,478,0
00A266660038,2018-04-16,20:50:56,  27.3,  61.9,3,8,8,504,100,16,4,42,82382,1388,127950,16,4,42,  27.8,  31.3,25.039288,121.612939,0,0,0,0,457,434,476,0
00A266660038,2018-04-16,20:51:56,  27.3,  61.9,3,5,5,494,100,16,4,42,10,18,18,16,4,42,  27.8,  31.2,25.039288,121.612939,0,0,0,0,454,445,477,0
00A266660038,2018-04-16,20:52:57,  27.3,  61.9,2,5,5,512,100,16,4,42,6,18,16,16,4,42,  27.9,  31.2,25.039288,121.612939,0,0,0,0,454,444,476,0
00A266660038,2018-04-16,20:53:57,  27.3,  61.9,3,4,5,510,100,16,4,42,10,16,12,16,4,42,  27.8,  31.2,25.039288,121.612939,0,0,0,0,457,433,476,0
00A266660038,2018-04-16,20:54:58,  27.3,  61.9,3,6,6,511,100,16,3,42,3,19,22,15,4,42,  27.9,  31.2,25.039288,121.612939,0,0,0,0,457,443,476,0
00A266660038,2018-04-16,20:55:58,  27.3,  61.9,3,6,6,499,100,16,4,42,6,13,18,16,3,42,  27.9,  31.2,25.039288,121.612939,0,0,0,0,456,442,475,0
00A266660038,2018-04-16,20:56:59,  27.3,  61.9,3,5,6,508,100,16,4,42,0,20,20,16,4,42,  27.9,  31.2,25.039288,121.612939,0,0,0,0,454,444,476,0
00A266660038,2018-04-16,20:57:59,  27.3,  61.8,3,6,6,514,100,16,4,42,2,12,18,16,4,42,  27.9,  31.1,25.039288,121.612939,0,0,0,0,454,435,477,0
00A266660038,2018-04-16,20:58:59,  27.3,  61.8,3,5,5,516,100,16,4,42,4,14,12,16,4,42,  27.9,  31.1,25.039288,121.612939,0,0,0,0,455,445,477,0
00A266660038,2018-04-16,21:00:00,  27.3,  61.8,3,6,8,502,100,16,4,42,6,16,6,16,4,42,  27.9,  31.2,25.039288,121.612939,0,0,0,0,455,443,476,0
00A266660038,2018-04-16,21:01:00,  27.3,  61.8,4,5,6,502,100,16,5,42,2,11,16,16,4,42,  27.9,  31.1,25.039288,121.612939,0,0,0,0,456,435,475,0
00A266660038,2018-04-16,21:02:01,  27.3,  61.8,3,5,5,511,100,16,4,42,10,18,16,16,4,42,  27.9,  31.1,25.039288,121.612939,0,0,0,0,454,444,476,0
00A266660038,2018-04-16,21:03:01,  27.4,  61.8,3,5,5,522,100,16,4,42,4,22,22,16,4,42,  27.9,  31.1,25.039288,121.612939,0,0,0,0,457,445,475,0
00A266660038,2018-04-16,21:04:02,  27.4,  61.8,4,6,8,496,100,16,4,42,8,30,6,16,4,42,  27.8,  31.1,25.039288,121.612939,0,0,0,0,454,447,479,0
00A266660038,2018-04-16,21:05:02,  27.3,  61.8,3,5,6,499,100,16,4,42,4,20,17,16,4,41,  27.9,  31.1,25.039288,121.612939,0,0,0,0,456,444,477,0
00A266660038,2018-04-16,21:06:03,  27.3,  61.7,2,5,8,502,100,16,4,42,6,10,20,16,4,42,  27.9,  31.0,25.039288,121.612939,0,0,0,0,454,444,476,0
00A266660038,2018-04-16,21:07:03,  27.3,  61.7,4,6,6,502,100,16,4,42,6,14,12,16,4,42,  27.9,  31.1,25.039288,121.612939,0,0,0,0,453,442,475,0
00A266660038,2018-04-16,21:08:04,  27.3,  61.8,3,5,6,517,100,16,4,42,4,26,8,16,4,42,  27.9,  31.1,25.039288,121.612939,0,0,0,0,454,443,477,0
00A266660038,2018-04-16,21:09:04,  27.3,  61.7,4,6,6,491,100,16,4,43,14,14,9,16,4,42,  27.9,  31.1,25.039288,121.612939,0,0,0,0,453,445,476,0
00A266660038,2018-04-16,21:10:05,  27.4,  61.7,3,5,5,523,100,16,3,42,6,17,17,16,4,41,  27.9,  31.1,25.039288,121.612939,0,0,0,0,454,445,477,0
00A266660038,2018-04-16,21:11:05,  27.4,  61.7,4,6,6,501,100,16,4,42,16884,1390,127954,16,4,42,  27.9,  31.0,25.039288,121.612939,0,0,0,0,456,444,476,0
00A266660038,2018-04-16,21:12:05,  27.4,  61.7,3,6,6,506,100,16,4,42,4,16,12,16,4,42,  27.9,  31.0,25.039288,121.612939,0,0,0,0,456,445,477,0
00A266660038,2018-04-16,21:13:06,  27.4,  61.7,3,6,6,505,100,16,4,42,8,14,12,16,4,42,  27.9,  31.1,25.039288,121.612939,0,0,0,0,455,446,477,0
00A266660038,2018-04-16,21:14:06,  27.4,  61.7,2,5,5,497,100,16,4,42,4,20,14,16,4,42,  27.9,  31.1,25.039288,121.612939,0,0,0,0,457,446,477,0
00A266660038,2018-04-16,21:15:07,  27.3,  61.7,4,6,8,513,100,16,4,42,8,20,18,16,4,42,  27.9,  31.0,25.039288,121.612939,0,0,0,0,454,445,476,0
00A266660038,2018-04-16,21:16:07,  27.4,  61.7,3,6,9,492,100,16,4,42,10,18,6,16,4,42,  27.9,  31.1,25.039288,121.612939,0,0,0,0,454,445,476,0
00A266660038,2018-04-16,21:17:08,  27.4,  61.7,3,6,6,511,100,16,4,42,2,24,14,16,4,42,  27.9,  31.1,25.039288,121.612939,0,0,0,0,453,435,476,0
00A266660038,2018-04-16,21:18:08,  27.4,  61.7,3,6,8,498,100,16,3,42,2,11,10,16,4,42,  27.9,  31.1,25.039288,121.612939,0,0,0,0,455,443,476,0
00A266660038,2018-04-16,21:19:09,  27.4,  61.6,4,6,8,507,100,16,4,43,12,8,17,16,4,42,  27.9,  31.0,25.039288,121.612939,0,0,0,0,454,445,476,0
00A266660038,2018-04-16,21:20:09,  27.4,  61.6,4,8,8,500,100,16,4,42,8,18,16,16,4,42,  27.9,  31.1,25.039288,121.612939,0,0,0,0,458,446,477,0
00A266660038,2018-04-16,21:21:10,  27.4,  61.6,3,6,6,502,100,16,4,42,4,20,10,16,4,42,  27.9,  31.0,25.039288,121.612939,0,0,0,0,456,445,476,0
00A266660038,2018-04-16,21:22:10,  27.4,  61.6,2,5,5,509,100,16,4,42,6,16,10,16,4,42,  27.9,  31.0,25.039288,121.612939,0,0,0,0,455,445,476,0
00A266660038,2018-04-16,21:23:10,  27.4,  61.6,3,5,5,509,100,16,4,42,8,24,16,16,4,42,  27.9,  30.9,25.039288,121.612939,0,0,0,0,454,444,475,0
00A266660038,2018-04-16,21:24:11,  27.4,  61.6,3,8,8,505,100,16,4,42,2,8,12,16,4,42,  27.9,  31.0,25.039288,121.612939,0,0,0,0,453,444,476,0
00A266660038,2018-04-16,21:25:11,  27.4,  61.6,3,6,6,506,100,16,4,42,2,24,22,16,4,42,  27.9,  31.0,25.039288,121.612939,0,0,0,0,456,446,476,0
00A266660038,2018-04-16,21:26:12,  27.4,  61.6,3,6,6,509,100,15,4,42,3,14,14,16,4,42,  27.9,  30.9,25.039288,121.612939,0,0,0,0,456,445,475,0
00A266660038,2018-04-16,21:27:12,  27.4,  61.6,3,8,8,503,100,16,3,42,8,21,10,16,4,42,  27.9,  31.0,25.039288,121.612939,0,0,0,0,454,444,477,0
00A266660038,2018-04-16,21:28:13,  27.4,  61.6,3,5,5,500,100,16,4,42,8,19,16,16,3,42,  27.9,  31.0,25.039288,121.612939,0,0,0,0,454,435,476,0
00A266660038,2018-04-16,21:29:13,  27.4,  61.6,4,6,8,498,100,16,4,42,8,14,17,16,4,43,  27.9,  30.9,25.039288,121.612939,0,0,0,0,454,434,474,0
00A266660038,2018-04-16,21:30:14,  27.4,  61.5,3,6,6,506,100,16,4,42,2,12,14,16,4,42,  27.9,  31.0,25.039288,121.612939,0,0,0,0,454,443,475,0
00A266660038,2018-04-16,21:31:14,  27.4,  61.5,4,6,8,508,100,16,4,42,80,154,536,16,4,42,  27.9,  31.0,25.039288,121.612939,0,0,0,0,453,446,476,0
00A266660038,2018-04-16,21:32:15,  27.4,  61.5,3,5,6,518,100,16,4,42,10,22,12,16,4,42,  27.9,  31.0,25.039288,121.612939,0,0,0,0,455,445,475,0
00A266660038,2018-04-16,21:33:15,  27.4,  61.5,3,5,6,515,100,16,4,42,8,32,16,16,4,42,  27.9,  30.9,25.039288,121.612939,0,0,0,0,455,447,477,0
00A266660038,2018-04-16,21:34:15,  27.4,  61.5,3,5,5,514,100,16,4,41,26738,702,63979,16,4,42,  27.9,  30.9,25.039288,121.612939,0,0,0,0,454,447,476,0
00A266660038,2018-04-16,21:35:16,  27.4,  61.5,4,6,6,526,100,16,4,42,4,14,16,16,4,42,  27.9,  30.9,25.039288,121.612939,0,0,0,0,456,434,476,0
00A266660038,2018-04-16,21:36:16,  27.4,  61.5,3,5,6,503,100,16,4,42,6,26,16,16,4,42,  27.9,  30.9,25.039288,121.612939,0,0,0,0,457,443,476,0
00A266660038,2018-04-16,21:37:17,  27.4,  61.5,3,6,8,507,100,16,4,42,8,24,2,16,4,42,  27.9,  30.9,25.039288,121.612939,0,0,0,0,454,446,478,0
00A266660038,2018-04-16,21:38:17,  27.4,  61.5,3,5,5,493,100,16,4,43,6,12,13,16,4,42,  28.0,  30.9,25.039288,121.612939,0,0,0,0,454,445,475,0
00A266660038,2018-04-16,21:39:18,  27.4,  61.5,4,6,6,492,100,16,4,42,8,8,8,16,4,42,  27.9,  30.9,25.039288,121.612939,0,0,0,0,454,444,475,0
00A266660038,2018-04-16,21:40:18,  27.4,  61.4,4,6,8,504,100,16,4,42,10,22,14,16,4,42,  27.9,  30.8,25.039288,121.612939,0,0,0,0,454,436,475,0
00A266660038,2018-04-16,21:41:19,  27.4,  61.5,3,6,8,513,100,16,4,42,2,14,10,16,4,42,  28.0,  30.8,25.039288,121.612939,0,0,0,0,456,447,476,0
00A266660038,2018-04-16,21:42:19,  27.4,  61.4,4,7,9,494,100,16,4,42,4,12,16,16,4,42,  28.0,  30.8,25.039288,121.612939,0,0,0,0,455,445,475,0
00A266660038,2018-04-16,21:43:20,  27.4,  61.4,3,6,6,508,100,16,4,42,4,18,8,16,4,42,  27.9,  30.8,25.039288,121.612939,0,0,0,0,454,447,478,0
00A266660038,2018-04-16,21:44:20,  27.4,  61.4,3,5,5,524,100,16,3,42,6,23,20,16,4,42,  28.0,  30.8,25.039288,121.612939,0,0,0,0,455,445,477,0
00A266660038,2018-04-16,21:45:21,  27.4,  61.4,3,6,6,500,100,16,3,41,10,19,19,16,4,42,  28.0,  30.8,25.039288,121.612939,0,0,0,0,454,445,473,0
00A266660038,2018-04-16,21:46:21,  27.4,  61.4,3,5,8,479,100,16,4,42,9,14,11,15,4,41,  28.0,  30.8,25.039288,121.612939,0,0,0,0,455,444,476,0
00A266660038,2018-04-16,21:47:21,  27.4,  61.4,4,8,8,509,100,16,4,42,16,22,16,16,4,42,  27.9,  30.8,25.039288,121.612939,0,0,0,0,456,447,476,0
00A266660038,2018-04-16,21:48:22,  27.5,  61.4,3,5,5,479,100,16,4,42,6,16,11,16,4,41,  28.0,  30.8,25.039288,121.612939,0,0,0,0,455,444,475,0
00A266660038,2018-04-16,21:49:22,  27.4,  61.4,3,6,8,511,100,16,4,42,4,22,8,16,4,42,  27.9,  30.7,25.039288,121.612939,0,0,0,0,457,446,477,0
00A266660038,2018-04-16,21:50:23,  27.4,  61.4,2,5,5,508,100,16,4,42,8,8,16,16,4,42,  28.0,  30.8,25.039288,121.612939,0,0,0,0,455,447,476,0
00A266660038,2018-04-16,21:51:23,  27.4,  61.3,2,5,5,501,100,16,4,42,2,18,12,16,4,42,  28.0,  30.6,25.039288,121.612939,0,0,0,0,454,447,476,0
00A266660038,2018-04-16,21:52:24,  27.4,  61.3,4,6,8,497,100,16,4,42,14,16,14,16,4,42,  28.0,  30.7,25.039288,121.612939,0,0,0,0,454,445,475,0
00A266660038,2018-04-16,21:53:24,  27.5,  61.3,3,5,5,487,100,16,3,42,8,13,14,16,4,42,  28.0,  30.6,25.039288,121.612939,0,0,0,0,453,435,474,0
00A266660038,2018-04-16,21:54:25,  27.4,  61.3,3,5,5,489,100,16,4,42,10,18,12,16,4,42,  28.0,  30.6,25.039288,121.612939,0,0,0,0,454,446,476,0
00A266660038,2018-04-16,21:55:25,  27.4,  61.3,3,6,6,500,100,16,5,42,6,13,18,16,4,42,  28.0,  30.7,25.039288,121.612939,0,0,0,0,453,444,475,0
00A266660038,2018-04-16,21:56:26,  27.4,  61.3,3,6,7,514,100,15,4,42,11,16,12,16,4,42,  28.0,  30.7,25.039288,121.612939,0,0,0,0,455,447,474,0
00A266660038,2018-04-16,21:57:26,  27.5,  61.3,3,6,6,512,100,16,4,42,2,20,14,16,4,42,  28.0,  30.7,25.039288,121.612939,0,0,0,0,453,447,475,0
00A266660038,2018-04-16,21:58:26,  27.5,  61.3,4,8,8,501,100,15,4,42,5,12,10,16,4,42,  28.0,  30.6,25.039288,121.612939,0,0,0,0,454,445,477,0
00A266660038,2018-04-16,21:59:27,  27.4,  61.3,4,6,6,505,100,16,4,42,8,8,9,16,4,41,  28.0,  30.6,25.039288,121.612939,0,0,0,0,455,445,475,0
00A266660038,2018-04-16,22:00:27,  27.5,  61.3,4,6,8,507,100,16,4,41,2,12,19,16,4,42,  28.0,  30.6,25.039288,121.612939,0,0,0,0,455,435,476,0
00A266660038,2018-04-16,22:01:28,  27.4,  61.3,4,6,6,498,100,16,4,42,8,18,16,16,4,42,  28.0,  30.6,25.039288,121.612939,0,0,0,0,452,445,475,0
00A266660038,2018-04-16,22:02:28,  27.5,  61.3,4,8,8,517,100,16,4,41,6,4,21,16,4,42,  28.0,  30.6,25.039288,121.612939,0,0,0,0,457,446,475,0
00A266660038,2018-04-16,22:03:29,  27.5,  61.2,3,5,5,512,100,16,3,42,6,15,12,16,4,42,  28.0,  30.6,25.039288,121.612939,0,0,0,0,453,446,474,0
00A266660038,2018-04-16,22:04:29,  27.5,  61.2,3,8,8,505,100,16,4,41,4,16,11,16,4,42,  28.0,  30.6,25.039288,121.612939,0,0,0,0,453,446,474,0
00A266660038,2018-04-16,22:05:30,  27.5,  61.2,3,5,6,499,100,16,4,42,4,20,18,16,4,42,  28.0,  30.6,25.039288,121.612939,0,0,0,0,453,443,475,0
00A266660038,2018-04-16,22:06:30,  27.5,  61.2,3,4,4,519,100,16,4,42,6,10,10,16,4,42,  28.0,  30.7,25.039288,121.612939,0,0,0,0,452,445,475,0
00A266660038,2018-04-16,22:07:31,  27.5,  61.2,3,6,6,513,100,16,4,42,0,24,20,16,4,42,  28.0,  30.6,25.039288,121.612939,0,0,0,0,453,446,475,0
00A266660038,2018-04-16,22:08:31,  27.5,  61.2,3,6,6,508,100,16,4,42,8,12,10,16,4,42,  28.0,  30.6,25.039288,121.612939,0,0,0,0,453,444,475,0
00A266660038,2018-04-16,22:09:31,  27.5,  61.2,3,5,5,523,100,16,3,42,2,21,12,16,4,42,  28.0,  30.6,25.039288,121.612939,0,0,0,0,456,436,474,0
00A266660038,2018-04-16,22:10:32,  27.5,  61.2,3,5,5,507,100,16,4,42,4,8,14,16,4,42,  28.0,  30.6,25.039288,121.612939,0,0,0,0,454,446,475,0
00A266660038,2018-04-16,22:11:32,  27.5,  61.2,3,6,6,512,100,16,4,42,4,10,16,16,4,42,  28.0,  30.6,25.039288,121.612939,0,0,0,0,454,436,475,0
00A266660038,2018-04-16,22:12:33,  27.5,  61.2,3,5,5,498,100,16,4,42,6,12,12,16,4,42,  28.0,  30.6,25.039288,121.612939,0,0,0,0,454,445,474,0
00A266660038,2018-04-16,22:13:33,  27.5,  61.1,3,6,8,500,100,16,4,41,82,152,535,16,4,42,  28.0,  30.6,25.039288,121.612939,0,0,0,0,455,445,475,0
00A266660038,2018-04-16,22:14:34,  27.5,  61.1,3,6,8,510,100,16,4,42,12,18,14,16,4,42,  28.0,  30.5,25.039288,121.612939,0,0,0,0,454,446,475,0
00A266660038,2018-04-16,22:15:34,  27.5,  61.1,3,5,5,495,100,16,4,42,18,16,16,16,4,42,  28.0,  30.6,25.039288,121.612939,0,0,0,0,455,445,474,0
00A266660038,2018-04-16,22:16:35,  27.5,  61.1,4,5,6,504,100,16,4,42,11446,698,63984,16,4,42,  28.0,  30.5,25.039288,121.612939,0,0,0,0,454,445,475,0
00A266660038,2018-04-16,22:17:35,  27.5,  61.1,3,6,9,521,100,16,4,42,2,14,10,16,4,42,  28.0,  30.6,25.039288,121.612939,0,0,0,0,454,446,476,0
00A266660038,2018-04-16,22:18:36,  27.5,  61.1,4,6,6,504,100,16,4,42,2,13,21,16,3,43,  28.0,  30.6,25.039288,121.612939,0,0,0,0,454,446,474,0
00A266660038,2018-04-16,22:19:36,  27.5,  61.1,3,6,8,511,100,16,4,42,4,10,20,16,4,42,  28.0,  30.5,25.039288,121.612939,0,0,0,0,453,445,474,0
00A266660038,2018-04-16,22:20:36,  27.5,  61.1,3,5,6,504,100,16,4,42,10,12,14,16,4,42,  28.0,  30.6,25.039288,121.612939,0,0,0,0,457,436,475,0
00A266660038,2018-04-16,22:21:37,  27.5,  61.1,3,5,5,521,100,16,4,42,2,20,16,16,4,42,  28.0,  30.5,25.039288,121.612939,0,0,0,0,456,446,474,0
00A266660038,2018-04-16,22:22:37,  27.5,  61.1,3,6,8,509,100,16,4,42,2,12,20,16,4,42,  28.0,  30.5,25.039288,121.612939,0,0,0,0,456,444,475,0
00A266660038,2018-04-16,22:23:38,  27.5,  61.1,3,5,6,506,100,16,4,42,4,6,22,16,4,42,  28.0,  30.5,25.039288,121.612939,0,0,0,0,453,446,474,0
00A266660038,2018-04-16,22:24:38,  27.5,  61.1,4,8,8,529,100,16,4,42,6,10,17,16,4,41,  28.0,  30.5,25.039288,121.612939,0,0,0,0,453,445,474,0
00A266660038,2018-04-16,22:25:39,  27.5,  61.0,3,5,8,518,100,16,4,42,4,14,16,16,4,42,  28.0,  30.5,25.039288,121.612939,0,0,0,0,453,444,476,0
00A266660038,2018-04-16,22:26:39,  27.5,  61.0,3,6,6,506,100,16,4,42,2,10,16,16,4,42,  28.0,  30.6,25.039288,121.612939,0,0,0,0,453,434,474,0
00A266660038,2018-04-16,22:27:40,  27.5,  61.0,2,5,5,509,100,16,4,42,6,16,22,16,4,42,  28.0,  30.5,25.039288,121.612939,0,0,0,0,454,445,474,0
00A266660038,2018-04-16,22:28:40,  27.5,  61.0,3,5,5,525,100,16,4,41,6,15,11,16,3,42,  28.0,  30.6,25.039288,121.612939,0,0,0,0,453,445,474,0
00A266660038,2018-04-16,22:29:41,  27.5,  61.0,3,6,6,524,100,16,4,42,6,10,10,16,4,42,  28.0,  30.6,25.039288,121.612939,0,0,0,0,453,446,474,0
00A266660038,2018-04-16,22:30:41,  27.5,  61.0,2,4,4,502,100,16,4,42,6,16,14,16,4,42,  28.0,  30.5,25.039288,121.612939,0,0,0,0,453,444,476,0
00A266660038,2018-04-16,22:31:41,  27.5,  60.9,2,4,4,521,100,16,4,42,4,22,26,16,4,42,  28.0,  30.5,25.039288,121.612939,0,0,0,0,452,445,476,0
00A266660038,2018-04-16,22:32:42,  27.5,  61.0,3,5,5,510,100,16,4,42,4,18,14,16,4,42,  28.0,  30.5,25.039288,121.612939,0,0,0,0,454,447,474,0
00A266660038,2018-04-16,22:33:42,  27.5,  60.9,2,4,4,502,100,16,4,42,26304,700,63982,16,4,42,  28.0,  30.4,25.039288,121.612939,0,0,0,0,456,446,474,0
00A266660038,2018-04-16,22:34:43,  27.5,  60.9,4,7,9,515,100,16,3,42,4,19,14,16,4,42,  28.0,  30.4,25.039288,121.612939,0,0,0,0,453,446,473,0
00A266660038,2018-04-16,22:35:43,  27.5,  60.9,3,5,5,510,100,16,4,42,6,12,16,16,4,42,  28.0,  30.5,25.039288,121.612939,0,0,0,0,453,447,474,0
00A266660038,2018-04-16,22:36:44,  27.5,  60.9,3,6,6,508,100,16,4,42,10,14,8,16,4,42,  28.0,  30.5,25.039288,121.612939,0,0,0,0,456,448,476,0
00A266660038,2018-04-16,22:37:44,  27.5,  60.9,3,5,5,501,100,16,4,42,2,6,18,16,4,42,  28.1,  30.4,25.039288,121.612939,0,0,0,0,453,440,474,0
00A266660038,2018-04-16,22:38:45,  27.5,  60.9,3,5,5,498,100,16,4,42,4,12,18,16,4,42,  28.0,  30.5,25.039288,121.612939,0,0,0,0,453,448,474,0
00A266660038,2018-04-16,22:39:45,  27.5,  60.9,3,5,5,507,100,16,4,42,8,14,16,16,4,42,  28.0,  30.4,25.039288,121.612939,0,0,0,0,453,445,474,0
00A266660038,2018-04-16,22:40:46,  27.5,  60.8,3,5,5,520,100,16,4,41,2,10,19,16,4,42,  28.1,  30.4,25.039288,121.612939,0,0,0,0,454,446,474,0
00A266660038,2018-04-16,22:41:46,  27.5,  60.9,2,5,5,509,100,16,4,42,4,20,20,16,4,42,  28.1,  30.4,25.039288,121.612939,0,0,0,0,456,445,475,0
00A266660038,2018-04-16,22:42:46,  27.5,  60.9,3,6,8,517,100,16,4,42,6,12,20,16,4,42,  28.0,  30.4,25.039288,121.612939,0,0,0,0,455,446,475,0
00A266660038,2018-04-16,22:43:47,  27.5,  60.9,2,4,5,507,100,16,4,42,4,12,10,16,4,42,  28.1,  30.4,25.039288,121.612939,0,0,0,0,455,437,472,0
00A266660038,2018-04-16,22:44:47,  27.5,  60.8,2,6,8,523,100,16,4,42,4,16,19,16,4,43,  28.0,  30.4,25.039288,121.612939,0,0,0,0,455,446,474,0
00A266660038,2018-04-16,22:45:48,  27.5,  60.8,2,4,4,497,100,16,4,42,12,8,14,16,4,42,  28.0,  30.4,25.039288,121.612939,0,0,0,0,453,435,473,0
00A266660038,2018-04-16,22:46:48,  27.5,  60.8,2,4,5,496,100,16,4,42,36054,712,63980,16,4,42,  28.1,  30.4,25.039288,121.612939,0,0,0,0,451,446,473,0
00A266660038,2018-04-16,22:47:49,  27.5,  60.8,3,6,6,504,100,16,3,42,0,15,11,16,4,41,  28.1,  30.4,25.039288,121.612939,0,0,0,0,452,445,471,0
00A266660038,2018-04-16,22:48:49,  27.5,  60.8,3,6,6,510,100,16,4,42,12,10,20,16,4,42,  28.1,  30.4,25.039288,121.612939,0,0,0,0,452,447,472,0
00A266660038,2018-04-16,22:49:50,  27.5,  60.8,3,5,5,503,100,16,4,41,4,8,19,16,4,42,  28.0,  30.5,25.039288,121.612939,0,0,0,0,451,445,473,0
00A266660038,2018-04-16,22:50:50,  27.5,  60.8,3,5,5,501,100,16,4,42,4,24,18,16,4,42,  28.0,  30.4,25.039288,121.612939,0,0,0,0,452,446,472,0
00A266660038,2018-04-16,22:51:51,  27.6,  60.8,3,6,6,512,100,16,4,42,2,4,26,16,4,42,  28.1,  30.4,25.039288,121.612939,0,0,0,0,453,445,473,0
00A266660038,2018-04-16,22:52:51,  27.6,  60.7,3,6,8,517,100,16,4,42,6,12,16,16,4,42,  28.1,  30.4,25.039288,121.612939,0,0,0,0,456,445,476,0
00A266660038,2018-04-16,22:53:51,  27.5,  60.7,3,5,5,512,100,16,4,41,4,16,13,16,4,42,  28.1,  30.4,25.039288,121.612939,0,0,0,0,452,445,473,0
00A266660038,2018-04-16,22:54:52,  27.5,  60.7,3,6,6,497,100,16,4,42,2,16,22,16,4,42,  28.1,  30.5,25.039288,121.612939,0,0,0,0,452,447,474,0
00A266660038,2018-04-16,22:55:52,  27.5,  60.7,2,5,5,502,100,16,4,42,10,18,14,16,4,42,  28.1,  30.5,25.039288,121.612939,0,0,0,0,454,445,475,0
00A266660038,2018-04-16,22:56:53,  27.5,  60.7,3,4,4,517,100,16,4,42,4,14,22,16,4,42,  28.1,  30.5,25.039288,121.612939,0,0,0,0,453,446,472,0
00A266660038,2018-04-16,22:57:53,  27.6,  60.7,3,5,6,495,100,16,4,42,0,14,13,16,4,41,  28.1,  30.6,25.039288,121.612939,0,0,0,0,453,446,475,0
00A266660038,2018-04-16,22:58:54,  27.5,  60.7,2,5,5,526,100,16,4,42,6,16,14,16,4,42,  28.1,  30.6,25.039288,121.612939,0,0,0,0,455,447,472,0
00A266660038,2018-04-16,22:59:54,  27.6,  60.7,3,4,5,492,100,16,4,43,4,8,11,16,4,42,  28.1,  30.6,25.039288,121.612939,0,0,0,0,451,437,472,0
00A266660038,2018-04-16,23:00:55,  27.6,  60.7,3,6,6,517,100,16,4,42,8,22,10,16,4,42,  28.1,  30.5,25.039288,121.612939,0,0,0,0,454,444,472,0
00A266660038,2018-04-16,23:01:55,  27.6,  60.7,3,5,5,509,100,16,4,43,8,16,14,16,4,41,  28.1,  30.6,25.039288,121.612939,0,0,0,0,451,446,472,0
00A266660038,2018-04-16,23:02:56,  27.6,  60.7,3,5,7,503,100,16,4,42,8,12,14,16,4,42,  28.1,  30.5,25.039288,121.612939,0,0,0,0,454,446,475,0
00A266660038,2018-04-16,23:03:56,  27.6,  60.6,3,6,6,513,100,16,4,42,12,10,16,16,4,42,  28.1,  30.5,25.039288,121.612939,0,0,0,0,451,446,472,0
00A266660038,2018-04-16,23:04:56,  27.5,  60.6,3,5,5,488,100,16,4,42,8,22,28,16,4,42,  28.1,  30.5,25.039288,121.612939,0,0,0,0,454,435,473,0
00A266660038,2018-04-16,23:05:57,  27.5,  60.6,3,6,6,509,100,16,4,42,12,8,26,16,4,42,  28.1,  30.6,25.039288,121.612939,0,0,0,0,455,447,472,0
00A266660038,2018-04-16,23:06:57,  27.6,  60.6,2,4,4,526,100,16,4,41,6,8,9,16,4,42,  28.1,  30.6,25.039288,121.612939,0,0,0,0,454,444,472,0
00A266660038,2018-04-16,23:07:58,  27.5,  60.6,4,7,10,496,100,16,4,42,8,14,26,16,4,42,  28.1,  30.7,25.039288,121.612939,0,0,0,0,453,445,471,0
00A266660038,2018-04-16,23:08:58,  27.5,  60.6,3,5,6,514,100,16,4,42,8678,1408,127947,16,4,41,  28.1,  30.6,25.039288,121.612939,0,0,0,0,451,447,472,0
00A266660038,2018-04-16,23:09:59,  27.5,  60.6,2,5,5,531,100,16,4,42,4856,704,63978,16,4,42,  28.0,  30.6,25.039288,121.612939,0,0,0,0,454,447,473,0
00A266660038,2018-04-16,23:10:59,  27.6,  60.6,2,4,5,498,100,16,4,42,12,14,24,16,4,42,  28.1,  30.8,25.039288,121.612939,0,0,0,0,451,446,471,0
00A266660038,2018-04-16,23:12:00,  27.6,  60.6,3,4,5,496,100,16,4,42,6,2,14,16,4,42,  28.1,  31.0,25.039288,121.612939,0,0,0,0,452,444,472,0
00A266660038,2018-04-16,23:13:00,  27.6,  60.6,2,6,6,500,100,16,4,42,9464,706,63988,16,4,42,  28.1,  31.3,25.039288,121.612939,0,0,0,0,452,444,473,0
00A266660038,2018-04-16,23:14:01,  27.6,  60.5,2,4,5,508,100,16,4,42,4,14,22,16,4,42,  28.1,  31.5,25.039288,121.612939,0,0,0,0,451,444,472,0
00A266660038,2018-04-16,23:15:01,  27.5,  60.6,2,4,4,510,100,16,4,42,2,8,16,16,4,42,  28.1,  31.7,25.039288,121.612939,0,0,0,0,454,447,474,0
00A266660038,2018-04-16,23:16:01,  27.6,  60.6,2,4,4,515,100,16,4,42,8,10,14,16,4,42,  28.1,  31.8,25.039288,121.612939,0,0,0,0,454,445,474,0
00A266660038,2018-04-16,23:17:02,  27.6,  60.6,2,4,6,500,100,16,4,42,0,5,12,16,5,42,  28.1,  31.9,25.039288,121.612939,0,0,0,0,452,446,473,0
00A266660038,2018-04-16,23:18:02,  27.5,  60.6,2,4,4,504,100,16,3,42,6,13,16,16,4,42,  28.1,  31.9,25.039288,121.612939,0,0,0,0,455,447,474,0
00A266660038,2018-04-16,23:20:03,  27.6,  60.6,2,6,6,500,100,16,4,42,9,22,14,15,4,42,  28.1,  31.9,25.039288,121.612939,0,0,0,0,451,437,471,0
00A266660038,2018-04-16,23:21:04,  27.6,  60.5,2,4,5,494,100,16,4,42,6,16,14,16,4,42,  28.1,  32.0,25.039288,121.612939,0,0,0,0,453,447,474,0
00A266660038,2018-04-16,23:22:04,  27.6,  60.6,2,3,3,511,100,-9417,-17591,1571,9443,17603,1543,16,4,42,  28.0,  32.0,25.039288,121.612939,0,0,0,0,453,447,473,0
00A266660038,2018-04-16,23:23:05,  27.6,  60.5,1,4,4,519,100,16,4,42,8,16,21,16,4,41,  28.1,  32.0,25.039288,121.612939,0,0,0,0,452,439,473,0
00A266660038,2018-04-16,23:24:05,  27.5,  60.5,1,3,3,520,100,16,4,42,2,14,16,16,4,42,  28.1,  32.0,25.039288,121.612939,0,0,0,0,452,448,471,0
00A266660038,2018-04-16,23:25:06,  27.6,  60.6,2,4,5,514,100,16,4,42,4,24,18,16,4,42,  28.1,  31.8,25.039288,121.612939,0,0,0,0,452,446,473,0
00A266660038,2018-04-16,23:26:06,  27.5,  60.5,2,4,4,512,100,16,4,42,6,18,18,16,4,42,  28.0,  31.6,25.039288,121.612939,0,0,0,0,452,438,471,0
00A266660038,2018-04-16,23:27:06,  27.5,  60.5,1,3,5,505,100,16,4,42,2,12,20,16,4,42,  28.0,  31.3,25.039288,121.612939,0,0,0,0,456,440,472,0
00A266660038,2018-04-16,23:28:07,  27.5,  60.5,2,3,3,494,100,16,4,42,6,12,32,16,4,42,  28.0,  31.2,25.039288,121.612939,0,0,0,0,452,446,471,0
00A266660038,2018-04-16,23:29:07,  27.5,  60.5,2,5,5,498,100,16,3,42,21082,703,63978,16,4,42,  28.0,  31.2,25.039288,121.612939,0,0,0,0,456,448,474,0
00A266660038,2018-04-16,23:30:08,  27.5,  60.5,2,5,5,521,100,16,4,42,6,6,18,16,4,42,  28.0,  31.1,25.039288,121.612939,0,0,0,0,454,438,472,0
00A266660038,2018-04-16,23:31:08,  27.5,  60.5,2,5,5,507,100,16,4,42,6,8,14,16,4,42,  28.0,  31.0,25.039288,121.612939,0,0,0,0,453,446,474,0
00A266660038,2018-04-16,23:32:09,  27.5,  60.5,2,4,5,501,100,16,4,42,8,16,18,16,4,42,  28.0,  30.9,25.039288,121.612939,0,0,0,0,451,447,473,0
00A266660038,2018-04-16,23:33:09,  27.5,  60.5,2,5,5,496,100,16,4,42,2,10,22,16,4,42,  28.1,  30.8,25.039288,121.612939,0,0,0,0,453,449,473,0
00A266660038,2018-04-16,23:34:10,  27.5,  60.5,2,4,5,500,100,16,4,42,4,16,14,16,4,42,  28.0,  30.7,25.039288,121.612939,0,0,0,0,451,438,472,0
00A266660038,2018-04-16,23:35:10,  27.5,  60.5,3,4,4,519,100,16,4,42,3,10,22,15,4,42,  28.0,  30.7,25.039288,121.612939,0,0,0,0,453,449,472,0
00A266660038,2018-04-16,23:36:11,  27.5,  60.4,3,6,6,494,100,16,4,42,4,16,18,16,4,42,  28.0,  30.6,25.039288,121.612939,0,0,0,0,452,441,473,0
00A266660038,2018-04-16,23:37:11,  27.5,  60.4,2,6,6,505,100,16,4,42,4,12,18,16,4,42,  28.1,  30.6,25.039288,121.612939,0,0,0,0,453,439,471,0
00A266660038,2018-04-16,23:38:11,  27.5,  60.4,3,5,5,526,100,16,4,42,6,14,16,16,4,42,  28.0,  30.6,25.039288,121.612939,0,0,0,0,452,447,473,0
00A266660038,2018-04-16,23:39:12,  27.6,  60.4,3,5,6,502,100,16,4,42,6,9,6,16,3,42,  28.0,  30.5,25.039288,121.612939,0,0,0,0,453,445,471,0
00A266660038,2018-04-16,23:40:12,  27.5,  60.4,3,5,5,514,100,16,4,43,8,6,11,16,4,42,  28.0,  30.5,25.039288,121.612939,0,0,0,0,452,446,472,0
00A266660038,2018-04-16,23:41:13,  27.5,  60.4,3,6,6,492,100,16,4,42,6,18,18,16,4,42,  28.0,  30.5,25.039288,121.612939,0,0,0,0,452,446,472,0
00A266660038,2018-04-16,23:42:13,  27.6,  60.3,3,4,5,508,100,16,4,42,0,10,16,16,4,42,  28.0,  30.5,25.039288,121.612939,0,0,0,0,452,446,472,0
00A266660038,2018-04-16,23:43:14,  27.5,  60.4,2,5,5,516,100,16,4,42,8,8,18,16,4,42,  28.0,  30.5,25.039288,121.612939,0,0,0,0,452,446,472,0
00A266660038,2018-04-16,23:44:14,  27.6,  60.4,3,5,5,529,100,16,4,42,4,6,10,16,4,42,  28.0,  30.4,25.039288,121.612939,0,0,0,0,454,446,472,0
00A266660038,2018-04-16,23:45:15,  27.6,  60.4,2,5,5,514,100,16,4,42,13,10,18,15,4,42,  28.0,  30.4,25.039288,121.612939,0,0,0,0,452,448,473,0
00A266660038,2018-04-16,23:46:15,  27.6,  60.3,3,5,5,515,100,16,4,42,6,8,12,16,4,42,  28.0,  30.5,25.039288,121.612939,0,0,0,0,453,446,472,0
00A266660038,2018-04-16,23:47:16,  27.6,  60.3,3,6,6,523,100,16,4,42,4,8,20,16,4,42,  28.0,  30.4,25.039288,121.612939,0,0,0,0,452,447,472,0
00A266660038,2018-04-16,23:48:16,  27.6,  60.3,3,6,6,507,100,16,4,42,12,10,25,16,4,41,  28.0,  30.5,25.039288,121.612939,0,0,0,0,451,445,470,0
00A266660038,2018-04-16,23:49:16,  27.6,  60.3,2,5,5,509,100,16,4,42,8,12,14,16,4,42,  28.0,  30.5,25.039288,121.612939,0,0,0,0,451,447,473,0
00A266660038,2018-04-16,23:50:17,  27.6,  60.3,3,6,6,512,100,16,4,41,10,22,16,16,4,41,  28.0,  30.4,25.039288,121.612939,0,0,0,0,453,448,470,0
00A266660038,2018-04-16,23:51:17,  27.6,  60.3,3,5,5,503,100,16,4,42,8,4,14,16,4,42,  28.0,  30.5,25.039288,121.612939,0,0,0,0,452,447,472,0
00A266660038,2018-04-16,23:52:18,  27.6,  60.3,3,5,5,495,100,16,4,42,4,12,17,16,4,41,  28.0,  30.5,25.039288,121.612939,0,0,0,0,452,448,471,0
00A266660038,2018-04-16,23:53:18,  27.6,  60.2,2,4,4,495,100,16,3,42,8,12,21,16,3,43,  28.0,  30.5,25.039288,121.612939,0,0,0,0,454,447,471,0
00A266660038,2018-04-16,23:54:19,  27.6,  60.3,3,5,7,512,100,16,4,42,6,16,16,16,4,42,  28.0,  30.5,25.039288,121.612939,0,0,0,0,452,446,472,0
00A266660038,2018-04-16,23:55:19,  27.6,  60.2,3,6,7,502,100,16,4,42,43632,702,63978,16,4,42,  28.0,  30.4,25.039288,121.612939,0,0,0,0,451,447,472,0
00A266660038,2018-04-16,23:56:20,  27.6,  60.3,3,6,8,504,100,16,4,42,0,14,22,16,4,42,  28.1,  30.4,25.039288,121.612939,0,0,0,0,454,447,470,0
00A266660038,2018-04-16,23:57:20,  27.6,  60.2,3,5,5,506,100,16,4,42,0,18,17,16,4,41,  28.1,  30.5,25.039288,121.612939,0,0,0,0,453,447,472,0
00A266660038,2018-04-16,23:58:21,  27.6,  60.2,3,5,5,497,100,16,4,42,10,12,20,16,4,42,  28.0,  30.5,25.039288,121.612939,0,0,0,0,452,448,470,0
00A266660038,2018-04-16,23:59:21,  27.6,  60.2,2,5,5,502,100,16,4,42,4,14,12,16,4,42,  28.0,  30.5,25.039288,121.612939,0,0,0,0,452,446,469,0
