datatime,id,date,time,sht_t,sht_h,pm1,pm25,pm10,co2,adc,acc_x,acc_y,acc_z,accx_int,accy_int,accz_int,accx_i,accy_i,accz_i,sht_t_ext,sht_h_ext,gps_lat,gps_lon,gps_alt,gps_speed,gps_dir,gps_fix,ai1_2,ai1_3,ai1_4,ERR,aslung_id,lab_id,cPM1,cPM2.5
2018-10-23 00:00:47,00A266660062,2018-10-23,00:00:47,25.3,67.7,30,44,56,536,1,-114,-73,211,31,52,38,-113,-73,211,25.2,67.3,25.039288,121.61293899999998,0,0,0,0,815,726,826,0,AL-0158,AS_Lung_O,23.692999999999998,28.72
2018-10-23 00:01:09,00A266660062,2018-10-23,00:01:09,25.3,67.7,28,42,54,531,1,-113,-73,211,22,40,34,-113,-73,211,25.2,67.1,25.039288,121.61293899999998,0,0,0,0,797,699,806,0,AL-0158,AS_Lung_O,22.285,27.676
2018-10-23 00:01:48,00A266660062,2018-10-23,00:01:48,25.4,67.7,27,40,50,531,1,-113,-73,211,32,32,36,-113,-73,211,25.2,67.0,25.039288,121.61293899999998,0,0,0,0,796,704,809,0,AL-0158,AS_Lung_O,21.581,26.632
2018-10-23 00:02:48,00A266660062,2018-10-23,00:02:48,25.4,67.6,26,39,50,593,1,-114,-73,211,29,50,32,-113,-73,211,25.3,67.3,25.039288,121.61293899999998,0,0,0,0,798,708,810,0,AL-0158,AS_Lung_O,20.877,26.11
2018-10-23 00:03:48,00A266660062,2018-10-23,00:03:48,25.4,67.6,28,39,50,557,1,-113,-74,211,30,40,40,-113,-74,211,25.2,67.2,25.039288,121.61293899999998,0,0,0,0,805,711,817,0,AL-0158,AS_Lung_O,22.285,26.11
2018-10-23 00:04:48,00A266660062,2018-10-23,00:04:48,25.4,67.6,27,39,49,550,1,-113,-74,211,20,46,45,-113,-74,212,25.2,67.8,25.039288,121.61293899999998,0,0,0,0,808,719,818,0,AL-0158,AS_Lung_O,21.581,26.11
2018-10-23 00:05:49,00A266660062,2018-10-23,00:05:49,25.4,67.6,28,39,49,556,1,-113,-73,211,22,33,42,-113,-74,211,25.1,67.2,25.039288,121.61293899999998,0,0,0,0,808,720,818,0,AL-0158,AS_Lung_O,22.285,26.11
2018-10-23 00:06:49,00A266660062,2018-10-23,00:06:49,25.4,67.6,28,39,50,587,1,-114,-73,211,13,41,36,-113,-74,211,25.1,67.7,25.039288,121.61293899999998,0,0,0,0,812,723,821,0,AL-0158,AS_Lung_O,22.285,26.11
2018-10-23 00:07:49,00A266660062,2018-10-23,00:07:49,25.4,67.7,27,42,52,561,1,-113,-73,211,20,43,30,-113,-74,211,25.1,67.2,25.039288,121.61293899999998,0,0,0,0,810,722,823,0,AL-0158,AS_Lung_O,21.581,27.676
2018-10-23 00:08:49,00A266660062,2018-10-23,00:08:49,25.4,67.6,29,42,55,599,1,-113,-74,211,22,45,38,-113,-73,211,25.1,67.7,25.039288,121.61293899999998,0,0,0,0,814,722,821,0,AL-0158,AS_Lung_O,22.989,27.676
2018-10-23 00:09:49,00A266660062,2018-10-23,00:09:49,25.4,67.7,27,39,51,597,1,-113,-74,212,20,46,31,-113,-74,211,25.1,67.5,25.039288,121.61293899999998,0,0,0,0,810,720,819,0,AL-0158,AS_Lung_O,21.581,26.11
2018-10-23 00:10:50,00A266660062,2018-10-23,00:10:50,25.4,67.7,28,41,52,606,1,-114,-74,211,31,33,34,-113,-73,211,25.1,67.4,25.039288,121.61293899999998,0,0,0,0,812,719,823,0,AL-0158,AS_Lung_O,22.285,27.154
2018-10-23 00:11:50,00A266660062,2018-10-23,00:11:50,25.4,67.6,28,42,53,567,1,-114,-73,211,19,46,32,-113,-73,211,25.1,67.5,25.039288,121.61293899999998,0,0,0,0,810,721,825,0,AL-0158,AS_Lung_O,22.285,27.676
2018-10-23 00:12:50,00A266660062,2018-10-23,00:12:50,25.3,67.7,28,39,49,559,1,-113,-73,211,27,34,37,-114,-73,212,25.1,67.4,25.039288,121.61293899999998,0,0,0,0,809,722,824,0,AL-0158,AS_Lung_O,22.285,26.11
2018-10-23 00:13:50,00A266660062,2018-10-23,00:13:50,25.4,67.6,27,39,49,578,1,-113,-73,212,29,51,33,-114,-74,211,25.1,67.5,25.039288,121.61293899999998,0,0,0,0,811,718,824,0,AL-0158,AS_Lung_O,21.581,26.11
2018-10-23 00:14:50,00A266660062,2018-10-23,00:14:50,25.4,67.7,27,38,49,565,1,-113,-73,212,18,37,27,-113,-74,211,25.1,67.6,25.039288,121.61293899999998,0,0,0,0,812,722,821,0,AL-0158,AS_Lung_O,21.581,25.588
2018-10-23 00:15:51,00A266660062,2018-10-23,00:15:51,25.4,67.7,28,39,49,551,1,-113,-73,211,34,48,24,-113,-73,211,25.1,67.4,25.039288,121.61293899999998,0,0,0,0,810,722,824,0,AL-0158,AS_Lung_O,22.285,26.11
2018-10-23 00:16:51,00A266660062,2018-10-23,00:16:51,25.4,67.7,28,40,52,546,1,-113,-73,212,26,48,27,-113,-73,211,25.1,67.4,25.039288,121.61293899999998,0,0,0,0,810,721,822,0,AL-0158,AS_Lung_O,22.285,26.632
2018-10-23 00:17:51,00A266660062,2018-10-23,00:17:51,25.4,67.6,27,40,49,548,1,-114,-73,212,17,40,39,-113,-73,211,25.1,67.7,25.039288,121.61293899999998,0,0,0,0,810,719,822,0,AL-0158,AS_Lung_O,21.581,26.632
2018-10-23 00:18:51,00A266660062,2018-10-23,00:18:51,25.4,67.7,26,38,47,556,1,-113,-73,212,24,47,28,-113,-74,212,25.1,67.5,25.039288,121.61293899999998,0,0,0,0,813,721,824,0,AL-0158,AS_Lung_O,20.877,25.588
2018-10-23 00:19:51,00A266660062,2018-10-23,00:19:51,25.4,67.6,25,35,45,541,1,-113,-73,211,34,30,24,-113,-73,211,25.1,67.4,25.039288,121.61293899999998,0,0,0,0,810,721,823,0,AL-0158,AS_Lung_O,20.173,24.022
2018-10-23 00:20:51,00A266660062,2018-10-23,00:20:51,25.4,67.7,27,39,49,543,1,-113,-74,211,20,41,28,-113,-73,211,25.1,67.4,25.039288,121.61293899999998,0,0,0,0,812,720,824,0,AL-0158,AS_Lung_O,21.581,26.11
2018-10-23 00:21:52,00A266660062,2018-10-23,00:21:52,25.4,67.7,27,39,49,550,1,-113,-73,212,30,35,37,-113,-74,211,25.2,67.4,25.039288,121.61293899999998,0,0,0,0,807,721,819,0,AL-0158,AS_Lung_O,21.581,26.11
2018-10-23 00:22:52,00A266660062,2018-10-23,00:22:52,25.4,67.6,27,40,50,534,1,-114,-73,211,17,40,42,-113,-73,211,25.2,67.3,25.039288,121.61293899999998,0,0,0,0,811,720,825,0,AL-0158,AS_Lung_O,21.581,26.632
2018-10-23 00:23:52,00A266660062,2018-10-23,00:23:52,25.4,67.6,26,38,48,558,1,-114,-73,211,23,54,33,-113,-73,212,25.2,67.1,25.039288,121.61293899999998,0,0,0,0,809,720,821,0,AL-0158,AS_Lung_O,20.877,25.588
2018-10-23 00:24:52,00A266660062,2018-10-23,00:24:52,25.4,67.6,28,39,47,555,1,-113,-73,211,18,40,41,-113,-73,212,25.1,67.0,25.039288,121.61293899999998,0,0,0,0,812,721,821,0,AL-0158,AS_Lung_O,22.285,26.11
2018-10-23 00:25:52,00A266660062,2018-10-23,00:25:52,25.4,67.6,27,39,48,542,1,-113,-73,212,17,44,37,-114,-73,211,25.2,66.9,25.039288,121.61293899999998,0,0,0,0,811,720,819,0,AL-0158,AS_Lung_O,21.581,26.11
2018-10-23 00:26:53,00A266660062,2018-10-23,00:26:53,25.4,67.6,27,40,50,548,1,-113,-74,211,16,35,41,-113,-73,212,25.1,66.7,25.039288,121.61293899999998,0,0,0,0,808,722,823,0,AL-0158,AS_Lung_O,21.581,26.632
2018-10-23 00:27:53,00A266660062,2018-10-23,00:27:53,25.4,67.6,26,38,48,581,1,-113,-74,212,20,47,37,-113,-73,211,25.1,66.8,25.039288,121.61293899999998,0,0,0,0,808,719,822,0,AL-0158,AS_Lung_O,20.877,25.588
2018-10-23 00:28:53,00A266660062,2018-10-23,00:28:53,25.4,67.6,28,39,49,559,1,-114,-73,211,9,42,38,-113,-73,211,25.1,66.9,25.039288,121.61293899999998,0,0,0,0,808,720,824,0,AL-0158,AS_Lung_O,22.285,26.11
2018-10-23 00:29:53,00A266660062,2018-10-23,00:29:53,25.4,67.6,27,38,49,548,1,-113,-73,211,23,44,29,-114,-73,212,25.1,67.0,25.039288,121.61293899999998,0,0,0,0,811,723,821,0,AL-0158,AS_Lung_O,21.581,25.588
2018-10-23 00:30:53,00A266660062,2018-10-23,00:30:53,25.4,67.6,28,40,52,556,1,-113,-74,211,28,39,34,-113,-73,211,25.1,67.3,25.039288,121.61293899999998,0,0,0,0,811,721,821,0,AL-0158,AS_Lung_O,22.285,26.632
2018-10-23 00:31:54,00A266660062,2018-10-23,00:31:54,25.4,67.6,27,39,50,547,1,-114,-73,211,17,43,48,-113,-74,211,25.1,67.3,25.039288,121.61293899999998,0,0,0,0,808,721,820,0,AL-0158,AS_Lung_O,21.581,26.11
2018-10-23 00:32:54,00A266660062,2018-10-23,00:32:54,25.4,67.6,28,39,50,529,1,-113,-73,212,20,45,37,-113,-74,211,25.1,67.3,25.039288,121.61293899999998,0,0,0,0,810,721,824,0,AL-0158,AS_Lung_O,22.285,26.11
2018-10-23 00:33:54,00A266660062,2018-10-23,00:33:54,25.4,67.6,28,40,51,533,1,-113,-73,212,22,31,44,-113,-74,212,25.1,67.3,25.039288,121.61293899999998,0,0,0,0,810,720,820,0,AL-0158,AS_Lung_O,22.285,26.632
2018-10-23 00:34:54,00A266660062,2018-10-23,00:34:54,25.4,67.6,29,41,53,581,1,-113,-73,211,28,44,30,-113,-73,211,25.1,67.4,25.039288,121.61293899999998,0,0,0,0,809,720,822,0,AL-0158,AS_Lung_O,22.989,27.154
2018-10-23 00:35:54,00A266660062,2018-10-23,00:35:54,25.4,67.6,28,41,52,578,1,-113,-74,211,14,27,37,-113,-73,212,25.1,67.3,25.039288,121.61293899999998,0,0,0,0,810,722,821,0,AL-0158,AS_Lung_O,22.285,27.154
2018-10-23 00:36:55,00A266660062,2018-10-23,00:36:55,25.3,67.6,26,38,47,574,1,-113,-74,211,24,37,32,-113,-73,211,25.1,67.1,25.039288,121.61293899999998,0,0,0,0,809,718,824,0,AL-0158,AS_Lung_O,20.877,25.588
2018-10-23 00:37:55,00A266660062,2018-10-23,00:37:55,25.3,67.6,26,37,46,568,1,-113,-73,211,21,44,36,-114,-73,211,25.1,66.9,25.039288,121.61293899999998,0,0,0,0,807,720,821,0,AL-0158,AS_Lung_O,20.877,25.066
2018-10-23 00:38:55,00A266660062,2018-10-23,00:38:55,25.3,67.6,26,39,49,525,1,-113,-73,211,24,46,34,-113,-73,211,25.1,67.1,25.039288,121.61293899999998,0,0,0,0,810,720,822,0,AL-0158,AS_Lung_O,20.877,26.11
2018-10-23 00:39:55,00A266660062,2018-10-23,00:39:55,25.3,67.6,27,39,48,555,1,-113,-73,212,38,33,36,-113,-74,212,25.1,67.2,25.039288,121.61293899999998,0,0,0,0,810,718,820,0,AL-0158,AS_Lung_O,21.581,26.11
2018-10-23 00:40:55,00A266660062,2018-10-23,00:40:55,25.3,67.7,27,38,49,608,1,-114,-73,211,20,38,38,-114,-73,211,25.1,66.8,25.039288,121.61293899999998,0,0,0,0,811,721,824,0,AL-0158,AS_Lung_O,21.581,25.588
2018-10-23 00:41:55,00A266660062,2018-10-23,00:41:55,25.3,67.6,27,39,47,556,1,-113,-73,211,24,40,38,-113,-73,211,25.1,66.9,25.039288,121.61293899999998,0,0,0,0,812,722,821,0,AL-0158,AS_Lung_O,21.581,26.11
2018-10-23 00:42:56,00A266660062,2018-10-23,00:42:56,25.3,67.7,27,39,50,549,1,-113,-73,211,22,48,32,-113,-73,211,25.1,66.9,25.039288,121.61293899999998,0,0,0,0,809,724,823,0,AL-0158,AS_Lung_O,21.581,26.11
2018-10-23 00:43:56,00A266660062,2018-10-23,00:43:56,25.3,67.6,27,38,47,588,1,-113,-74,211,14,43,32,-113,-73,211,25.1,66.8,25.039288,121.61293899999998,0,0,0,0,808,719,820,0,AL-0158,AS_Lung_O,21.581,25.588
2018-10-23 00:44:56,00A266660062,2018-10-23,00:44:56,25.3,67.6,28,40,49,529,1,-113,-73,211,25,40,40,-114,-73,211,25.1,66.7,25.039288,121.61293899999998,0,0,0,0,812,724,822,0,AL-0158,AS_Lung_O,22.285,26.632
2018-10-23 00:45:56,00A266660062,2018-10-23,00:45:56,25.3,67.7,28,41,53,525,1,-113,-74,211,16,39,42,-113,-73,211,25.1,66.7,25.039288,121.61293899999998,0,0,0,0,810,722,821,0,AL-0158,AS_Lung_O,22.285,27.154
2018-10-23 00:46:56,00A266660062,2018-10-23,00:46:56,25.3,67.6,27,39,49,533,1,-113,-73,211,16,39,40,-113,-74,211,25.1,66.7,25.039288,121.61293899999998,0,0,0,0,811,722,825,0,AL-0158,AS_Lung_O,21.581,26.11
2018-10-23 00:47:57,00A266660062,2018-10-23,00:47:57,25.3,67.7,27,40,50,548,1,-113,-73,211,30,39,34,-113,-74,211,25.1,66.7,25.039288,121.61293899999998,0,0,0,0,812,719,822,0,AL-0158,AS_Lung_O,21.581,26.632
2018-10-23 00:48:57,00A266660062,2018-10-23,00:48:57,25.3,67.7,27,39,49,520,1,-113,-73,211,22,38,44,-113,-73,211,25.1,66.7,25.039288,121.61293899999998,0,0,0,0,813,724,822,0,AL-0158,AS_Lung_O,21.581,26.11
2018-10-23 00:49:57,00A266660062,2018-10-23,00:49:57,25.2,67.7,27,40,52,557,1,-114,-73,211,21,36,24,-113,-73,211,25.1,66.8,25.039288,121.61293899999998,0,0,0,0,808,724,825,0,AL-0158,AS_Lung_O,21.581,26.632
2018-10-23 00:50:57,00A266660062,2018-10-23,00:50:57,25.3,67.7,27,39,49,567,1,-113,-73,211,20,47,40,-113,-74,211,25.1,66.8,25.039288,121.61293899999998,0,0,0,0,812,719,822,0,AL-0158,AS_Lung_O,21.581,26.11
2018-10-23 00:51:57,00A266660062,2018-10-23,00:51:57,25.3,67.7,27,39,50,590,1,-113,-73,211,28,43,36,-113,-74,211,25.1,66.7,25.039288,121.61293899999998,0,0,0,0,809,721,823,0,AL-0158,AS_Lung_O,21.581,26.11
2018-10-23 00:52:57,00A266660062,2018-10-23,00:52:57,25.2,67.7,26,39,48,536,1,-113,-73,211,28,36,30,-113,-73,211,25.1,66.7,25.039288,121.61293899999998,0,0,0,0,811,725,824,0,AL-0158,AS_Lung_O,20.877,26.11
2018-10-23 00:53:58,00A266660062,2018-10-23,00:53:58,25.3,67.7,26,35,46,577,1,-113,-73,211,30,39,46,-113,-74,211,25.1,66.7,25.039288,121.61293899999998,0,0,0,0,808,722,820,0,AL-0158,AS_Lung_O,20.877,24.022
2018-10-23 00:54:58,00A266660062,2018-10-23,00:54:58,25.3,67.7,26,39,49,556,1,-113,-74,212,14,46,33,-113,-74,211,25.1,67.0,25.039288,121.61293899999998,0,0,0,0,809,724,822,0,AL-0158,AS_Lung_O,20.877,26.11
2018-10-23 00:55:58,00A266660062,2018-10-23,00:55:58,25.3,67.7,26,36,47,553,1,-113,-74,212,20,49,41,-113,-73,211,25.1,66.7,25.039288,121.61293899999998,0,0,0,0,811,721,821,0,AL-0158,AS_Lung_O,20.877,24.544
2018-10-23 00:56:58,00A266660062,2018-10-23,00:56:58,25.2,67.7,25,35,45,538,1,-113,-73,211,21,35,28,-114,-74,211,25.1,66.7,25.039288,121.61293899999998,0,0,0,0,811,721,821,0,AL-0158,AS_Lung_O,20.173,24.022
2018-10-23 00:57:58,00A266660062,2018-10-23,00:57:58,25.2,67.7,24,34,43,567,1,-113,-73,211,14,42,38,-113,-73,211,25.1,66.8,25.039288,121.61293899999998,0,0,0,0,807,719,821,0,AL-0158,AS_Lung_O,19.469,23.5
2018-10-23 00:58:59,00A266660062,2018-10-23,00:58:59,25.2,67.7,24,35,44,568,1,-113,-73,212,17,48,41,-114,-73,211,25.1,66.5,25.039288,121.61293899999998,0,0,0,0,810,720,821,0,AL-0158,AS_Lung_O,19.469,24.022
2018-10-23 00:59:59,00A266660062,2018-10-23,00:59:59,25.2,67.7,24,34,40,584,1,-114,-73,212,26,49,43,-114,-74,211,25.1,66.4,25.039288,121.61293899999998,0,0,0,0,812,720,823,0,AL-0158,AS_Lung_O,19.469,23.5
2018-10-23 01:00:59,00A266660062,2018-10-23,01:00:59,25.2,67.7,26,36,47,548,1,-113,-74,212,32,31,44,-113,-73,212,25.0,66.3,25.039288,121.61293899999998,0,0,0,0,809,720,823,0,AL-0158,AS_Lung_O,20.877,24.544
2018-10-23 01:01:59,00A266660062,2018-10-23,01:01:59,25.2,67.7,24,35,43,559,1,-113,-74,211,16,36,40,-113,-74,211,25.0,66.6,25.039288,121.61293899999998,0,0,0,0,812,723,822,0,AL-0158,AS_Lung_O,19.469,24.022
2018-10-23 01:02:59,00A266660062,2018-10-23,01:02:59,25.2,67.7,25,35,45,569,1,-113,-73,212,25,35,44,-114,-74,212,24.9,66.7,25.039288,121.61293899999998,0,0,0,0,813,721,822,0,AL-0158,AS_Lung_O,20.173,24.022
2018-10-23 01:03:59,00A266660062,2018-10-23,01:03:59,25.2,67.7,24,36,45,602,1,-113,-73,211,20,47,32,-113,-74,211,25.0,66.7,25.039288,121.61293899999998,0,0,0,0,810,723,823,0,AL-0158,AS_Lung_O,19.469,24.544
2018-10-23 01:05:00,00A266660062,2018-10-23,01:05:00,25.2,67.7,26,35,46,548,1,-113,-74,211,16,37,44,-113,-73,211,24.9,66.8,25.039288,121.61293899999998,0,0,0,0,809,723,820,0,AL-0158,AS_Lung_O,20.877,24.022
2018-10-23 01:06:00,00A266660062,2018-10-23,01:06:00,25.2,67.7,24,35,45,565,1,-113,-73,211,14,44,52,-113,-73,211,24.9,66.9,25.039288,121.61293899999998,0,0,0,0,808,718,820,0,AL-0158,AS_Lung_O,19.469,24.022
2018-10-23 01:07:00,00A266660062,2018-10-23,01:07:00,25.2,67.7,23,35,42,567,1,-113,-73,211,14,37,50,-113,-74,211,25.0,66.9,25.039288,121.61293899999998,0,0,0,0,810,720,821,0,AL-0158,AS_Lung_O,18.765,24.022
2018-10-23 01:08:00,00A266660062,2018-10-23,01:08:00,25.2,67.6,23,35,42,555,1,-113,-74,212,23,36,41,-114,-74,211,25.0,66.9,25.039288,121.61293899999998,0,0,0,0,810,721,821,0,AL-0158,AS_Lung_O,18.765,24.022
2018-10-23 01:09:00,00A266660062,2018-10-23,01:09:00,25.2,67.7,24,33,41,571,1,-113,-73,211,16,46,40,-113,-73,211,25.0,67.0,25.039288,121.61293899999998,0,0,0,0,813,724,821,0,AL-0158,AS_Lung_O,19.469,22.977999999999998
2018-10-23 01:10:01,00A266660062,2018-10-23,01:10:01,25.2,67.7,23,34,42,550,1,-113,-73,212,14,52,43,-113,-73,211,25.0,67.0,25.039288,121.61293899999998,0,0,0,0,810,722,820,0,AL-0158,AS_Lung_O,18.765,23.5
2018-10-23 01:11:01,00A266660062,2018-10-23,01:11:01,25.2,67.6,24,35,43,554,1,-113,-73,211,32,47,40,-113,-74,211,25.0,66.9,25.039288,121.61293899999998,0,0,0,0,812,721,825,0,AL-0158,AS_Lung_O,19.469,24.022
2018-10-23 01:12:01,00A266660062,2018-10-23,01:12:01,25.2,67.7,26,36,47,519,1,-114,-73,211,21,41,41,-113,-74,212,25.0,66.7,25.039288,121.61293899999998,0,0,0,0,810,719,821,0,AL-0158,AS_Lung_O,20.877,24.544
2018-10-23 01:13:01,00A266660062,2018-10-23,01:13:01,25.2,67.7,25,38,47,564,1,-114,-73,211,14,48,44,-114,-73,211,25.0,66.5,25.039288,121.61293899999998,0,0,0,0,811,721,823,0,AL-0158,AS_Lung_O,20.173,25.588
2018-10-23 01:14:01,00A266660062,2018-10-23,01:14:01,25.2,67.7,25,36,47,542,1,-113,-74,211,27,40,34,-114,-74,211,25.0,66.8,25.039288,121.61293899999998,0,0,0,0,811,721,822,0,AL-0158,AS_Lung_O,20.173,24.544
2018-10-23 01:15:01,00A266660062,2018-10-23,01:15:01,25.2,67.6,24,35,45,545,1,-113,-73,211,13,31,36,-114,-74,211,24.9,66.7,25.039288,121.61293899999998,0,0,0,0,811,720,823,0,AL-0158,AS_Lung_O,19.469,24.022
2018-10-23 01:16:02,00A266660062,2018-10-23,01:16:02,25.2,67.7,24,36,43,540,1,-113,-74,211,19,45,50,-114,-73,211,24.9,66.7,25.039288,121.61293899999998,0,0,0,0,808,718,819,0,AL-0158,AS_Lung_O,19.469,24.544
2018-10-23 01:17:02,00A266660062,2018-10-23,01:17:02,25.2,67.7,26,37,46,534,1,-113,-74,211,22,45,38,-113,-73,211,24.9,66.7,25.039288,121.61293899999998,0,0,0,0,812,722,822,0,AL-0158,AS_Lung_O,20.877,25.066
2018-10-23 01:18:02,00A266660062,2018-10-23,01:18:02,25.2,67.7,24,35,41,536,1,-113,-74,211,20,45,32,-113,-73,211,24.9,66.9,25.039288,121.61293899999998,0,0,0,0,806,719,820,0,AL-0158,AS_Lung_O,19.469,24.022
2018-10-23 01:19:02,00A266660062,2018-10-23,01:19:02,25.2,67.6,24,34,44,545,1,-113,-73,211,10,44,38,-113,-73,211,24.9,67.0,25.039288,121.61293899999998,0,0,0,0,811,721,820,0,AL-0158,AS_Lung_O,19.469,23.5
2018-10-23 01:20:02,00A266660062,2018-10-23,01:20:02,25.2,67.7,23,33,41,535,1,-113,-73,212,22,46,38,-113,-73,212,24.9,66.9,25.039288,121.61293899999998,0,0,0,0,809,719,821,0,AL-0158,AS_Lung_O,18.765,22.977999999999998
2018-10-23 01:21:02,00A266660062,2018-10-23,01:21:02,25.2,67.7,26,36,45,536,1,-113,-74,211,24,40,36,-113,-74,211,24.9,66.9,25.039288,121.61293899999998,0,0,0,0,811,720,823,0,AL-0158,AS_Lung_O,20.877,24.544
2018-10-23 01:22:03,00A266660062,2018-10-23,01:22:03,25.2,67.7,24,34,41,540,1,-113,-73,211,20,51,40,-113,-74,211,24.9,66.9,25.039288,121.61293899999998,0,0,0,0,810,719,818,0,AL-0158,AS_Lung_O,19.469,23.5
2018-10-23 01:23:03,00A266660062,2018-10-23,01:23:03,25.2,67.7,25,36,45,545,1,-114,-73,212,25,44,45,-113,-73,211,24.9,66.9,25.039288,121.61293899999998,0,0,0,0,808,720,822,0,AL-0158,AS_Lung_O,20.173,24.544
2018-10-23 01:24:03,00A266660062,2018-10-23,01:24:03,25.2,67.7,26,36,45,562,1,-113,-73,212,18,44,39,-113,-73,211,24.9,67.1,25.039288,121.61293899999998,0,0,0,0,808,722,821,0,AL-0158,AS_Lung_O,20.877,24.544
2018-10-23 01:25:03,00A266660062,2018-10-23,01:25:03,25.2,67.7,26,38,47,578,1,-113,-73,211,20,51,38,-113,-74,211,24.9,67.1,25.039288,121.61293899999998,0,0,0,0,813,723,825,0,AL-0158,AS_Lung_O,20.877,25.588
2018-10-23 01:26:03,00A266660062,2018-10-23,01:26:03,25.2,67.7,25,37,48,524,1,-113,-74,211,22,37,35,-113,-73,212,24.8,67.1,25.039288,121.61293899999998,0,0,0,0,808,719,818,0,AL-0158,AS_Lung_O,20.173,25.066
2018-10-23 01:27:03,00A266660062,2018-10-23,01:27:03,25.2,67.7,25,35,42,558,1,-113,-73,211,24,28,32,-113,-73,211,24.9,67.1,25.039288,121.61293899999998,0,0,0,0,812,725,824,0,AL-0158,AS_Lung_O,20.173,24.022
2018-10-23 01:28:04,00A266660062,2018-10-23,01:28:04,25.2,67.7,26,37,48,546,1,-113,-73,212,32,51,44,-113,-74,212,24.9,67.1,25.039288,121.61293899999998,0,0,0,0,808,720,821,0,AL-0158,AS_Lung_O,20.877,25.066
2018-10-23 01:29:04,00A266660062,2018-10-23,01:29:04,25.2,67.7,26,37,47,555,1,-113,-73,212,18,46,37,-113,-73,211,24.9,67.2,25.039288,121.61293899999998,0,0,0,0,809,720,823,0,AL-0158,AS_Lung_O,20.877,25.066
2018-10-23 01:30:04,00A266660062,2018-10-23,01:30:04,25.2,67.7,26,36,46,545,1,-113,-73,211,20,52,42,-113,-73,211,24.9,67.1,25.039288,121.61293899999998,0,0,0,0,810,720,822,0,AL-0158,AS_Lung_O,20.877,24.544
2018-10-23 01:31:04,00A266660062,2018-10-23,01:31:04,25.2,67.7,25,35,43,546,1,-113,-74,211,30,39,44,-113,-73,211,24.9,67.1,25.039288,121.61293899999998,0,0,0,0,809,720,822,0,AL-0158,AS_Lung_O,20.173,24.022
2018-10-23 01:32:04,00A266660062,2018-10-23,01:32:04,25.2,67.7,24,34,43,664,1,-113,-74,210,24,31,46,-113,-73,212,24.9,67.8,25.039288,121.61293899999998,0,0,0,0,808,721,822,0,AL-0158,AS_Lung_O,19.469,23.5
2018-10-23 01:33:04,00A266660062,2018-10-23,01:33:04,25.2,67.7,24,35,43,614,1,-114,-74,211,23,32,42,-113,-74,211,24.9,67.7,25.039288,121.61293899999998,0,0,0,0,810,723,821,0,AL-0158,AS_Lung_O,19.469,24.022
2018-10-23 01:34:05,00A266660062,2018-10-23,01:34:05,25.2,67.7,26,37,46,583,1,-113,-73,211,29,42,36,-114,-73,211,24.9,67.8,25.039288,121.61293899999998,0,0,0,0,809,717,820,0,AL-0158,AS_Lung_O,20.877,25.066
2018-10-23 01:35:05,00A266660062,2018-10-23,01:35:05,25.2,67.7,25,36,45,567,1,-113,-73,211,76,64,79,-113,-73,212,24.9,67.5,25.039288,121.61293899999998,0,0,0,0,810,723,822,0,AL-0158,AS_Lung_O,20.173,24.544
2018-10-23 01:36:05,00A266660062,2018-10-23,01:36:05,25.2,67.6,25,36,48,590,1,-113,-73,212,14,32,41,-113,-73,211,24.9,67.3,25.039288,121.61293899999998,0,0,0,0,808,723,821,0,AL-0158,AS_Lung_O,20.173,24.544
2018-10-23 01:37:05,00A266660062,2018-10-23,01:37:05,25.3,67.6,24,36,48,587,1,-113,-74,212,20,39,47,-113,-73,211,25.0,67.3,25.039288,121.61293899999998,0,0,0,0,808,722,821,0,AL-0158,AS_Lung_O,19.469,24.544
2018-10-23 01:38:05,00A266660062,2018-10-23,01:38:05,25.3,67.6,25,36,46,559,1,-113,-73,211,26,36,47,-113,-73,212,25.0,67.3,25.039288,121.61293899999998,0,0,0,0,807,722,822,0,AL-0158,AS_Lung_O,20.173,24.544
2018-10-23 01:39:05,00A266660062,2018-10-23,01:39:05,25.3,67.5,26,36,45,620,1,-113,-73,211,30,50,36,-113,-73,211,25.0,67.7,25.039288,121.61293899999998,0,0,0,0,812,722,823,0,AL-0158,AS_Lung_O,20.877,24.544
2018-10-23 01:40:06,00A266660062,2018-10-23,01:40:06,25.4,67.5,26,39,49,539,1,-114,-73,211,39,34,38,-113,-73,211,25.0,67.6,25.039288,121.61293899999998,0,0,0,0,810,722,822,0,AL-0158,AS_Lung_O,20.877,26.11
2018-10-23 01:41:06,00A266660062,2018-10-23,01:41:06,25.4,67.5,28,40,53,544,1,-113,-73,211,22,38,34,-113,-73,211,25.0,67.5,25.039288,121.61293899999998,0,0,0,0,810,722,821,0,AL-0158,AS_Lung_O,22.285,26.632
2018-10-23 01:42:06,00A266660062,2018-10-23,01:42:06,25.4,67.4,28,42,53,572,1,-113,-74,211,16,47,43,-113,-73,212,25.0,67.5,25.039288,121.61293899999998,0,0,0,0,809,717,822,0,AL-0158,AS_Lung_O,22.285,27.676
2018-10-23 01:43:06,00A266660062,2018-10-23,01:43:06,25.5,67.4,27,39,49,565,1,-113,-74,211,26,45,41,-113,-73,212,25.0,67.4,25.039288,121.61293899999998,0,0,0,0,811,718,820,0,AL-0158,AS_Lung_O,21.581,26.11
2018-10-23 01:44:06,00A266660062,2018-10-23,01:44:06,25.5,67.4,27,40,50,572,1,-113,-73,211,22,34,38,-113,-73,211,25.0,67.5,25.039288,121.61293899999998,0,0,0,0,810,722,821,0,AL-0158,AS_Lung_O,21.581,26.632
2018-10-23 01:45:06,00A266660062,2018-10-23,01:45:06,25.5,67.4,27,40,50,571,1,-113,-74,211,18,39,42,-113,-73,211,24.9,67.6,25.039288,121.61293899999998,0,0,0,0,812,723,823,0,AL-0158,AS_Lung_O,21.581,26.632
2018-10-23 01:46:07,00A266660062,2018-10-23,01:46:07,25.5,67.3,27,39,50,534,1,-113,-73,211,26,31,37,-113,-74,212,24.9,67.6,25.039288,121.61293899999998,0,0,0,0,806,721,824,0,AL-0158,AS_Lung_O,21.581,26.11
2018-10-23 01:47:07,00A266660062,2018-10-23,01:47:07,25.5,67.3,28,40,50,536,1,-113,-73,211,28,37,36,-113,-74,211,24.9,67.8,25.039288,121.61293899999998,0,0,0,0,808,719,822,0,AL-0158,AS_Lung_O,22.285,26.632
2018-10-23 01:48:07,00A266660062,2018-10-23,01:48:07,25.5,67.3,27,40,49,539,1,-114,-73,211,15,34,24,-113,-73,211,24.9,67.9,25.039288,121.61293899999998,0,0,0,0,808,722,821,0,AL-0158,AS_Lung_O,21.581,26.632
2018-10-23 01:49:07,00A266660062,2018-10-23,01:49:07,25.5,67.3,28,40,51,557,1,-113,-73,211,20,41,32,-113,-74,211,24.9,67.8,25.039288,121.61293899999998,0,0,0,0,809,720,820,0,AL-0158,AS_Lung_O,22.285,26.632
2018-10-23 01:50:07,00A266660062,2018-10-23,01:50:07,25.5,67.3,28,41,51,539,1,-113,-73,212,26,38,38,-113,-73,212,24.9,67.9,25.039288,121.61293899999998,0,0,0,0,811,720,823,0,AL-0158,AS_Lung_O,22.285,27.154
2018-10-23 01:51:07,00A266660062,2018-10-23,01:51:07,25.5,67.3,28,40,51,568,1,-114,-73,212,30,38,37,-114,-73,211,24.9,67.9,25.039288,121.61293899999998,0,0,0,0,811,721,820,0,AL-0158,AS_Lung_O,22.285,26.632
2018-10-23 01:52:08,00A266660062,2018-10-23,01:52:08,25.6,67.3,28,41,51,528,1,-113,-73,211,18,40,34,-113,-73,211,25.0,67.8,25.039288,121.61293899999998,0,0,0,0,808,722,823,0,AL-0158,AS_Lung_O,22.285,27.154
2018-10-23 01:53:08,00A266660062,2018-10-23,01:53:08,25.6,67.3,27,38,50,575,1,-113,-74,211,16,52,30,-113,-74,211,25.0,67.9,25.039288,121.61293899999998,0,0,0,0,811,724,822,0,AL-0158,AS_Lung_O,21.581,25.588
2018-10-23 01:54:08,00A266660062,2018-10-23,01:54:08,25.6,67.2,28,41,50,533,1,-113,-74,212,16,38,25,-113,-74,211,25.0,67.9,25.039288,121.61293899999998,0,0,0,0,807,721,820,0,AL-0158,AS_Lung_O,22.285,27.154
2018-10-23 01:55:08,00A266660062,2018-10-23,01:55:08,25.6,67.2,28,41,52,576,1,-113,-73,211,24,35,32,-113,-74,211,25.0,67.7,25.039288,121.61293899999998,0,0,0,0,809,726,823,0,AL-0158,AS_Lung_O,22.285,27.154
2018-10-23 01:56:08,00A266660062,2018-10-23,01:56:08,25.6,67.2,28,41,52,577,1,-113,-74,211,16,29,31,-113,-73,212,25.1,67.6,25.039288,121.61293899999998,0,0,0,0,809,721,820,0,AL-0158,AS_Lung_O,22.285,27.154
2018-10-23 01:57:08,00A266660062,2018-10-23,01:57:08,25.6,67.2,28,41,52,587,1,-113,-74,211,12,31,33,-113,-73,212,25.1,67.4,25.039288,121.61293899999998,0,0,0,0,811,723,822,0,AL-0158,AS_Lung_O,22.285,27.154
2018-10-23 01:58:08,00A266660062,2018-10-23,01:58:08,25.6,67.2,28,42,53,573,1,-113,-73,211,24,33,27,-113,-74,212,25.1,67.5,25.039288,121.61293899999998,0,0,0,0,805,720,819,0,AL-0158,AS_Lung_O,22.285,27.676
2018-10-23 01:59:09,00A266660062,2018-10-23,01:59:09,25.7,67.2,28,40,52,576,1,-113,-73,211,24,35,34,-113,-74,211,25.1,67.4,25.039288,121.61293899999998,0,0,0,0,810,721,818,0,AL-0158,AS_Lung_O,22.285,26.632
2018-10-23 02:00:09,00A266660062,2018-10-23,02:00:09,25.6,67.2,28,39,49,546,1,-113,-73,211,24,34,23,-113,-73,212,25.1,67.2,25.039288,121.61293899999998,0,0,0,0,806,720,820,0,AL-0158,AS_Lung_O,,
2018-10-23 02:01:09,00A266660062,2018-10-23,02:01:09,25.7,67.2,28,40,51,544,1,-113,-73,211,30,35,22,-113,-74,211,25.2,67.3,25.039288,121.61293899999998,0,0,0,0,806,722,823,0,AL-0158,AS_Lung_O,,
2018-10-23 02:02:09,00A266660062,2018-10-23,02:02:09,25.7,67.2,29,42,53,586,1,-113,-73,211,22,45,12,-113,-74,211,25.2,67.2,25.039288,121.61293899999998,0,0,0,0,809,723,819,0,AL-0158,AS_Lung_O,,
2018-10-23 02:03:09,00A266660062,2018-10-23,02:03:09,25.7,67.2,28,40,50,573,1,-113,-74,211,16,39,26,-113,-73,211,25.2,67.0,25.039288,121.61293899999998,0,0,0,0,808,721,821,0,AL-0158,AS_Lung_O,,
2018-10-23 02:04:09,00A266660062,2018-10-23,02:04:09,25.7,67.2,28,42,52,572,1,-113,-73,211,22,46,38,-113,-73,211,25.1,67.3,25.039288,121.61293899999998,0,0,0,0,807,720,819,0,AL-0158,AS_Lung_O,,
2018-10-23 02:05:10,00A266660062,2018-10-23,02:05:10,25.7,67.2,28,41,51,572,1,-113,-73,211,18,29,28,-113,-74,211,25.1,67.3,25.039288,121.61293899999998,0,0,0,0,811,719,821,0,AL-0158,AS_Lung_O,,
2018-10-23 02:06:10,00A266660062,2018-10-23,02:06:10,25.7,67.2,28,41,51,549,1,-113,-73,211,12,32,26,-113,-73,211,25.1,67.3,25.039288,121.61293899999998,0,0,0,0,808,721,822,0,AL-0158,AS_Lung_O,,
2018-10-23 02:07:10,00A266660062,2018-10-23,02:07:10,25.7,67.2,28,42,54,570,1,-113,-73,212,16,36,19,-113,-73,211,25.1,67.1,25.039288,121.61293899999998,0,0,0,0,809,721,821,0,AL-0158,AS_Lung_O,,
2018-10-23 02:08:10,00A266660062,2018-10-23,02:08:10,25.7,67.2,28,39,50,568,1,-113,-73,211,26,38,38,-113,-73,211,25.1,67.2,25.039288,121.61293899999998,0,0,0,0,802,719,818,0,AL-0158,AS_Lung_O,,
2018-10-23 02:09:10,00A266660062,2018-10-23,02:09:10,25.7,67.2,28,42,53,550,1,-113,-74,211,22,29,27,-113,-73,212,25.1,67.3,25.039288,121.61293899999998,0,0,0,0,802,716,816,0,AL-0158,AS_Lung_O,,
2018-10-23 02:10:10,00A266660062,2018-10-23,02:10:10,25.7,67.2,28,42,53,557,1,-113,-74,211,16,43,16,-113,-73,211,25.2,67.3,25.039288,121.61293899999998,0,0,0,0,799,712,812,0,AL-0158,AS_Lung_O,,
2018-10-23 02:11:10,00A266660062,2018-10-23,02:11:10,25.7,67.2,29,42,54,536,1,-113,-73,211,22,32,27,-113,-73,212,25.2,67.4,25.039288,121.61293899999998,0,0,0,0,801,713,814,0,AL-0158,AS_Lung_O,,
2018-10-23 02:12:11,00A266660062,2018-10-23,02:12:11,25.7,67.1,28,43,53,576,1,-113,-73,211,20,37,24,-113,-74,211,25.1,67.4,25.039288,121.61293899999998,0,0,0,0,798,711,809,0,AL-0158,AS_Lung_O,,
2018-10-23 02:13:11,00A266660062,2018-10-23,02:13:11,25.7,67.1,28,41,51,569,1,-113,-73,211,14,41,22,-113,-74,211,25.1,67.5,25.039288,121.61293899999998,0,0,0,0,800,711,814,0,AL-0158,AS_Lung_O,,
2018-10-23 02:14:11,00A266660062,2018-10-23,02:14:11,25.7,67.1,30,42,52,566,1,-113,-73,211,26,46,28,-113,-73,211,25.2,67.4,25.039288,121.61293899999998,0,0,0,0,800,710,811,0,AL-0158,AS_Lung_O,,
2018-10-23 02:15:11,00A266660062,2018-10-23,02:15:11,25.7,67.1,35,53,69,588,1,-113,-73,212,22,40,31,-113,-73,211,25.2,67.3,25.039288,121.61293899999998,0,0,0,0,791,704,806,0,AL-0158,AS_Lung_O,,
2018-10-23 02:16:11,00A266660062,2018-10-23,02:16:11,25.7,67.1,30,44,55,563,1,-113,-74,211,14,39,20,-113,-73,211,25.1,67.1,25.039288,121.61293899999998,0,0,0,0,787,696,799,0,AL-0158,AS_Lung_O,,
2018-10-23 02:17:14,00A266660062,2018-10-23,02:17:14,25.7,67.1,29,42,53,567,1,-113,-74,211,2,8,7,-113,-74,212,25.2,67.2,25.039288,121.61293899999998,0,0,0,0,789,696,802,0,AL-0158,AS_Lung_O,,
2018-10-23 02:18:15,00A266660062,2018-10-23,02:18:15,25.7,67.1,29,41,50,568,1,-113,-73,211,2,4,4,-113,-73,211,25.2,67.2,25.039288,121.61293899999998,0,0,0,0,785,694,797,0,AL-0158,AS_Lung_O,,
2018-10-23 02:19:14,00A266660062,2018-10-23,02:19:14,25.7,67.1,28,41,54,537,1,-113,-73,211,4,12,8,-113,-73,211,25.2,67.2,25.039288,121.61293899999998,0,0,0,0,784,694,799,0,AL-0158,AS_Lung_O,,
2018-10-23 02:20:13,00A266660062,2018-10-23,02:20:13,25.7,67.1,30,44,55,546,1,-113,-73,211,16,30,19,-113,-73,212,25.2,67.2,25.039288,121.61293899999998,0,0,0,0,784,694,798,0,AL-0158,AS_Lung_O,,
2018-10-23 02:21:12,00A266660062,2018-10-23,02:21:12,25.7,67.1,30,44,56,581,1,-113,-73,211,16,30,22,-113,-73,211,25.2,67.2,25.039288,121.61293899999998,0,0,0,0,786,693,797,0,AL-0158,AS_Lung_O,,
2018-10-23 02:22:12,00A266660062,2018-10-23,02:22:12,25.7,67.1,29,42,52,555,1,-113,-73,211,26,43,24,-113,-74,211,25.2,67.4,25.039288,121.61293899999998,0,0,0,0,782,696,802,0,AL-0158,AS_Lung_O,,
2018-10-23 02:23:13,00A266660062,2018-10-23,02:23:13,25.6,67.1,29,42,54,541,1,-113,-73,212,20,34,31,-113,-73,211,25.2,67.3,25.039288,121.61293899999998,0,0,0,0,782,694,798,0,AL-0158,AS_Lung_O,,
2018-10-23 02:24:13,00A266660062,2018-10-23,02:24:13,25.6,67.1,30,43,54,561,1,-113,-73,211,20,39,28,-113,-74,211,25.2,67.3,25.039288,121.61293899999998,0,0,0,0,781,693,797,0,AL-0158,AS_Lung_O,,
2018-10-23 02:25:13,00A266660062,2018-10-23,02:25:13,25.7,67.1,29,43,52,584,1,-114,-73,211,17,32,39,-113,-73,212,25.2,67.2,25.039288,121.61293899999998,0,0,0,0,785,694,798,0,AL-0158,AS_Lung_O,,
2018-10-23 02:26:13,00A266660062,2018-10-23,02:26:13,25.6,67.1,28,40,49,550,1,-114,-73,211,21,36,24,-113,-73,211,25.2,67.3,25.039288,121.61293899999998,0,0,0,0,776,690,795,0,AL-0158,AS_Lung_O,,
2018-10-23 02:27:13,00A266660062,2018-10-23,02:27:13,25.7,67.1,28,41,50,569,1,-113,-73,212,16,44,25,-113,-73,211,25.2,67.3,25.039288,121.61293899999998,0,0,0,0,775,689,798,0,AL-0158,AS_Lung_O,,
2018-10-23 02:28:13,00A266660062,2018-10-23,02:28:13,25.6,67.1,29,42,53,541,1,-113,-74,211,14,38,20,-113,-74,211,25.2,67.3,25.039288,121.61293899999998,0,0,0,0,777,692,796,0,AL-0158,AS_Lung_O,,
2018-10-23 02:29:14,00A266660062,2018-10-23,02:29:14,25.7,67.2,29,42,52,569,1,-113,-74,211,28,49,26,-113,-73,211,25.2,67.2,25.039288,121.61293899999998,0,0,0,0,776,691,797,0,AL-0158,AS_Lung_O,,
2018-10-23 02:30:14,00A266660062,2018-10-23,02:30:14,25.6,67.1,29,42,52,552,1,-113,-73,211,14,32,33,-113,-73,212,25.2,67.2,25.039288,121.61293899999998,0,0,0,0,779,690,795,0,AL-0158,AS_Lung_O,,
2018-10-23 02:31:14,00A266660062,2018-10-23,02:31:14,25.6,67.2,28,40,52,576,1,-113,-73,211,22,48,16,-113,-73,211,25.2,67.2,25.039288,121.61293899999998,0,0,0,0,779,690,796,0,AL-0158,AS_Lung_O,,
2018-10-23 02:32:14,00A266660062,2018-10-23,02:32:14,25.6,67.2,28,41,51,581,1,-113,-73,211,16,52,10,-113,-73,211,25.2,67.2,25.039288,121.61293899999998,0,0,0,0,780,690,797,0,AL-0158,AS_Lung_O,,
2018-10-23 02:33:14,00A266660062,2018-10-23,02:33:14,25.6,67.2,30,43,55,568,1,-113,-73,212,16,38,26,-113,-73,212,25.2,67.3,25.039288,121.61293899999998,0,0,0,0,779,692,797,0,AL-0158,AS_Lung_O,,
2018-10-23 02:34:14,00A266660062,2018-10-23,02:34:14,25.6,67.1,29,43,56,563,1,-113,-73,211,22,33,25,-113,-74,212,25.2,67.2,25.039288,121.61293899999998,0,0,0,0,777,689,796,0,AL-0158,AS_Lung_O,,
2018-10-23 13:21:43,00A266660062,2018-10-23,13:21:43,24.5,68.4,35,53,68,557,1,-113,-74,212,12,47,16,-113,-73,212,24.4,77.7,25.039288,121.61293899999998,0,0,0,0,742,621,759,0,AL-0158,AS_Lung_O,,
2018-10-23 13:22:43,00A266660062,2018-10-23,13:22:43,24.5,68.4,33,48,61,544,1,-113,-73,212,26,47,26,-113,-74,212,24.4,77.5,25.039288,121.61293899999998,0,0,0,0,754,642,771,0,AL-0158,AS_Lung_O,,
2018-10-23 13:23:43,00A266660062,2018-10-23,13:23:43,24.6,68.3,32,48,62,586,1,-113,-73,211,25,45,29,-114,-74,212,24.4,77.6,25.039288,121.61293899999998,0,0,0,0,757,646,776,0,AL-0158,AS_Lung_O,,
2018-10-23 13:24:43,00A266660062,2018-10-23,13:24:43,24.6,68.3,30,47,61,529,1,-113,-74,212,30,34,26,-113,-74,212,24.4,77.2,25.039288,121.61293899999998,0,0,0,0,758,649,776,0,AL-0158,AS_Lung_O,,
2018-10-23 13:25:44,00A266660062,2018-10-23,13:25:44,24.6,68.2,32,46,63,585,1,-114,-73,211,29,52,35,-113,-73,212,24.4,77.7,25.039288,121.61293899999998,0,0,0,0,761,652,778,0,AL-0158,AS_Lung_O,,
2018-10-23 13:26:44,00A266660062,2018-10-23,13:26:44,24.7,68.2,30,43,54,535,1,-113,-73,212,22,34,24,-113,-73,212,24.4,76.3,25.039288,121.61293899999998,0,0,0,0,761,654,781,0,AL-0158,AS_Lung_O,,
2018-10-23 13:27:44,00A266660062,2018-10-23,13:27:44,24.7,68.2,31,46,59,518,1,-114,-73,212,26,32,42,-114,-73,212,24.4,76.5,25.039288,121.61293899999998,0,0,0,0,763,659,783,0,AL-0158,AS_Lung_O,,
2018-10-23 13:28:44,00A266660062,2018-10-23,13:28:44,24.7,68.1,32,45,58,530,1,-114,-73,212,25,34,34,-113,-73,212,24.4,76.8,25.039288,121.61293899999998,0,0,0,0,761,659,781,0,AL-0158,AS_Lung_O,,
2018-10-23 13:29:44,00A266660062,2018-10-23,13:29:44,24.7,68.2,29,44,57,506,1,-113,-73,212,29,43,40,-114,-74,212,24.4,77.3,25.039288,121.61293899999998,0,0,0,0,765,661,782,0,AL-0158,AS_Lung_O,,
2018-10-23 13:30:45,00A266660062,2018-10-23,13:30:45,24.7,68.1,31,45,59,576,1,-113,-73,212,7,10,8,-114,-73,212,24.4,77.0,25.039288,121.61293899999998,0,0,0,0,755,661,781,0,AL-0158,AS_Lung_O,,
2018-10-23 13:31:46,00A266660062,2018-10-23,13:31:46,24.7,68.1,32,47,59,534,1,-113,-73,212,3,3,4,-114,-74,212,24.5,77.1,25.039288,121.61293899999998,0,0,0,0,693,652,781,0,AL-0158,AS_Lung_O,,
2018-10-23 13:32:47,00A266660062,2018-10-23,13:32:47,24.8,68.1,32,45,55,554,1,-113,-73,212,0,2,0,-113,-73,212,24.5,77.3,25.039288,121.61293899999998,0,0,0,0,758,652,780,0,AL-0158,AS_Lung_O,,
2018-10-23 13:33:48,00A266660062,2018-10-23,13:33:48,24.8,68.0,29,45,57,531,1,-113,-74,212,4,6,3,-113,-74,211,24.5,77.0,25.039288,121.61293899999998,0,0,0,0,760,649,777,0,AL-0158,AS_Lung_O,,
2018-10-23 13:34:48,00A266660062,2018-10-23,13:34:48,24.8,68.0,30,45,56,558,1,-113,-73,211,2,4,3,-113,-73,212,24.5,76.7,25.039288,121.61293899999998,0,0,0,0,756,648,773,0,AL-0158,AS_Lung_O,,
2018-10-23 13:35:48,00A266660062,2018-10-23,13:35:48,24.8,67.9,30,44,56,524,1,-114,-73,211,3,6,3,-113,-73,212,24.5,76.5,25.039288,121.61293899999998,0,0,0,0,759,643,772,0,AL-0158,AS_Lung_O,,
2018-10-23 13:36:49,00A266660062,2018-10-23,13:36:49,24.8,67.9,29,43,57,520,1,-114,-74,212,5,4,6,-113,-74,212,24.5,76.5,25.039288,121.61293899999998,0,0,0,0,675,645,770,0,AL-0158,AS_Lung_O,,
2018-10-23 13:37:48,00A266660062,2018-10-23,13:37:48,24.9,67.9,29,43,56,553,1,-113,-73,212,2,3,1,-113,-74,211,24.5,77.1,25.039288,121.61293899999998,0,0,0,0,756,649,772,0,AL-0158,AS_Lung_O,,
2018-10-23 13:38:46,00A266660062,2018-10-23,13:38:46,24.9,67.9,29,45,57,568,1,-113,-73,212,2,5,3,-113,-74,211,24.5,77.1,25.039288,121.61293899999998,0,0,0,0,750,645,774,0,AL-0158,AS_Lung_O,,
2018-10-23 13:39:49,00A266660062,2018-10-23,13:39:49,24.9,67.8,30,44,54,564,1,-113,-73,211,4,4,2,-113,-73,211,24.5,77.1,25.039288,121.61293899999998,0,0,0,0,753,645,774,0,AL-0158,AS_Lung_O,,
2018-10-23 13:40:49,00A266660062,2018-10-23,13:40:49,24.9,67.8,30,44,57,552,1,-113,-73,211,2,4,5,-113,-73,212,24.5,77.1,25.039288,121.61293899999998,0,0,0,0,749,648,772,0,AL-0158,AS_Lung_O,,
2018-10-23 13:41:50,00A266660062,2018-10-23,13:41:50,24.9,67.8,30,43,55,537,1,-113,-73,212,4,2,5,-113,-73,211,24.5,77.0,25.039288,121.61293899999998,0,0,0,0,746,645,771,0,AL-0158,AS_Lung_O,,
2018-10-23 13:42:48,00A266660062,2018-10-23,13:42:48,24.9,67.8,31,45,58,544,1,-113,-74,212,0,1,4,-113,-73,212,24.5,77.4,25.039288,121.61293899999998,0,0,0,0,754,650,773,0,AL-0158,AS_Lung_O,,
2018-10-23 13:43:49,00A266660062,2018-10-23,13:43:49,24.9,67.8,31,47,58,538,1,-113,-73,212,2,2,4,-113,-73,212,24.5,77.4,25.039288,121.61293899999998,0,0,0,0,752,647,770,0,AL-0158,AS_Lung_O,,
2018-10-23 13:44:49,00A266660062,2018-10-23,13:44:49,24.9,67.8,30,45,56,523,1,-113,-73,211,2,2,3,-113,-73,212,24.5,77.3,25.039288,121.61293899999998,0,0,0,0,744,644,768,0,AL-0158,AS_Lung_O,,
