datatime,id,date,time,sht_t,sht_h,pm1,pm25,pm10,co2,adc,acc_x,acc_y,acc_z,accx_int,accy_int,accz_int,accx_i,accy_i,accz_i,sht_t_ext,sht_h_ext,gps_lat,gps_lon,gps_alt,gps_speed,gps_dir,gps_fix,ai1_2,ai1_3,ai1_4,ERR,aslung_id,cPM1,cPM2.5
2019/3/17 14:05,F0038CE7ACB9,2019/3/17,14:05:04,23.5,71.2,24,34,39,628,100,0,0,0,0,0,0,0,0,0,23.5,71.2,25.039288,121.612939,0,0,0,0,674,497,684,0,AL-0147,16.97,17.814
2019/3/17 14:05,F0038CE7ACB9,2019/3/17,14:05:25,23.5,71.2,24,34,42,634,100,0,0,0,0,0,0,0,0,0,23.5,71.2,25.039288,121.612939,0,0,0,0,672,495,680,0,AL-0147,16.97,17.814
2019/3/17 14:06,F0038CE7ACB9,2019/3/17,14:06:04,23.6,71.6,25,36,44,676,100,0,0,0,0,0,0,0,0,0,23.6,71.6,25.039288,121.612939,0,0,0,0,701,525,708,0,AL-0147,17.71,18.99
2019/3/17 14:11,F0038CE7ACB9,2019/3/17,14:11:13,23.7,69.7,21,31,34,561,100,0,0,0,0,0,0,0,0,0,23.7,69.7,25.039288,121.612939,0,0,0,0,681,506,684,0,AL-0147,14.75,16.05
2019/3/17 14:12,F0038CE7ACB9,2019/3/17,14:12:13,23.7,69.3,22,32,38,554,100,0,0,0,0,0,0,0,0,0,23.7,69.3,25.039288,121.612939,0,0,0,0,701,530,703,0,AL-0147,15.49,16.638
2019/3/17 14:13,F0038CE7ACB9,2019/3/17,14:13:14,23.7,69.3,22,32,37,524,100,0,0,0,0,0,0,0,0,0,23.7,69.3,25.039288,121.612939,0,0,0,0,707,534,708,0,AL-0147,15.49,16.638
2019/3/17 14:14,F0038CE7ACB9,2019/3/17,14:14:14,23.7,69.5,21,30,35,547,100,0,0,0,0,0,0,0,0,0,23.7,69.5,25.039288,121.612939,0,0,0,0,711,539,714,0,AL-0147,14.75,15.462
2019/3/17 14:15,F0038CE7ACB9,2019/3/17,14:15:14,23.7,69.5,21,30,35,536,100,0,0,0,0,0,0,0,0,0,23.7,69.5,25.039288,121.612939,0,0,0,0,712,540,717,0,AL-0147,14.75,15.462
2019/3/17 14:16,F0038CE7ACB9,2019/3/17,14:16:14,23.7,69.6,21,29,29,531,100,0,0,0,0,0,0,0,0,0,23.7,69.6,25.039288,121.612939,0,0,0,0,715,543,720,0,AL-0147,14.75,14.874
2019/3/17 14:17,F0038CE7ACB9,2019/3/17,14:17:15,23.7,69.8,21,30,34,541,100,0,0,0,0,0,0,0,0,0,23.7,69.8,25.039288,121.612939,0,0,0,0,716,544,717,0,AL-0147,14.75,15.462
2019/3/17 14:18,F0038CE7ACB9,2019/3/17,14:18:15,23.7,69.8,21,31,35,541,100,0,0,0,0,0,0,0,0,0,23.7,69.8,25.039288,121.612939,0,0,0,0,718,546,719,0,AL-0147,14.75,16.05
2019/3/17 14:19,F0038CE7ACB9,2019/3/17,14:19:15,23.7,69.6,22,31,35,524,100,0,0,0,0,0,0,0,0,0,23.7,69.6,25.039288,121.612939,0,0,0,0,719,547,720,0,AL-0147,15.49,16.05
2019/3/17 14:20,F0038CE7ACB9,2019/3/17,14:20:15,23.8,69.4,21,32,38,536,100,0,0,0,0,0,0,0,0,0,23.8,69.4,25.039288,121.612939,0,0,0,0,718,550,721,0,AL-0147,14.75,16.638
2019/3/17 14:21,F0038CE7ACB9,2019/3/17,14:21:15,23.8,69.3,22,30,32,541,100,0,0,0,0,0,0,0,0,0,23.8,69.3,25.039288,121.612939,0,0,0,0,719,550,722,0,AL-0147,15.462,15.462
2019/3/17 14:22,F0038CE7ACB9,2019/3/17,14:22:16,23.8,69.3,20,28,30,528,100,0,0,0,0,0,0,0,0,0,23.8,69.3,25.039288,121.612939,0,0,0,0,719,550,720,0,AL-0147,14.01,14.286
2019/3/17 14:23,F0038CE7ACB9,2019/3/17,14:23:16,23.9,69.5,20,28,29,540,100,0,0,0,0,0,0,0,0,0,23.9,69.5,25.039288,121.612939,0,0,0,0,721,549,719,0,AL-0147,14.01,14.286
2019/3/17 14:24,F0038CE7ACB9,2019/3/17,14:24:16,23.9,69.4,21,30,33,583,100,0,0,0,0,0,0,0,0,0,23.9,69.4,25.039288,121.612939,0,0,0,0,721,552,723,0,AL-0147,14.75,15.462
2019/3/17 14:25,F0038CE7ACB9,2019/3/17,14:25:16,23.9,69.4,20,29,30,560,100,0,0,0,0,0,0,0,0,0,23.9,69.4,25.039288,121.612939,0,0,0,0,723,551,722,0,AL-0147,14.01,14.874
2019/3/17 14:26,F0038CE7ACB9,2019/3/17,14:26:17,23.9,69.2,21,30,32,538,100,0,0,0,0,0,0,0,0,0,23.9,69.2,25.039288,121.612939,0,0,0,0,719,554,726,0,AL-0147,14.75,15.462
2019/3/17 14:27,F0038CE7ACB9,2019/3/17,14:27:17,24,69.1,23,34,39,559,100,0,0,0,0,0,0,0,0,0,24,69.1,25.039288,121.612939,0,0,0,0,720,552,721,0,AL-0147,16.23,17.814
2019/3/17 14:28,F0038CE7ACB9,2019/3/17,14:28:17,24,69.3,37,56,71,578,100,0,0,0,0,0,0,0,0,0,24,69.3,25.039288,121.612939,0,0,0,0,720,554,726,0,AL-0147,26.59,30.75
2019/3/17 14:29,F0038CE7ACB9,2019/3/17,14:29:17,24,68.9,22,32,35,619,100,0,0,0,0,0,0,0,0,0,24,68.9,25.039288,121.612939,0,0,0,0,723,553,721,0,AL-0147,15.49,16.638
2019/3/17 14:30,F0038CE7ACB9,2019/3/17,14:30:18,24,68.9,20,30,33,677,100,0,0,0,0,0,0,0,0,0,24,68.9,25.039288,121.612939,0,0,0,0,724,552,725,0,AL-0147,14.01,15.462
2019/3/17 14:31,F0038CE7ACB9,2019/3/17,14:31:18,23.9,68.6,20,29,30,547,100,0,0,0,0,0,0,0,0,0,23.9,68.6,25.039288,121.612939,0,0,0,0,722,554,726,0,AL-0147,14.01,14.874
2019/3/17 14:32,F0038CE7ACB9,2019/3/17,14:32:18,23.9,68.6,19,27,27,544,100,0,0,0,0,0,0,0,0,0,23.9,68.6,25.039288,121.612939,0,0,0,0,722,553,725,0,AL-0147,13.27,13.698
2019/3/17 14:33,F0038CE7ACB9,2019/3/17,14:33:18,23.9,69.2,21,31,33,632,100,0,0,0,0,0,0,0,0,0,23.9,69.2,25.039288,121.612939,0,0,0,0,722,555,727,0,AL-0147,14.75,16.05
2019/3/17 14:34,F0038CE7ACB9,2019/3/17,14:34:19,23.9,68.5,20,28,30,579,100,0,0,0,0,0,0,0,0,0,23.9,68.5,25.039288,121.612939,0,0,0,0,724,554,723,0,AL-0147,14.01,14.286
2019/3/17 14:35,F0038CE7ACB9,2019/3/17,14:35:19,23.9,68.6,19,25,26,579,100,0,0,0,0,0,0,0,0,0,23.9,68.6,25.039288,121.612939,0,0,0,0,723,555,724,0,AL-0147,12.522,12.522
2019/3/17 14:36,F0038CE7ACB9,2019/3/17,14:36:19,23.9,68.3,20,30,33,553,100,0,0,0,0,0,0,0,0,0,23.9,68.3,25.039288,121.612939,0,0,0,0,726,554,724,0,AL-0147,14.01,15.462
2019/3/17 14:37,F0038CE7ACB9,2019/3/17,14:37:19,23.8,68.4,20,27,29,530,100,0,0,0,0,0,0,0,0,0,23.8,68.4,25.039288,121.612939,0,0,0,0,724,558,725,0,AL-0147,13.698,13.698
2019/3/17 14:38,F0038CE7ACB9,2019/3/17,14:38:20,23.8,68.7,18,25,29,545,100,0,0,0,0,0,0,0,0,0,23.8,68.7,25.039288,121.612939,0,0,0,0,726,556,725,0,AL-0147,12.522,12.522
2019/3/17 14:39,F0038CE7ACB9,2019/3/17,14:39:20,23.8,68.6,19,27,28,541,100,0,0,0,0,0,0,0,0,0,23.8,68.6,25.039288,121.612939,0,0,0,0,725,554,723,0,AL-0147,13.27,13.698
2019/3/17 14:40,F0038CE7ACB9,2019/3/17,14:40:20,23.7,68.9,20,26,30,547,100,0,0,0,0,0,0,0,0,0,23.7,68.9,25.039288,121.612939,0,0,0,0,727,558,724,0,AL-0147,13.11,13.11
2019/3/17 14:41,F0038CE7ACB9,2019/3/17,14:41:20,23.7,68.8,20,29,32,531,100,0,0,0,0,0,0,0,0,0,23.7,68.8,25.039288,121.612939,0,0,0,0,727,557,726,0,AL-0147,14.01,14.874
2019/3/17 14:42,F0038CE7ACB9,2019/3/17,14:42:21,23.6,69.4,20,29,30,541,100,0,0,0,0,0,0,0,0,0,23.6,69.4,25.039288,121.612939,0,0,0,0,725,558,728,0,AL-0147,14.01,14.874
2019/3/17 14:43,F0038CE7ACB9,2019/3/17,14:43:21,23.5,69.2,19,27,28,543,100,0,0,0,0,0,0,0,0,0,23.5,69.2,25.039288,121.612939,0,0,0,0,728,557,727,0,AL-0147,13.27,13.698
2019/3/17 14:44,F0038CE7ACB9,2019/3/17,14:44:21,23.4,69.3,20,28,31,560,100,0,0,0,0,0,0,0,0,0,23.4,69.3,25.039288,121.612939,0,0,0,0,725,557,726,0,AL-0147,14.01,14.286
2019/3/17 14:45,F0038CE7ACB9,2019/3/17,14:45:21,23.4,68.9,19,24,25,548,100,0,0,0,0,0,0,0,0,0,23.4,68.9,25.039288,121.612939,0,0,0,0,724,558,724,0,AL-0147,11.934,11.934
2019/3/17 14:46,F0038CE7ACB9,2019/3/17,14:46:22,23.2,69.7,18,25,26,528,100,0,0,0,0,0,0,0,0,0,23.2,69.7,25.039288,121.612939,0,0,0,0,724,559,727,0,AL-0147,12.522,12.522
2019/3/17 14:47,F0038CE7ACB9,2019/3/17,14:47:22,23.2,69.9,18,26,28,553,100,0,0,0,0,0,0,0,0,0,23.2,69.9,25.039288,121.612939,0,0,0,0,727,562,727,0,AL-0147,12.53,13.11
2019/3/17 14:48,F0038CE7ACB9,2019/3/17,14:48:22,23,70.4,17,23,25,525,100,0,0,0,0,0,0,0,0,0,23,70.4,25.039288,121.612939,0,0,0,0,723,557,724,0,AL-0147,11.346,11.346
2019/3/17 14:49,F0038CE7ACB9,2019/3/17,14:49:22,22.9,70.7,18,25,28,540,100,0,0,0,0,0,0,0,0,0,22.9,70.7,25.039288,121.612939,0,0,0,0,729,560,722,0,AL-0147,12.522,12.522
2019/3/17 14:50,F0038CE7ACB9,2019/3/17,14:50:22,22.9,71.1,18,23,27,535,100,0,0,0,0,0,0,0,0,0,22.9,71.1,25.039288,121.612939,0,0,0,0,724,562,724,0,AL-0147,11.346,11.346
2019/3/17 14:51,F0038CE7ACB9,2019/3/17,14:51:23,22.9,71.3,19,28,30,545,100,0,0,0,0,0,0,0,0,0,22.9,71.3,25.039288,121.612939,0,0,0,0,727,559,727,0,AL-0147,13.27,14.286
2019/3/17 14:52,F0038CE7ACB9,2019/3/17,14:52:23,22.8,71.8,19,29,31,532,100,0,0,0,0,0,0,0,0,0,22.8,71.8,25.039288,121.612939,0,0,0,0,727,560,723,0,AL-0147,13.27,14.874
2019/3/17 14:53,F0038CE7ACB9,2019/3/17,14:53:23,22.8,72.3,19,29,35,548,100,0,0,0,0,0,0,0,0,0,22.8,72.3,25.039288,121.612939,0,0,0,0,726,560,723,0,AL-0147,13.27,14.874
2019/3/17 14:54,F0038CE7ACB9,2019/3/17,14:54:23,22.8,72,20,29,29,573,100,0,0,0,0,0,0,0,0,0,22.8,72,25.039288,121.612939,0,0,0,0,727,558,722,0,AL-0147,14.01,14.874
2019/3/17 14:55,F0038CE7ACB9,2019/3/17,14:55:24,22.7,72.1,18,26,28,545,100,0,0,0,0,0,0,0,0,0,22.7,72.1,25.039288,121.612939,0,0,0,0,726,559,726,0,AL-0147,12.53,13.11
2019/3/17 14:56,F0038CE7ACB9,2019/3/17,14:56:24,22.6,72.1,16,25,25,530,100,0,0,0,0,0,0,0,0,0,22.6,72.1,25.039288,121.612939,0,0,0,0,727,560,725,0,AL-0147,11.05,12.522
2019/3/17 14:57,F0038CE7ACB9,2019/3/17,14:57:24,22.6,72.4,17,25,26,536,100,0,0,0,0,0,0,0,0,0,22.6,72.4,25.039288,121.612939,0,0,0,0,728,562,725,0,AL-0147,11.79,12.522
2019/3/17 14:58,F0038CE7ACB9,2019/3/17,14:58:24,22.5,72.6,18,27,28,531,100,0,0,0,0,0,0,0,0,0,22.5,72.6,25.039288,121.612939,0,0,0,0,729,563,727,0,AL-0147,12.53,13.698
2019/3/17 14:59,F0038CE7ACB9,2019/3/17,14:59:25,22.5,72.8,17,26,28,546,100,0,0,0,0,0,0,0,0,0,22.5,72.8,25.039288,121.612939,0,0,0,0,725,560,726,0,AL-0147,11.79,13.11
2019/3/17 15:00,F0038CE7ACB9,2019/3/17,15:00:25,22.5,72.9,18,25,26,551,100,0,0,0,0,0,0,0,0,0,22.5,72.9,25.039288,121.612939,0,0,0,0,727,561,724,0,AL-0147,12.522,12.522
2019/3/17 15:01,F0038CE7ACB9,2019/3/17,15:01:25,22.5,72.9,17,25,28,534,100,0,0,0,0,0,0,0,0,0,22.5,72.9,25.039288,121.612939,0,0,0,0,728,561,727,0,AL-0147,11.79,12.522
2019/3/17 15:02,F0038CE7ACB9,2019/3/17,15:02:25,22.5,73,17,26,29,568,100,0,0,0,0,0,0,0,0,0,22.5,73,25.039288,121.612939,0,0,0,0,727,560,726,0,AL-0147,11.79,13.11
2019/3/17 15:03,F0038CE7ACB9,2019/3/17,15:03:26,22.6,73.3,18,26,26,627,100,0,0,0,0,0,0,0,0,0,22.6,73.3,25.039288,121.612939,0,0,0,0,728,560,725,0,AL-0147,12.53,13.11
2019/3/17 15:04,F0038CE7ACB9,2019/3/17,15:04:26,22.6,72.7,18,26,28,562,100,0,0,0,0,0,0,0,0,0,22.6,72.7,25.039288,121.612939,0,0,0,0,728,559,724,0,AL-0147,12.53,13.11
2019/3/17 15:05,F0038CE7ACB9,2019/3/17,15:05:26,22.5,72.9,18,24,24,539,100,0,0,0,0,0,0,0,0,0,22.5,72.9,25.039288,121.612939,0,0,0,0,730,561,727,0,AL-0147,11.934,11.934
2019/3/17 15:06,F0038CE7ACB9,2019/3/17,15:06:26,22.3,73.1,18,27,29,533,100,0,0,0,0,0,0,0,0,0,22.3,73.1,25.039288,121.612939,0,0,0,0,727,559,723,0,AL-0147,12.53,13.698
2019/3/17 15:07,F0038CE7ACB9,2019/3/17,15:07:27,22.2,73.4,19,25,25,547,100,0,0,0,0,0,0,0,0,0,22.2,73.4,25.039288,121.612939,0,0,0,0,729,558,726,0,AL-0147,12.522,12.522
2019/3/17 15:08,F0038CE7ACB9,2019/3/17,15:08:27,22.2,73.6,18,25,26,533,100,0,0,0,0,0,0,0,0,0,22.2,73.6,25.039288,121.612939,0,0,0,0,728,560,724,0,AL-0147,12.522,12.522
2019/3/17 15:09,F0038CE7ACB9,2019/3/17,15:09:27,22.2,73.7,18,25,28,525,100,0,0,0,0,0,0,0,0,0,22.2,73.7,25.039288,121.612939,0,0,0,0,725,561,723,0,AL-0147,12.522,12.522
2019/3/17 15:10,F0038CE7ACB9,2019/3/17,15:10:27,22.1,73.6,20,32,33,531,100,0,0,0,0,0,0,0,0,0,22.1,73.6,25.039288,121.612939,0,0,0,0,727,564,724,0,AL-0147,14.01,16.638
2019/3/17 15:11,F0038CE7ACB9,2019/3/17,15:11:27,22.1,73.8,17,24,25,534,100,0,0,0,0,0,0,0,0,0,22.1,73.8,25.039288,121.612939,0,0,0,0,729,560,726,0,AL-0147,11.79,11.934
2019/3/17 15:12,F0038CE7ACB9,2019/3/17,15:12:28,22.1,73.9,18,24,28,533,100,0,0,0,0,0,0,0,0,0,22.1,73.9,25.039288,121.612939,0,0,0,0,728,562,727,0,AL-0147,11.934,11.934
2019/3/17 15:13,F0038CE7ACB9,2019/3/17,15:13:28,22.1,74.4,20,28,30,529,100,0,0,0,0,0,0,0,0,0,22.1,74.4,25.039288,121.612939,0,0,0,0,729,563,726,0,AL-0147,14.01,14.286
2019/3/17 15:14,F0038CE7ACB9,2019/3/17,15:14:28,22.1,74.7,18,26,33,523,100,0,0,0,0,0,0,0,0,0,22.1,74.7,25.039288,121.612939,0,0,0,0,731,561,723,0,AL-0147,12.53,13.11
2019/3/17 15:15,F0038CE7ACB9,2019/3/17,15:15:28,22,74.7,19,28,31,535,100,0,0,0,0,0,0,0,0,0,22,74.7,25.039288,121.612939,0,0,0,0,726,563,725,0,AL-0147,13.27,14.286
2019/3/17 15:16,F0038CE7ACB9,2019/3/17,15:16:29,22,74.5,20,28,28,532,100,0,0,0,0,0,0,0,0,0,22,74.5,25.039288,121.612939,0,0,0,0,727,562,727,0,AL-0147,14.01,14.286
2019/3/17 15:17,F0038CE7ACB9,2019/3/17,15:17:29,22.1,74.6,20,30,31,540,100,0,0,0,0,0,0,0,0,0,22.1,74.6,25.039288,121.612939,0,0,0,0,730,560,724,0,AL-0147,14.01,15.462
2019/3/17 15:18,F0038CE7ACB9,2019/3/17,15:18:29,22.1,74.7,19,30,36,528,100,0,0,0,0,0,0,0,0,0,22.1,74.7,25.039288,121.612939,0,0,0,0,732,563,724,0,AL-0147,13.27,15.462
2019/3/17 15:19,F0038CE7ACB9,2019/3/17,15:19:29,22,74.8,19,27,29,543,100,0,0,0,0,0,0,0,0,0,22,74.8,25.039288,121.612939,0,0,0,0,728,565,725,0,AL-0147,13.27,13.698
2019/3/17 15:20,F0038CE7ACB9,2019/3/17,15:20:30,22.1,74.8,18,26,27,546,100,0,0,0,0,0,0,0,0,0,22.1,74.8,25.039288,121.612939,0,0,0,0,730,565,725,0,AL-0147,12.53,13.11
2019/3/17 15:21,F0038CE7ACB9,2019/3/17,15:21:30,22.1,74.7,19,30,30,522,100,0,0,0,0,0,0,0,0,0,22.1,74.7,25.039288,121.612939,0,0,0,0,731,565,726,0,AL-0147,13.27,15.462
2019/3/17 15:22,F0038CE7ACB9,2019/3/17,15:22:30,22.2,74.7,20,29,33,524,100,0,0,0,0,0,0,0,0,0,22.2,74.7,25.039288,121.612939,0,0,0,0,728,563,724,0,AL-0147,14.01,14.874
2019/3/17 15:23,F0038CE7ACB9,2019/3/17,15:23:30,22.2,74.6,21,32,33,531,100,0,0,0,0,0,0,0,0,0,22.2,74.6,25.039288,121.612939,0,0,0,0,727,563,725,0,AL-0147,14.75,16.638
2019/3/17 15:24,F0038CE7ACB9,2019/3/17,15:24:31,22.2,74.4,20,25,27,537,100,0,0,0,0,0,0,0,0,0,22.2,74.4,25.039288,121.612939,0,0,0,0,729,564,725,0,AL-0147,12.522,12.522
2019/3/17 15:25,F0038CE7ACB9,2019/3/17,15:25:31,22.3,74.3,19,27,30,531,100,0,0,0,0,0,0,0,0,0,22.3,74.3,25.039288,121.612939,0,0,0,0,730,560,726,0,AL-0147,13.27,13.698
2019/3/17 15:26,F0038CE7ACB9,2019/3/17,15:26:31,22.3,74.3,19,30,31,530,100,0,0,0,0,0,0,0,0,0,22.3,74.3,25.039288,121.612939,0,0,0,0,729,561,726,0,AL-0147,13.27,15.462
2019/3/17 15:27,F0038CE7ACB9,2019/3/17,15:27:31,22.3,74.4,20,30,35,536,100,0,0,0,0,0,0,0,0,0,22.3,74.4,25.039288,121.612939,0,0,0,0,730,563,727,0,AL-0147,14.01,15.462
2019/3/17 15:28,F0038CE7ACB9,2019/3/17,15:28:32,22.3,74.3,20,30,31,529,100,0,0,0,0,0,0,0,0,0,22.3,74.3,25.039288,121.612939,0,0,0,0,728,562,727,0,AL-0147,14.01,15.462
2019/3/17 15:29,F0038CE7ACB9,2019/3/17,15:29:32,22.3,74.2,20,28,31,526,100,0,0,0,0,0,0,0,0,0,22.3,74.2,25.039288,121.612939,0,0,0,0,728,564,726,0,AL-0147,14.01,14.286
2019/3/17 15:30,F0038CE7ACB9,2019/3/17,15:30:32,22.3,74.4,20,26,29,528,100,0,0,0,0,0,0,0,0,0,22.3,74.4,25.039288,121.612939,0,0,0,0,726,561,722,0,AL-0147,13.11,13.11
2019/3/17 15:31,F0038CE7ACB9,2019/3/17,15:31:32,22.3,74.5,21,30,30,530,100,0,0,0,0,0,0,0,0,0,22.3,74.5,25.039288,121.612939,0,0,0,0,730,565,724,0,AL-0147,14.75,15.462
2019/3/17 15:32,F0038CE7ACB9,2019/3/17,15:32:32,22.3,74.5,20,27,29,527,100,0,0,0,0,0,0,0,0,0,22.3,74.5,25.039288,121.612939,0,0,0,0,732,562,726,0,AL-0147,13.698,13.698
2019/3/17 15:33,F0038CE7ACB9,2019/3/17,15:33:33,22.3,74.3,21,30,32,525,100,0,0,0,0,0,0,0,0,0,22.3,74.3,25.039288,121.612939,0,0,0,0,728,564,724,0,AL-0147,14.75,15.462
2019/3/17 15:34,F0038CE7ACB9,2019/3/17,15:34:33,22.2,73.9,19,26,28,519,100,0,0,0,0,0,0,0,0,0,22.2,73.9,25.039288,121.612939,0,0,0,0,731,562,726,0,AL-0147,13.11,13.11
2019/3/17 15:35,F0038CE7ACB9,2019/3/17,15:35:33,22.2,74.5,19,29,30,531,100,0,0,0,0,0,0,0,0,0,22.2,74.5,25.039288,121.612939,0,0,0,0,730,562,723,0,AL-0147,13.27,14.874
2019/3/17 15:36,F0038CE7ACB9,2019/3/17,15:36:33,22.2,74.5,19,28,29,541,100,0,0,0,0,0,0,0,0,0,22.2,74.5,25.039288,121.612939,0,0,0,0,729,563,726,0,AL-0147,13.27,14.286
2019/3/17 15:37,F0038CE7ACB9,2019/3/17,15:37:34,22.3,74.5,19,25,28,568,100,0,0,0,0,0,0,0,0,0,22.3,74.5,25.039288,121.612939,0,0,0,0,729,565,726,0,AL-0147,12.522,12.522
2019/3/17 15:38,F0038CE7ACB9,2019/3/17,15:38:34,22.3,74.5,20,30,33,549,100,0,0,0,0,0,0,0,0,0,22.3,74.5,25.039288,121.612939,0,0,0,0,727,561,722,0,AL-0147,14.01,15.462
2019/3/17 15:39,F0038CE7ACB9,2019/3/17,15:39:34,22.3,74.3,19,25,27,544,100,0,0,0,0,0,0,0,0,0,22.3,74.3,25.039288,121.612939,0,0,0,0,731,565,728,0,AL-0147,12.522,12.522
2019/3/17 15:40,F0038CE7ACB9,2019/3/17,15:40:34,22.3,74.2,19,27,30,521,100,0,0,0,0,0,0,0,0,0,22.3,74.2,25.039288,121.612939,0,0,0,0,730,565,724,0,AL-0147,13.27,13.698
2019/3/17 15:41,F0038CE7ACB9,2019/3/17,15:41:35,22.3,74.2,20,29,31,544,100,0,0,0,0,0,0,0,0,0,22.3,74.2,25.039288,121.612939,0,0,0,0,729,566,725,0,AL-0147,14.01,14.874
2019/3/17 15:42,F0038CE7ACB9,2019/3/17,15:42:35,22.3,74.1,19,30,30,540,100,0,0,0,0,0,0,0,0,0,22.3,74.1,25.039288,121.612939,0,0,0,0,728,561,724,0,AL-0147,13.27,15.462
2019/3/17 15:43,F0038CE7ACB9,2019/3/17,15:43:35,22.3,74.3,19,26,27,550,100,0,0,0,0,0,0,0,0,0,22.3,74.3,25.039288,121.612939,0,0,0,0,727,566,727,0,AL-0147,13.11,13.11
2019/3/17 15:44,F0038CE7ACB9,2019/3/17,15:44:35,22.4,74.3,20,28,30,546,100,0,0,0,0,0,0,0,0,0,22.4,74.3,25.039288,121.612939,0,0,0,0,730,563,723,0,AL-0147,14.01,14.286
2019/3/17 15:45,F0038CE7ACB9,2019/3/17,15:45:36,22.4,74.3,21,30,30,552,100,0,0,0,0,0,0,0,0,0,22.4,74.3,25.039288,121.612939,0,0,0,0,728,562,724,0,AL-0147,14.75,15.462
2019/3/17 15:46,F0038CE7ACB9,2019/3/17,15:46:36,22.4,74.4,18,26,30,576,100,0,0,0,0,0,0,0,0,0,22.4,74.4,25.039288,121.612939,0,0,0,0,732,563,724,0,AL-0147,12.53,13.11
2019/3/17 15:47,F0038CE7ACB9,2019/3/17,15:47:36,22.4,74,19,25,28,535,100,0,0,0,0,0,0,0,0,0,22.4,74,25.039288,121.612939,0,0,0,0,731,565,725,0,AL-0147,12.522,12.522
2019/3/17 15:48,F0038CE7ACB9,2019/3/17,15:48:36,22.5,74.7,19,26,28,634,100,0,0,0,0,0,0,0,0,0,22.5,74.7,25.039288,121.612939,0,0,0,0,733,563,726,0,AL-0147,13.11,13.11
2019/3/17 15:49,F0038CE7ACB9,2019/3/17,15:49:36,22.5,74.1,21,29,30,572,100,0,0,0,0,0,0,0,0,0,22.5,74.1,25.039288,121.612939,0,0,0,0,728,565,726,0,AL-0147,14.75,14.874
2019/3/17 15:50,F0038CE7ACB9,2019/3/17,15:50:37,22.5,74.2,20,29,33,579,100,0,0,0,0,0,0,0,0,0,22.5,74.2,25.039288,121.612939,0,0,0,0,730,565,724,0,AL-0147,14.01,14.874
2019/3/17 15:51,F0038CE7ACB9,2019/3/17,15:51:37,22.5,73.9,20,28,28,539,100,0,0,0,0,0,0,0,0,0,22.5,73.9,25.039288,121.612939,0,0,0,0,730,564,726,0,AL-0147,14.01,14.286
2019/3/17 15:52,F0038CE7ACB9,2019/3/17,15:52:37,22.5,73.8,19,28,29,538,100,0,0,0,0,0,0,0,0,0,22.5,73.8,25.039288,121.612939,0,0,0,0,727,563,724,0,AL-0147,13.27,14.286
2019/3/17 15:53,F0038CE7ACB9,2019/3/17,15:53:37,22.5,74,19,29,32,543,100,0,0,0,0,0,0,0,0,0,22.5,74,25.039288,121.612939,0,0,0,0,727,565,726,0,AL-0147,13.27,14.874
2019/3/17 15:54,F0038CE7ACB9,2019/3/17,15:54:38,22.5,74.3,20,28,32,560,100,0,0,0,0,0,0,0,0,0,22.5,74.3,25.039288,121.612939,0,0,0,0,729,566,725,0,AL-0147,14.01,14.286
2019/3/17 15:55,F0038CE7ACB9,2019/3/17,15:55:38,22.5,74.3,21,29,29,550,100,0,0,0,0,0,0,0,0,0,22.5,74.3,25.039288,121.612939,0,0,0,0,733,564,724,0,AL-0147,14.75,14.874
2019/3/17 15:56,F0038CE7ACB9,2019/3/17,15:56:38,22.4,74.6,20,29,32,542,100,0,0,0,0,0,0,0,0,0,22.4,74.6,25.039288,121.612939,0,0,0,0,729,567,726,0,AL-0147,14.01,14.874
2019/3/17 15:57,F0038CE7ACB9,2019/3/17,15:57:38,22.4,74.6,21,27,28,563,100,0,0,0,0,0,0,0,0,0,22.4,74.6,25.039288,121.612939,0,0,0,0,729,568,728,0,AL-0147,13.698,13.698
2019/3/17 15:58,F0038CE7ACB9,2019/3/17,15:58:39,22.5,74.7,19,28,33,547,100,0,0,0,0,0,0,0,0,0,22.5,74.7,25.039288,121.612939,0,0,0,0,732,566,725,0,AL-0147,13.27,14.286
2019/3/17 15:59,F0038CE7ACB9,2019/3/17,15:59:39,22.5,74.8,21,30,34,564,100,0,0,0,0,0,0,0,0,0,22.5,74.8,25.039288,121.612939,0,0,0,0,733,564,723,0,AL-0147,14.75,15.462
2019/3/17 16:00,F0038CE7ACB9,2019/3/17,16:00:39,22.5,74.9,20,29,31,586,100,0,0,0,0,0,0,0,0,0,22.5,74.9,25.039288,121.612939,0,0,0,0,729,564,726,0,AL-0147,14.01,14.874
2019/3/17 16:01,F0038CE7ACB9,2019/3/17,16:01:39,22.6,74.8,21,27,28,545,100,0,0,0,0,0,0,0,0,0,22.6,74.8,25.039288,121.612939,0,0,0,0,730,564,728,0,AL-0147,13.698,13.698
2019/3/17 16:02,F0038CE7ACB9,2019/3/17,16:02:40,22.5,75,20,29,33,535,100,0,0,0,0,0,0,0,0,0,22.5,75,25.039288,121.612939,0,0,0,0,730,566,729,0,AL-0147,14.01,14.874
2019/3/17 16:03,F0038CE7ACB9,2019/3/17,16:03:40,22.6,75.5,20,28,29,673,100,0,0,0,0,0,0,0,0,0,22.6,75.5,25.039288,121.612939,0,0,0,0,734,567,727,0,AL-0147,14.01,14.286
2019/3/17 16:04,F0038CE7ACB9,2019/3/17,16:04:40,22.6,75.2,28,41,50,622,100,0,0,0,0,0,0,0,0,0,22.6,75.2,25.039288,121.612939,0,0,0,0,733,567,727,0,AL-0147,19.93,21.93
2019/3/17 16:05,F0038CE7ACB9,2019/3/17,16:05:40,22.6,75.5,21,30,33,637,100,0,0,0,0,0,0,0,0,0,22.6,75.5,25.039288,121.612939,0,0,0,0,733,567,728,0,AL-0147,14.75,15.462
2019/3/17 16:06,F0038CE7ACB9,2019/3/17,16:06:40,22.7,75.7,21,28,32,703,100,0,0,0,0,0,0,0,0,0,22.7,75.7,25.039288,121.612939,0,0,0,0,732,569,727,0,AL-0147,14.286,14.286
2019/3/17 16:07,F0038CE7ACB9,2019/3/17,16:07:41,22.7,74.8,19,27,28,602,100,0,0,0,0,0,0,0,0,0,22.7,74.8,25.039288,121.612939,0,0,0,0,732,567,727,0,AL-0147,13.27,13.698
2019/3/17 16:08,F0038CE7ACB9,2019/3/17,16:08:41,22.7,74.7,20,27,28,584,100,0,0,0,0,0,0,0,0,0,22.7,74.7,25.039288,121.612939,0,0,0,0,732,564,727,0,AL-0147,13.698,13.698
2019/3/17 16:09,F0038CE7ACB9,2019/3/17,16:09:41,22.7,74.9,21,30,31,608,100,0,0,0,0,0,0,0,0,0,22.7,74.9,25.039288,121.612939,0,0,0,0,731,566,727,0,AL-0147,14.75,15.462
2019/3/17 16:10,F0038CE7ACB9,2019/3/17,16:10:41,22.7,74.9,21,31,34,574,100,0,0,0,0,0,0,0,0,0,22.7,74.9,25.039288,121.612939,0,0,0,0,731,569,724,0,AL-0147,14.75,16.05
2019/3/17 16:11,F0038CE7ACB9,2019/3/17,16:11:42,22.7,74.8,21,28,31,538,100,0,0,0,0,0,0,0,0,0,22.7,74.8,25.039288,121.612939,0,0,0,0,734,568,726,0,AL-0147,14.286,14.286
2019/3/17 16:12,F0038CE7ACB9,2019/3/17,16:12:42,22.7,75.9,21,30,31,656,100,0,0,0,0,0,0,0,0,0,22.7,75.9,25.039288,121.612939,0,0,0,0,732,566,728,0,AL-0147,14.75,15.462
2019/3/17 16:13,F0038CE7ACB9,2019/3/17,16:13:42,22.7,74.8,21,31,34,579,100,0,0,0,0,0,0,0,0,0,22.7,74.8,25.039288,121.612939,0,0,0,0,735,566,729,0,AL-0147,14.75,16.05
2019/3/17 16:14,F0038CE7ACB9,2019/3/17,16:14:42,22.7,74.9,21,30,31,580,100,0,0,0,0,0,0,0,0,0,22.7,74.9,25.039288,121.612939,0,0,0,0,730,569,728,0,AL-0147,14.75,15.462
2019/3/17 16:15,F0038CE7ACB9,2019/3/17,16:15:43,22.7,75,21,29,30,570,100,0,0,0,0,0,0,0,0,0,22.7,75,25.039288,121.612939,0,0,0,0,733,565,729,0,AL-0147,14.75,14.874
2019/3/17 16:16,F0038CE7ACB9,2019/3/17,16:16:43,22.7,75.7,19,28,30,668,100,0,0,0,0,0,0,0,0,0,22.7,75.7,25.039288,121.612939,0,0,0,0,730,568,724,0,AL-0147,13.27,14.286
2019/3/17 16:17,F0038CE7ACB9,2019/3/17,16:17:43,22.7,75.5,21,29,30,636,100,0,0,0,0,0,0,0,0,0,22.7,75.5,25.039288,121.612939,0,0,0,0,732,567,725,0,AL-0147,14.75,14.874
2019/3/17 16:18,F0038CE7ACB9,2019/3/17,16:18:43,22.7,75.7,21,29,31,712,100,0,0,0,0,0,0,0,0,0,22.7,75.7,25.039288,121.612939,0,0,0,0,733,568,729,0,AL-0147,14.75,14.874
2019/3/17 16:19,F0038CE7ACB9,2019/3/17,16:19:44,22.7,75.7,22,31,34,642,100,0,0,0,0,0,0,0,0,0,22.7,75.7,25.039288,121.612939,0,0,0,0,731,564,725,0,AL-0147,15.49,16.05
2019/3/17 16:20,F0038CE7ACB9,2019/3/17,16:20:44,22.7,75.3,21,30,33,589,100,0,0,0,0,0,0,0,0,0,22.7,75.3,25.039288,121.612939,0,0,0,0,730,567,724,0,AL-0147,14.75,15.462
2019/3/17 16:21,F0038CE7ACB9,2019/3/17,16:21:44,22.6,75.2,21,31,34,558,100,0,0,0,0,0,0,0,0,0,22.6,75.2,25.039288,121.612939,0,0,0,0,734,565,725,0,AL-0147,14.75,16.05
2019/3/17 16:22,F0038CE7ACB9,2019/3/17,16:22:44,22.6,75.1,22,32,38,566,100,0,0,0,0,0,0,0,0,0,22.6,75.1,25.039288,121.612939,0,0,0,0,729,567,725,0,AL-0147,15.49,16.638
2019/3/17 16:23,F0038CE7ACB9,2019/3/17,16:23:44,22.6,75.3,22,30,31,595,100,0,0,0,0,0,0,0,0,0,22.6,75.3,25.039288,121.612939,0,0,0,0,731,566,727,0,AL-0147,15.462,15.462
2019/3/17 16:24,F0038CE7ACB9,2019/3/17,16:24:45,22.6,75.2,23,31,35,558,100,0,0,0,0,0,0,0,0,0,22.6,75.2,25.039288,121.612939,0,0,0,0,733,569,728,0,AL-0147,16.05,16.05
2019/3/17 16:25,F0038CE7ACB9,2019/3/17,16:25:45,22.6,75.3,21,30,31,563,100,0,0,0,0,0,0,0,0,0,22.6,75.3,25.039288,121.612939,0,0,0,0,733,567,726,0,AL-0147,14.75,15.462
2019/3/17 16:26,F0038CE7ACB9,2019/3/17,16:26:45,22.6,75.5,20,28,29,555,100,0,0,0,0,0,0,0,0,0,22.6,75.5,25.039288,121.612939,0,0,0,0,730,565,726,0,AL-0147,14.01,14.286
2019/3/17 16:27,F0038CE7ACB9,2019/3/17,16:27:45,22.5,75.6,20,27,28,550,100,0,0,0,0,0,0,0,0,0,22.5,75.6,25.039288,121.612939,0,0,0,0,731,565,728,0,AL-0147,13.698,13.698
2019/3/17 16:28,F0038CE7ACB9,2019/3/17,16:28:46,22.4,75.9,21,28,29,585,100,0,0,0,0,0,0,0,0,0,22.4,75.9,25.039288,121.612939,0,0,0,0,730,566,728,0,AL-0147,14.286,14.286
2019/3/17 16:29,F0038CE7ACB9,2019/3/17,16:29:46,22.4,76.1,20,28,30,581,100,0,0,0,0,0,0,0,0,0,22.4,76.1,25.039288,121.612939,0,0,0,0,732,567,729,0,AL-0147,14.01,14.286
2019/3/17 16:30,F0038CE7ACB9,2019/3/17,16:30:46,22.5,76.6,20,29,30,651,100,0,0,0,0,0,0,0,0,0,22.5,76.6,25.039288,121.612939,0,0,0,0,731,565,730,0,AL-0147,14.01,14.874
2019/3/17 16:31,F0038CE7ACB9,2019/3/17,16:31:46,22.5,76.3,21,28,30,663,100,0,0,0,0,0,0,0,0,0,22.5,76.3,25.039288,121.612939,0,0,0,0,731,565,726,0,AL-0147,14.286,14.286
2019/3/17 16:32,F0038CE7ACB9,2019/3/17,16:32:47,22.5,76.4,21,27,27,630,100,0,0,0,0,0,0,0,0,0,22.5,76.4,25.039288,121.612939,0,0,0,0,730,567,727,0,AL-0147,13.698,13.698
2019/3/17 16:33,F0038CE7ACB9,2019/3/17,16:33:47,22.5,76.3,21,30,33,598,100,0,0,0,0,0,0,0,0,0,22.5,76.3,25.039288,121.612939,0,0,0,0,734,565,729,0,AL-0147,14.75,15.462
2019/3/17 16:34,F0038CE7ACB9,2019/3/17,16:34:47,22.4,76.5,18,25,25,587,100,0,0,0,0,0,0,0,0,0,22.4,76.5,25.039288,121.612939,0,0,0,0,733,565,726,0,AL-0147,12.522,12.522
2019/3/17 16:35,F0038CE7ACB9,2019/3/17,16:35:47,22.4,76.8,19,27,29,640,100,0,0,0,0,0,0,0,0,0,22.4,76.8,25.039288,121.612939,0,0,0,0,731,568,724,0,AL-0147,13.27,13.698
2019/3/17 16:36,F0038CE7ACB9,2019/3/17,16:36:48,22.4,76.6,20,28,29,551,100,0,0,0,0,0,0,0,0,0,22.4,76.6,25.039288,121.612939,0,0,0,0,731,567,727,0,AL-0147,14.01,14.286
2019/3/17 16:37,F0038CE7ACB9,2019/3/17,16:37:48,22.2,77.3,20,27,28,553,100,0,0,0,0,0,0,0,0,0,22.2,77.3,25.039288,121.612939,0,0,0,0,735,566,729,0,AL-0147,13.698,13.698
2019/3/17 16:38,F0038CE7ACB9,2019/3/17,16:38:48,22.2,77.7,19,28,31,623,100,0,0,0,0,0,0,0,0,0,22.2,77.7,25.039288,121.612939,0,0,0,0,733,568,724,0,AL-0147,13.27,14.286
2019/3/17 16:39,F0038CE7ACB9,2019/3/17,16:39:48,22.2,77.4,21,28,30,554,100,0,0,0,0,0,0,0,0,0,22.2,77.4,25.039288,121.612939,0,0,0,0,733,564,729,0,AL-0147,14.286,14.286
2019/3/17 16:40,F0038CE7ACB9,2019/3/17,16:40:48,22.2,77.5,20,30,31,605,100,0,0,0,0,0,0,0,0,0,22.2,77.5,25.039288,121.612939,0,0,0,0,735,568,729,0,AL-0147,14.01,15.462
2019/3/17 16:41,F0038CE7ACB9,2019/3/17,16:41:49,22.2,77.6,18,25,27,568,100,0,0,0,0,0,0,0,0,0,22.2,77.6,25.039288,121.612939,0,0,0,0,733,566,725,0,AL-0147,12.522,12.522
2019/3/17 16:42,F0038CE7ACB9,2019/3/17,16:42:49,22.1,77.7,20,27,27,552,100,0,0,0,0,0,0,0,0,0,22.1,77.7,25.039288,121.612939,0,0,0,0,736,568,726,0,AL-0147,13.698,13.698
2019/3/17 16:43,F0038CE7ACB9,2019/3/17,16:43:49,22.2,77.6,20,27,32,572,100,0,0,0,0,0,0,0,0,0,22.2,77.6,25.039288,121.612939,0,0,0,0,734,569,726,0,AL-0147,13.698,13.698
2019/3/17 16:44,F0038CE7ACB9,2019/3/17,16:44:49,22.2,77.8,19,29,31,588,100,0,0,0,0,0,0,0,0,0,22.2,77.8,25.039288,121.612939,0,0,0,0,734,567,729,0,AL-0147,13.27,14.874
2019/3/17 16:45,F0038CE7ACB9,2019/3/17,16:45:50,22,78,18,26,27,576,100,0,0,0,0,0,0,0,0,0,22,78,25.039288,121.612939,0,0,0,0,737,569,728,0,AL-0147,12.53,13.11
2019/3/17 16:46,F0038CE7ACB9,2019/3/17,16:46:50,22,78.1,21,28,31,550,100,0,0,0,0,0,0,0,0,0,22,78.1,25.039288,121.612939,0,0,0,0,734,566,725,0,AL-0147,14.286,14.286
2019/3/17 16:47,F0038CE7ACB9,2019/3/17,16:47:50,22,78.2,19,26,27,553,100,0,0,0,0,0,0,0,0,0,22,78.2,25.039288,121.612939,0,0,0,0,733,568,729,0,AL-0147,13.11,13.11
2019/3/17 16:48,F0038CE7ACB9,2019/3/17,16:48:50,22,78.1,18,26,28,541,100,0,0,0,0,0,0,0,0,0,22,78.1,25.039288,121.612939,0,0,0,0,736,568,729,0,AL-0147,12.53,13.11
2019/3/17 16:49,F0038CE7ACB9,2019/3/17,16:49:51,21.9,78.2,18,25,28,568,100,0,0,0,0,0,0,0,0,0,21.9,78.2,25.039288,121.612939,0,0,0,0,735,569,730,0,AL-0147,12.522,12.522
2019/3/17 16:50,F0038CE7ACB9,2019/3/17,16:50:51,21.9,78.2,17,24,26,568,100,0,0,0,0,0,0,0,0,0,21.9,78.2,25.039288,121.612939,0,0,0,0,736,569,727,0,AL-0147,11.79,11.934
2019/3/17 16:51,F0038CE7ACB9,2019/3/17,16:51:51,21.9,78.6,18,26,29,598,100,0,0,0,0,0,0,0,0,0,21.9,78.6,25.039288,121.612939,0,0,0,0,735,570,727,0,AL-0147,12.53,13.11
2019/3/17 16:52,F0038CE7ACB9,2019/3/17,16:52:51,21.9,78.7,16,23,25,603,100,0,0,0,0,0,0,0,0,0,21.9,78.7,25.039288,121.612939,0,0,0,0,737,566,730,0,AL-0147,11.05,11.346
2019/3/17 16:53,F0038CE7ACB9,2019/3/17,16:53:52,21.8,78.8,16,23,24,578,100,0,0,0,0,0,0,0,0,0,21.8,78.8,25.039288,121.612939,0,0,0,0,734,566,729,0,AL-0147,11.05,11.346
2019/3/17 16:54,F0038CE7ACB9,2019/3/17,16:54:52,21.8,78.9,16,21,21,581,100,0,0,0,0,0,0,0,0,0,21.8,78.9,25.039288,121.612939,0,0,0,0,737,567,730,0,AL-0147,10.17,10.17
2019/3/17 16:55,F0038CE7ACB9,2019/3/17,16:55:52,21.8,78.8,18,25,26,562,100,0,0,0,0,0,0,0,0,0,21.8,78.8,25.039288,121.612939,0,0,0,0,733,568,724,0,AL-0147,12.522,12.522
2019/3/17 16:56,F0038CE7ACB9,2019/3/17,16:56:52,21.8,79,16,22,23,576,100,0,0,0,0,0,0,0,0,0,21.8,79,25.039288,121.612939,0,0,0,0,735,567,729,0,AL-0147,10.758,10.758
2019/3/17 16:57,F0038CE7ACB9,2019/3/17,16:57:52,21.8,79,19,26,29,581,100,0,0,0,0,0,0,0,0,0,21.8,79,25.039288,121.612939,0,0,0,0,734,566,725,0,AL-0147,13.11,13.11
2019/3/17 16:58,F0038CE7ACB9,2019/3/17,16:58:53,21.8,79,19,25,25,580,100,0,0,0,0,0,0,0,0,0,21.8,79,25.039288,121.612939,0,0,0,0,737,565,727,0,AL-0147,12.522,12.522
2019/3/17 16:59,F0038CE7ACB9,2019/3/17,16:59:53,21.8,79.2,19,29,30,668,100,0,0,0,0,0,0,0,0,0,21.8,79.2,25.039288,121.612939,0,0,0,0,736,568,728,0,AL-0147,13.27,14.874
2019/3/17 17:00,F0038CE7ACB9,2019/3/17,17:00:53,21.8,79.2,17,24,24,677,100,0,0,0,0,0,0,0,0,0,21.8,79.2,25.039288,121.612939,0,0,0,0,735,569,726,0,AL-0147,11.79,11.934
2019/3/17 17:01,F0038CE7ACB9,2019/3/17,17:01:53,21.9,79.1,18,24,26,694,100,0,0,0,0,0,0,0,0,0,21.9,79.1,25.039288,121.612939,0,0,0,0,737,568,727,0,AL-0147,11.934,11.934
2019/3/17 17:02,F0038CE7ACB9,2019/3/17,17:02:54,21.8,79,16,21,24,655,100,0,0,0,0,0,0,0,0,0,21.8,79,25.039288,121.612939,0,0,0,0,737,569,730,0,AL-0147,10.17,10.17
2019/3/17 17:03,F0038CE7ACB9,2019/3/17,17:03:54,21.9,80,18,26,26,849,100,0,0,0,0,0,0,0,0,0,21.9,80,25.039288,121.612939,0,0,0,0,736,565,729,0,AL-0147,12.53,13.11
2019/3/17 17:04,F0038CE7ACB9,2019/3/17,17:04:54,21.9,78.9,17,23,28,655,100,0,0,0,0,0,0,0,0,0,21.9,78.9,25.039288,121.612939,0,0,0,0,734,565,729,0,AL-0147,11.346,11.346
2019/3/17 17:05,F0038CE7ACB9,2019/3/17,17:05:54,21.9,78.4,16,23,25,557,100,0,0,0,0,0,0,0,0,0,21.9,78.4,25.039288,121.612939,0,0,0,0,733,570,727,0,AL-0147,11.05,11.346
2019/3/17 17:06,F0038CE7ACB9,2019/3/17,17:06:55,21.9,78.8,21,30,33,605,100,0,0,0,0,0,0,0,0,0,21.9,78.8,25.039288,121.612939,0,0,0,0,735,568,728,0,AL-0147,14.75,15.462
2019/3/17 17:07,F0038CE7ACB9,2019/3/17,17:07:55,21.8,78.7,17,23,23,554,100,0,0,0,0,0,0,0,0,0,21.8,78.7,25.039288,121.612939,0,0,0,0,736,568,727,0,AL-0147,11.346,11.346
2019/3/17 17:08,F0038CE7ACB9,2019/3/17,17:08:55,21.7,78.9,15,20,20,556,100,0,0,0,0,0,0,0,0,0,21.7,78.9,25.039288,121.612939,0,0,0,0,737,566,726,0,AL-0147,9.582,9.582
2019/3/17 17:09,F0038CE7ACB9,2019/3/17,17:09:55,21.7,79.1,17,23,29,575,100,0,0,0,0,0,0,0,0,0,21.7,79.1,25.039288,121.612939,0,0,0,0,736,568,729,0,AL-0147,11.346,11.346
2019/3/17 17:10,F0038CE7ACB9,2019/3/17,17:10:55,21.7,79.2,16,21,23,577,100,0,0,0,0,0,0,0,0,0,21.7,79.2,25.039288,121.612939,0,0,0,0,732,566,728,0,AL-0147,10.17,10.17
2019/3/17 17:11,F0038CE7ACB9,2019/3/17,17:11:56,21.6,79.1,14,19,20,549,100,0,0,0,0,0,0,0,0,0,21.6,79.1,25.039288,121.612939,0,0,0,0,734,567,725,0,AL-0147,8.994,8.994
2019/3/17 17:12,F0038CE7ACB9,2019/3/17,17:12:56,21.6,79.5,15,19,21,592,100,0,0,0,0,0,0,0,0,0,21.6,79.5,25.039288,121.612939,0,0,0,0,733,567,727,0,AL-0147,8.994,8.994
2019/3/17 17:13,F0038CE7ACB9,2019/3/17,17:13:56,21.6,79.3,14,20,20,571,100,0,0,0,0,0,0,0,0,0,21.6,79.3,25.039288,121.612939,0,0,0,0,732,567,727,0,AL-0147,9.57,9.582
2019/3/17 17:14,F0038CE7ACB9,2019/3/17,17:14:56,21.6,79.4,16,23,28,595,100,0,0,0,0,0,0,0,0,0,21.6,79.4,25.039288,121.612939,0,0,0,0,737,570,731,0,AL-0147,11.05,11.346
2019/3/17 17:15,F0038CE7ACB9,2019/3/17,17:15:57,21.6,79.6,15,21,22,567,100,0,0,0,0,0,0,0,0,0,21.6,79.6,25.039288,121.612939,0,0,0,0,737,565,729,0,AL-0147,10.17,10.17
2019/3/17 17:16,F0038CE7ACB9,2019/3/17,17:16:57,21.5,79.6,17,26,28,575,100,0,0,0,0,0,0,0,0,0,21.5,79.6,25.039288,121.612939,0,0,0,0,733,567,729,0,AL-0147,11.79,13.11
2019/3/17 17:17,F0038CE7ACB9,2019/3/17,17:17:57,21.5,79.9,15,22,23,570,100,0,0,0,0,0,0,0,0,0,21.5,79.9,25.039288,121.612939,0,0,0,0,734,568,727,0,AL-0147,10.31,10.758
2019/3/17 17:18,F0038CE7ACB9,2019/3/17,17:18:57,21.5,79.8,15,21,24,629,100,0,0,0,0,0,0,0,0,0,21.5,79.8,25.039288,121.612939,0,0,0,0,737,568,726,0,AL-0147,10.17,10.17
2019/3/17 17:19,F0038CE7ACB9,2019/3/17,17:19:58,21.5,80,18,27,28,594,100,0,0,0,0,0,0,0,0,0,21.5,80,25.039288,121.612939,0,0,0,0,737,568,730,0,AL-0147,12.53,13.698
2019/3/17 17:20,F0038CE7ACB9,2019/3/17,17:20:58,21.5,79.9,16,23,23,559,100,0,0,0,0,0,0,0,0,0,21.5,79.9,25.039288,121.612939,0,0,0,0,737,565,728,0,AL-0147,11.05,11.346
2019/3/17 17:21,F0038CE7ACB9,2019/3/17,17:21:58,21.5,80.5,21,32,36,677,100,0,0,0,0,0,0,0,0,0,21.5,80.5,25.039288,121.612939,0,0,0,0,737,569,729,0,AL-0147,14.75,16.638
2019/3/17 17:22,F0038CE7ACB9,2019/3/17,17:22:58,21.5,79.8,20,30,33,572,100,0,0,0,0,0,0,0,0,0,21.5,79.8,25.039288,121.612939,0,0,0,0,737,568,725,0,AL-0147,14.01,15.462
2019/3/17 17:23,F0038CE7ACB9,2019/3/17,17:23:58,21.5,79.7,27,39,44,585,100,0,0,0,0,0,0,0,0,0,21.5,79.7,25.039288,121.612939,0,0,0,0,734,566,727,0,AL-0147,19.19,20.754
2019/3/17 17:24,F0038CE7ACB9,2019/3/17,17:24:59,21.6,79.8,21,32,36,598,100,0,0,0,0,0,0,0,0,0,21.6,79.8,25.039288,121.612939,0,0,0,0,735,565,730,0,AL-0147,14.75,16.638
2019/3/17 17:25,F0038CE7ACB9,2019/3/17,17:25:59,21.6,79.6,21,32,34,596,100,0,0,0,0,0,0,0,0,0,21.6,79.6,25.039288,121.612939,0,0,0,0,735,566,730,0,AL-0147,14.75,16.638
2019/3/17 17:26,F0038CE7ACB9,2019/3/17,17:26:59,21.6,79.6,28,42,56,572,100,0,0,0,0,0,0,0,0,0,21.6,79.6,25.039288,121.612939,0,0,0,0,735,569,726,0,AL-0147,19.93,22.518
2019/3/17 17:27,F0038CE7ACB9,2019/3/17,17:27:59,21.5,79.7,19,30,33,562,100,0,0,0,0,0,0,0,0,0,21.5,79.7,25.039288,121.612939,0,0,0,0,735,569,729,0,AL-0147,13.27,15.462
2019/3/17 17:29,F0038CE7ACB9,2019/3/17,17:29:00,21.6,79.6,28,43,53,548,100,0,0,0,0,0,0,0,0,0,21.6,79.6,25.039288,121.612939,0,0,0,0,733,565,728,0,AL-0147,19.93,23.106
2019/3/17 17:30,F0038CE7ACB9,2019/3/17,17:30:00,21.5,79.7,24,37,49,568,100,0,0,0,0,0,0,0,0,0,21.5,79.7,25.039288,121.612939,0,0,0,0,734,564,725,0,AL-0147,16.97,19.578
2019/3/17 17:31,F0038CE7ACB9,2019/3/17,17:31:00,21.6,79.5,17,24,26,538,100,0,0,0,0,0,0,0,0,0,21.6,79.5,25.039288,121.612939,0,0,0,0,736,566,730,0,AL-0147,11.79,11.934
2019/3/17 17:32,F0038CE7ACB9,2019/3/17,17:32:00,21.6,79.5,22,35,43,545,100,0,0,0,0,0,0,0,0,0,21.6,79.5,25.039288,121.612939,0,0,0,0,736,569,731,0,AL-0147,15.49,18.402
2019/3/17 17:33,F0038CE7ACB9,2019/3/17,17:33:01,21.6,79.6,20,30,33,556,100,0,0,0,0,0,0,0,0,0,21.6,79.6,25.039288,121.612939,0,0,0,0,734,568,729,0,AL-0147,14.01,15.462
2019/3/17 17:34,F0038CE7ACB9,2019/3/17,17:34:01,21.5,79.6,22,33,39,539,100,0,0,0,0,0,0,0,0,0,21.5,79.6,25.039288,121.612939,0,0,0,0,733,566,726,0,AL-0147,15.49,17.226
2019/3/17 17:35,F0038CE7ACB9,2019/3/17,17:35:01,21.5,79.7,30,46,57,544,100,0,0,0,0,0,0,0,0,0,21.5,79.7,25.039288,121.612939,0,0,0,0,735,569,727,0,AL-0147,21.41,24.87
2019/3/17 17:36,F0038CE7ACB9,2019/3/17,17:36:01,21.5,79.6,25,38,47,560,100,0,0,0,0,0,0,0,0,0,21.5,79.6,25.039288,121.612939,0,0,0,0,733,567,731,0,AL-0147,17.71,20.166
2019/3/17 17:37,F0038CE7ACB9,2019/3/17,17:37:01,21.5,79.9,23,36,42,571,100,0,0,0,0,0,0,0,0,0,21.5,79.9,25.039288,121.612939,0,0,0,0,736,565,727,0,AL-0147,16.23,18.99
2019/3/17 17:38,F0038CE7ACB9,2019/3/17,17:38:02,21.4,79.9,17,26,27,561,100,0,0,0,0,0,0,0,0,0,21.4,79.9,25.039288,121.612939,0,0,0,0,736,564,728,0,AL-0147,11.79,13.11
2019/3/17 17:39,F0038CE7ACB9,2019/3/17,17:39:02,21.4,80,19,30,34,547,100,0,0,0,0,0,0,0,0,0,21.4,80,25.039288,121.612939,0,0,0,0,736,566,726,0,AL-0147,13.27,15.462
2019/3/17 17:40,F0038CE7ACB9,2019/3/17,17:40:02,21.4,80.1,17,26,27,552,100,0,0,0,0,0,0,0,0,0,21.4,80.1,25.039288,121.612939,0,0,0,0,733,566,726,0,AL-0147,11.79,13.11
2019/3/17 17:41,F0038CE7ACB9,2019/3/17,17:41:02,21.4,80.2,16,25,27,564,100,0,0,0,0,0,0,0,0,0,21.4,80.2,25.039288,121.612939,0,0,0,0,737,567,730,0,AL-0147,11.05,12.522
2019/3/17 17:42,F0038CE7ACB9,2019/3/17,17:42:03,21.4,80.2,30,46,57,572,100,0,0,0,0,0,0,0,0,0,21.4,80.2,25.039288,121.612939,0,0,0,0,736,567,727,0,AL-0147,21.41,24.87
2019/3/17 17:43,F0038CE7ACB9,2019/3/17,17:43:03,21.4,80.3,20,30,32,557,100,0,0,0,0,0,0,0,0,0,21.4,80.3,25.039288,121.612939,0,0,0,0,738,566,730,0,AL-0147,14.01,15.462
2019/3/17 17:44,F0038CE7ACB9,2019/3/17,17:44:03,21.4,80.3,31,49,63,567,100,0,0,0,0,0,0,0,0,0,21.4,80.3,25.039288,121.612939,0,0,0,0,735,569,730,0,AL-0147,22.15,26.634
2019/3/17 17:45,F0038CE7ACB9,2019/3/17,17:45:03,21.4,80.4,29,43,54,621,100,0,0,0,0,0,0,0,0,0,21.4,80.4,25.039288,121.612939,0,0,0,0,737,568,729,0,AL-0147,20.67,23.106
2019/3/17 17:46,F0038CE7ACB9,2019/3/17,17:46:04,21.4,80.5,21,32,39,559,100,0,0,0,0,0,0,0,0,0,21.4,80.5,25.039288,121.612939,0,0,0,0,736,565,729,0,AL-0147,14.75,16.638
2019/3/17 17:47,F0038CE7ACB9,2019/3/17,17:47:04,21.4,80.6,22,33,37,602,100,0,0,0,0,0,0,0,0,0,21.4,80.6,25.039288,121.612939,0,0,0,0,734,567,732,0,AL-0147,15.49,17.226
2019/3/17 17:48,F0038CE7ACB9,2019/3/17,17:48:04,21.4,80.5,21,32,37,567,100,0,0,0,0,0,0,0,0,0,21.4,80.5,25.039288,121.612939,0,0,0,0,735,566,730,0,AL-0147,14.75,16.638
2019/3/17 17:49,F0038CE7ACB9,2019/3/17,17:49:04,21.4,80.7,24,34,39,582,100,0,0,0,0,0,0,0,0,0,21.4,80.7,25.039288,121.612939,0,0,0,0,738,566,730,0,AL-0147,16.97,17.814
2019/3/17 17:50,F0038CE7ACB9,2019/3/17,17:50:04,21.3,80.5,26,37,44,572,100,0,0,0,0,0,0,0,0,0,21.3,80.5,25.039288,121.612939,0,0,0,0,733,565,730,0,AL-0147,18.45,19.578
2019/3/17 17:51,F0038CE7ACB9,2019/3/17,17:51:05,21.4,80.6,31,48,61,572,100,0,0,0,0,0,0,0,0,0,21.4,80.6,25.039288,121.612939,0,0,0,0,734,569,729,0,AL-0147,22.15,26.046
2019/3/17 17:52,F0038CE7ACB9,2019/3/17,17:52:05,21.4,80.7,27,41,51,600,100,0,0,0,0,0,0,0,0,0,21.4,80.7,25.039288,121.612939,0,0,0,0,735,564,731,0,AL-0147,19.19,21.93
2019/3/17 17:53,F0038CE7ACB9,2019/3/17,17:53:05,21.4,80.7,24,32,36,603,100,0,0,0,0,0,0,0,0,0,21.4,80.7,25.039288,121.612939,0,0,0,0,734,565,727,0,AL-0147,16.638,16.638
2019/3/17 17:54,F0038CE7ACB9,2019/3/17,17:54:05,21.4,80.7,31,47,56,577,100,0,0,0,0,0,0,0,0,0,21.4,80.7,25.039288,121.612939,0,0,0,0,735,567,727,0,AL-0147,22.15,25.458
2019/3/17 17:55,F0038CE7ACB9,2019/3/17,17:55:06,21.4,80.5,20,30,38,563,100,0,0,0,0,0,0,0,0,0,21.4,80.5,25.039288,121.612939,0,0,0,0,736,566,730,0,AL-0147,14.01,15.462
2019/3/17 17:56,F0038CE7ACB9,2019/3/17,17:56:06,21.4,80.6,25,37,45,583,100,0,0,0,0,0,0,0,0,0,21.4,80.6,25.039288,121.612939,0,0,0,0,736,566,726,0,AL-0147,17.71,19.578
2019/3/17 17:57,F0038CE7ACB9,2019/3/17,17:57:06,21.4,80.5,114,200,261,584,100,0,0,0,0,0,0,0,0,0,21.4,80.5,25.039288,121.612939,0,0,0,0,738,567,731,0,AL-0147,83.57,115.422
2019/3/17 17:58,F0038CE7ACB9,2019/3/17,17:58:06,21.3,80.5,21,35,37,542,100,0,0,0,0,0,0,0,0,0,21.3,80.5,25.039288,121.612939,0,0,0,0,735,567,727,0,AL-0147,14.75,18.402
2019/3/17 17:59,F0038CE7ACB9,2019/3/17,17:59:07,21.3,80.6,25,36,41,548,100,0,0,0,0,0,0,0,0,0,21.3,80.6,25.039288,121.612939,0,0,0,0,736,565,731,0,AL-0147,17.71,18.99
2019/3/17 18:00,F0038CE7ACB9,2019/3/17,18:00:07,21.3,80.6,26,39,50,557,100,0,0,0,0,0,0,0,0,0,21.3,80.6,25.039288,121.612939,0,0,0,0,737,567,733,0,AL-0147,18.45,20.754
2019/3/17 18:01,F0038CE7ACB9,2019/3/17,18:01:07,21.3,80.5,33,50,62,550,100,0,0,0,0,0,0,0,0,0,21.3,80.5,25.039288,121.612939,0,0,0,0,735,567,727,0,AL-0147,23.63,27.222
2019/3/17 18:02,F0038CE7ACB9,2019/3/17,18:02:07,21.3,80.5,22,32,38,542,100,0,0,0,0,0,0,0,0,0,21.3,80.5,25.039288,121.612939,0,0,0,0,736,568,732,0,AL-0147,15.49,16.638
2019/3/17 18:03,F0038CE7ACB9,2019/3/17,18:03:07,21.3,80.6,27,39,47,536,100,0,0,0,0,0,0,0,0,0,21.3,80.6,25.039288,121.612939,0,0,0,0,736,567,731,0,AL-0147,19.19,20.754
2019/3/17 18:04,F0038CE7ACB9,2019/3/17,18:04:08,21.3,80.7,26,39,48,547,100,0,0,0,0,0,0,0,0,0,21.3,80.7,25.039288,121.612939,0,0,0,0,733,569,732,0,AL-0147,18.45,20.754
2019/3/17 18:05,F0038CE7ACB9,2019/3/17,18:05:08,21.2,81,25,36,44,549,100,0,0,0,0,0,0,0,0,0,21.2,81,25.039288,121.612939,0,0,0,0,735,569,727,0,AL-0147,17.71,18.99
2019/3/17 18:06,F0038CE7ACB9,2019/3/17,18:06:08,21.2,80.9,25,37,42,558,100,0,0,0,0,0,0,0,0,0,21.2,80.9,25.039288,121.612939,0,0,0,0,738,566,731,0,AL-0147,17.71,19.578
2019/3/17 18:07,F0038CE7ACB9,2019/3/17,18:07:08,21.2,80.9,27,40,48,546,100,0,0,0,0,0,0,0,0,0,21.2,80.9,25.039288,121.612939,0,0,0,0,737,567,733,0,AL-0147,19.19,21.342
2019/3/17 18:08,F0038CE7ACB9,2019/3/17,18:08:09,21.2,80.9,22,32,34,551,100,0,0,0,0,0,0,0,0,0,21.2,80.9,25.039288,121.612939,0,0,0,0,736,567,731,0,AL-0147,15.49,16.638
2019/3/17 18:09,F0038CE7ACB9,2019/3/17,18:09:09,21.2,80.9,41,60,77,544,100,0,0,0,0,0,0,0,0,0,21.2,80.9,25.039288,121.612939,0,0,0,0,735,565,731,0,AL-0147,29.55,33.102
2019/3/17 18:10,F0038CE7ACB9,2019/3/17,18:10:09,21.2,81.5,19,28,29,573,100,0,0,0,0,0,0,0,0,0,21.2,81.5,25.039288,121.612939,0,0,0,0,735,567,729,0,AL-0147,13.27,14.286
2019/3/17 18:11,F0038CE7ACB9,2019/3/17,18:11:09,21.2,81,19,29,32,549,100,0,0,0,0,0,0,0,0,0,21.2,81,25.039288,121.612939,0,0,0,0,739,565,728,0,AL-0147,13.27,14.874
2019/3/17 18:12,F0038CE7ACB9,2019/3/17,18:12:10,21.2,80.9,17,24,25,536,100,0,0,0,0,0,0,0,0,0,21.2,80.9,25.039288,121.612939,0,0,0,0,736,565,729,0,AL-0147,11.79,11.934
2019/3/17 18:13,F0038CE7ACB9,2019/3/17,18:13:10,21.2,81.1,18,26,29,530,100,0,0,0,0,0,0,0,0,0,21.2,81.1,25.039288,121.612939,0,0,0,0,735,565,730,0,AL-0147,12.53,13.11
2019/3/17 18:14,F0038CE7ACB9,2019/3/17,18:14:10,21.1,81.2,36,54,73,534,100,0,0,0,0,0,0,0,0,0,21.1,81.2,25.039288,121.612939,0,0,0,0,739,565,729,0,AL-0147,25.85,29.574
2019/3/17 18:15,F0038CE7ACB9,2019/3/17,18:15:10,21.2,81.3,25,37,44,544,100,0,0,0,0,0,0,0,0,0,21.2,81.3,25.039288,121.612939,0,0,0,0,736,568,727,0,AL-0147,17.71,19.578
2019/3/17 18:16,F0038CE7ACB9,2019/3/17,18:16:10,21.1,81.3,25,38,46,550,100,0,0,0,0,0,0,0,0,0,21.1,81.3,25.039288,121.612939,0,0,0,0,735,569,730,0,AL-0147,17.71,20.166
2019/3/17 18:17,F0038CE7ACB9,2019/3/17,18:17:11,21.2,81.3,28,42,51,562,100,0,0,0,0,0,0,0,0,0,21.2,81.3,25.039288,121.612939,0,0,0,0,734,567,730,0,AL-0147,19.93,22.518
2019/3/17 18:18,F0038CE7ACB9,2019/3/17,18:18:11,21.1,81.4,21,32,37,549,100,0,0,0,0,0,0,0,0,0,21.1,81.4,25.039288,121.612939,0,0,0,0,740,567,730,0,AL-0147,14.75,16.638
2019/3/17 18:19,F0038CE7ACB9,2019/3/17,18:19:11,21.1,81.4,18,25,26,545,100,0,0,0,0,0,0,0,0,0,21.1,81.4,25.039288,121.612939,0,0,0,0,738,568,733,0,AL-0147,12.522,12.522
2019/3/17 18:20,F0038CE7ACB9,2019/3/17,18:20:11,21.1,81.4,19,26,28,549,100,0,0,0,0,0,0,0,0,0,21.1,81.4,25.039288,121.612939,0,0,0,0,735,568,733,0,AL-0147,13.11,13.11
2019/3/17 18:21,F0038CE7ACB9,2019/3/17,18:21:12,21.1,81.6,22,31,35,563,100,0,0,0,0,0,0,0,0,0,21.1,81.6,25.039288,121.612939,0,0,0,0,737,565,731,0,AL-0147,15.49,16.05
2019/3/17 18:22,F0038CE7ACB9,2019/3/17,18:22:12,21.1,81.5,23,35,39,545,100,0,0,0,0,0,0,0,0,0,21.1,81.5,25.039288,121.612939,0,0,0,0,736,564,732,0,AL-0147,16.23,18.402
2019/3/17 18:23,F0038CE7ACB9,2019/3/17,18:23:12,21.1,81.6,23,35,37,556,100,0,0,0,0,0,0,0,0,0,21.1,81.6,25.039288,121.612939,0,0,0,0,738,567,734,0,AL-0147,16.23,18.402
2019/3/17 18:24,F0038CE7ACB9,2019/3/17,18:24:12,21.1,81.6,22,30,31,540,100,0,0,0,0,0,0,0,0,0,21.1,81.6,25.039288,121.612939,0,0,0,0,737,569,734,0,AL-0147,15.462,15.462
2019/3/17 18:25,F0038CE7ACB9,2019/3/17,18:25:12,21.1,81.9,19,27,28,550,100,0,0,0,0,0,0,0,0,0,21.1,81.9,25.039288,121.612939,0,0,0,0,738,566,733,0,AL-0147,13.27,13.698
2019/3/17 18:26,F0038CE7ACB9,2019/3/17,18:26:13,21.1,81.7,23,33,39,540,100,0,0,0,0,0,0,0,0,0,21.1,81.7,25.039288,121.612939,0,0,0,0,740,565,730,0,AL-0147,16.23,17.226
2019/3/17 18:27,F0038CE7ACB9,2019/3/17,18:27:13,21.1,81.7,22,30,35,543,100,0,0,0,0,0,0,0,0,0,21.1,81.7,25.039288,121.612939,0,0,0,0,736,566,731,0,AL-0147,15.462,15.462
2019/3/17 18:28,F0038CE7ACB9,2019/3/17,18:28:13,21,81.9,21,29,33,537,100,0,0,0,0,0,0,0,0,0,21,81.9,25.039288,121.612939,0,0,0,0,735,567,728,0,AL-0147,14.75,14.874
2019/3/17 18:29,F0038CE7ACB9,2019/3/17,18:29:13,21,81.8,22,29,32,531,100,0,0,0,0,0,0,0,0,0,21,81.8,25.039288,121.612939,0,0,0,0,740,567,728,0,AL-0147,14.874,14.874
2019/3/17 18:30,F0038CE7ACB9,2019/3/17,18:30:14,21,81.9,22,29,32,546,100,0,0,0,0,0,0,0,0,0,21,81.9,25.039288,121.612939,0,0,0,0,739,569,733,0,AL-0147,14.874,14.874
2019/3/17 18:31,F0038CE7ACB9,2019/3/17,18:31:14,21,81.9,22,33,35,540,100,0,0,0,0,0,0,0,0,0,21,81.9,25.039288,121.612939,0,0,0,0,741,567,732,0,AL-0147,15.49,17.226
2019/3/17 18:32,F0038CE7ACB9,2019/3/17,18:32:14,21,81.9,19,31,32,536,100,0,0,0,0,0,0,0,0,0,21,81.9,25.039288,121.612939,0,0,0,0,737,568,733,0,AL-0147,13.27,16.05
2019/3/17 18:33,F0038CE7ACB9,2019/3/17,18:33:14,21,82.4,18,26,27,574,100,0,0,0,0,0,0,0,0,0,21,82.4,25.039288,121.612939,0,0,0,0,736,566,733,0,AL-0147,12.53,13.11
2019/3/17 18:34,F0038CE7ACB9,2019/3/17,18:34:15,21,81.8,19,28,28,548,100,0,0,0,0,0,0,0,0,0,21,81.8,25.039288,121.612939,0,0,0,0,738,567,734,0,AL-0147,13.27,14.286
2019/3/17 18:35,F0038CE7ACB9,2019/3/17,18:35:15,21,81.9,19,28,31,545,100,0,0,0,0,0,0,0,0,0,21,81.9,25.039288,121.612939,0,0,0,0,741,569,729,0,AL-0147,13.27,14.286
2019/3/17 18:36,F0038CE7ACB9,2019/3/17,18:36:15,21,82.3,22,31,33,585,100,0,0,0,0,0,0,0,0,0,21,82.3,25.039288,121.612939,0,0,0,0,740,568,729,0,AL-0147,15.49,16.05
2019/3/17 18:37,F0038CE7ACB9,2019/3/17,18:37:15,21,82.1,22,32,35,562,100,0,0,0,0,0,0,0,0,0,21,82.1,25.039288,121.612939,0,0,0,0,739,567,729,0,AL-0147,15.49,16.638
2019/3/17 18:38,F0038CE7ACB9,2019/3/17,18:38:15,21,82.2,18,25,25,588,100,0,0,0,0,0,0,0,0,0,21,82.2,25.039288,121.612939,0,0,0,0,736,565,732,0,AL-0147,12.522,12.522
2019/3/17 18:39,F0038CE7ACB9,2019/3/17,18:39:16,21,82.1,19,26,27,572,100,0,0,0,0,0,0,0,0,0,21,82.1,25.039288,121.612939,0,0,0,0,739,567,730,0,AL-0147,13.11,13.11
2019/3/17 18:40,F0038CE7ACB9,2019/3/17,18:40:16,21,81.8,25,37,44,555,100,0,0,0,0,0,0,0,0,0,21,81.8,25.039288,121.612939,0,0,0,0,739,566,732,0,AL-0147,17.71,19.578
2019/3/17 18:41,F0038CE7ACB9,2019/3/17,18:41:16,21,81.8,18,26,27,536,100,0,0,0,0,0,0,0,0,0,21,81.8,25.039288,121.612939,0,0,0,0,741,566,734,0,AL-0147,12.53,13.11
2019/3/17 18:42,F0038CE7ACB9,2019/3/17,18:42:16,21,81.8,21,27,29,543,100,0,0,0,0,0,0,0,0,0,21,81.8,25.039288,121.612939,0,0,0,0,741,569,730,0,AL-0147,13.698,13.698
2019/3/17 18:43,F0038CE7ACB9,2019/3/17,18:43:17,21,82.1,18,29,30,564,100,0,0,0,0,0,0,0,0,0,21,82.1,25.039288,121.612939,0,0,0,0,741,566,732,0,AL-0147,12.53,14.874
2019/3/17 18:44,F0038CE7ACB9,2019/3/17,18:44:17,21,82.1,21,27,28,583,100,0,0,0,0,0,0,0,0,0,21,82.1,25.039288,121.612939,0,0,0,0,739,567,732,0,AL-0147,13.698,13.698
2019/3/17 18:45,F0038CE7ACB9,2019/3/17,18:45:17,21.1,83.3,19,29,30,655,100,0,0,0,0,0,0,0,0,0,21.1,83.3,25.039288,121.612939,0,0,0,0,738,567,731,0,AL-0147,13.27,14.874
2019/3/17 18:46,F0038CE7ACB9,2019/3/17,18:46:17,21.1,82,33,50,63,556,100,0,0,0,0,0,0,0,0,0,21.1,82,25.039288,121.612939,0,0,0,0,737,567,734,0,AL-0147,23.63,27.222
2019/3/17 18:47,F0038CE7ACB9,2019/3/17,18:47:18,21.1,82.3,22,30,33,608,100,0,0,0,0,0,0,0,0,0,21.1,82.3,25.039288,121.612939,0,0,0,0,742,566,729,0,AL-0147,15.462,15.462
2019/3/17 18:48,F0038CE7ACB9,2019/3/17,18:48:18,21.1,82.4,25,36,45,608,100,0,0,0,0,0,0,0,0,0,21.1,82.4,25.039288,121.612939,0,0,0,0,739,566,734,0,AL-0147,17.71,18.99
2019/3/17 18:49,F0038CE7ACB9,2019/3/17,18:49:18,21.1,82,22,33,35,557,100,0,0,0,0,0,0,0,0,0,21.1,82,25.039288,121.612939,0,0,0,0,736,564,729,0,AL-0147,15.49,17.226
2019/3/17 18:50,F0038CE7ACB9,2019/3/17,18:50:18,21,82.1,19,29,30,543,100,0,0,0,0,0,0,0,0,0,21,82.1,25.039288,121.612939,0,0,0,0,740,566,733,0,AL-0147,13.27,14.874
2019/3/17 18:51,F0038CE7ACB9,2019/3/17,18:51:18,21,82.3,18,27,28,547,100,0,0,0,0,0,0,0,0,0,21,82.3,25.039288,121.612939,0,0,0,0,738,564,730,0,AL-0147,12.53,13.698
2019/3/17 18:52,F0038CE7ACB9,2019/3/17,18:52:19,20.9,82.5,18,26,26,548,100,0,0,0,0,0,0,0,0,0,20.9,82.5,25.039288,121.612939,0,0,0,0,737,568,731,0,AL-0147,12.53,13.11
2019/3/17 18:53,F0038CE7ACB9,2019/3/17,18:53:19,21,82.6,29,44,55,557,100,0,0,0,0,0,0,0,0,0,21,82.6,25.039288,121.612939,0,0,0,0,741,566,732,0,AL-0147,20.67,23.694
2019/3/17 18:54,F0038CE7ACB9,2019/3/17,18:54:19,20.9,82.6,24,35,38,552,100,0,0,0,0,0,0,0,0,0,20.9,82.6,25.039288,121.612939,0,0,0,0,740,565,731,0,AL-0147,16.97,18.402
2019/3/17 18:55,F0038CE7ACB9,2019/3/17,18:55:19,20.9,82.8,17,24,25,552,100,0,0,0,0,0,0,0,0,0,20.9,82.8,25.039288,121.612939,0,0,0,0,741,567,733,0,AL-0147,11.79,11.934
2019/3/17 18:56,F0038CE7ACB9,2019/3/17,18:56:20,20.9,83.2,21,28,30,562,100,0,0,0,0,0,0,0,0,0,20.9,83.2,25.039288,121.612939,0,0,0,0,736,564,731,0,AL-0147,14.286,14.286
2019/3/17 18:57,F0038CE7ACB9,2019/3/17,18:57:20,20.9,83,18,26,28,546,100,0,0,0,0,0,0,0,0,0,20.9,83,25.039288,121.612939,0,0,0,0,740,566,731,0,AL-0147,12.53,13.11
2019/3/17 18:58,F0038CE7ACB9,2019/3/17,18:58:20,20.8,83.3,21,27,28,537,100,0,0,0,0,0,0,0,0,0,20.8,83.3,25.039288,121.612939,0,0,0,0,740,564,730,0,AL-0147,13.698,13.698
2019/3/17 18:59,F0038CE7ACB9,2019/3/17,18:59:20,20.8,83.5,18,24,26,543,100,0,0,0,0,0,0,0,0,0,20.8,83.5,25.039288,121.612939,0,0,0,0,737,566,729,0,AL-0147,11.934,11.934
2019/3/17 19:00,F0038CE7ACB9,2019/3/17,19:00:20,20.8,83.6,21,31,32,547,100,0,0,0,0,0,0,0,0,0,20.8,83.6,25.039288,121.612939,0,0,0,0,737,566,733,0,AL-0147,14.75,16.05
2019/3/17 19:01,F0038CE7ACB9,2019/3/17,19:01:21,20.8,83.9,22,32,32,571,100,0,0,0,0,0,0,0,0,0,20.8,83.9,25.039288,121.612939,0,0,0,0,737,567,730,0,AL-0147,15.49,16.638
2019/3/17 19:02,F0038CE7ACB9,2019/3/17,19:02:21,20.8,83.8,21,33,36,566,100,0,0,0,0,0,0,0,0,0,20.8,83.8,25.039288,121.612939,0,0,0,0,737,568,731,0,AL-0147,14.75,17.226
2019/3/17 19:03,F0038CE7ACB9,2019/3/17,19:03:21,20.8,83.9,27,39,48,585,100,0,0,0,0,0,0,0,0,0,20.8,83.9,25.039288,121.612939,0,0,0,0,738,567,732,0,AL-0147,19.19,20.754
2019/3/17 19:04,F0038CE7ACB9,2019/3/17,19:04:21,20.8,84,28,42,51,553,100,0,0,0,0,0,0,0,0,0,20.8,84,25.039288,121.612939,0,0,0,0,739,566,732,0,AL-0147,19.93,22.518
2019/3/17 19:05,F0038CE7ACB9,2019/3/17,19:05:22,20.8,84.2,32,46,58,573,100,0,0,0,0,0,0,0,0,0,20.8,84.2,25.039288,121.612939,0,0,0,0,738,569,732,0,AL-0147,22.89,24.87
2019/3/17 19:06,F0038CE7ACB9,2019/3/17,19:06:22,20.7,84.2,22,33,38,554,100,0,0,0,0,0,0,0,0,0,20.7,84.2,25.039288,121.612939,0,0,0,0,737,566,733,0,AL-0147,15.49,17.226
2019/3/17 19:07,F0038CE7ACB9,2019/3/17,19:07:22,20.7,84.4,43,57,72,572,100,0,0,0,0,0,0,0,0,0,20.7,84.4,25.039288,121.612939,0,0,0,0,739,566,729,0,AL-0147,31.03,31.338
2019/3/17 19:08,F0038CE7ACB9,2019/3/17,19:08:22,20.8,84.6,24,35,40,596,100,0,0,0,0,0,0,0,0,0,20.8,84.6,25.039288,121.612939,0,0,0,0,739,567,731,0,AL-0147,16.97,18.402
2019/3/17 19:09,F0038CE7ACB9,2019/3/17,19:09:22,20.7,84.4,24,35,38,537,100,0,0,0,0,0,0,0,0,0,20.7,84.4,25.039288,121.612939,0,0,0,0,740,567,733,0,AL-0147,16.97,18.402
2019/3/17 19:10,F0038CE7ACB9,2019/3/17,19:10:23,20.7,84.7,24,34,37,567,100,0,0,0,0,0,0,0,0,0,20.7,84.7,25.039288,121.612939,0,0,0,0,739,567,734,0,AL-0147,16.97,17.814
2019/3/17 19:11,F0038CE7ACB9,2019/3/17,19:11:23,20.7,84.6,22,32,35,572,100,0,0,0,0,0,0,0,0,0,20.7,84.6,25.039288,121.612939,0,0,0,0,739,568,734,0,AL-0147,15.49,16.638
2019/3/17 19:12,F0038CE7ACB9,2019/3/17,19:12:23,20.7,84.7,24,36,40,590,100,0,0,0,0,0,0,0,0,0,20.7,84.7,25.039288,121.612939,0,0,0,0,742,568,730,0,AL-0147,16.97,18.99
2019/3/17 19:13,F0038CE7ACB9,2019/3/17,19:13:23,20.7,84.7,27,40,51,562,100,0,0,0,0,0,0,0,0,0,20.7,84.7,25.039288,121.612939,0,0,0,0,737,568,733,0,AL-0147,19.19,21.342
2019/3/17 19:14,F0038CE7ACB9,2019/3/17,19:14:24,20.7,84.6,25,36,42,566,100,0,0,0,0,0,0,0,0,0,20.7,84.6,25.039288,121.612939,0,0,0,0,739,569,733,0,AL-0147,17.71,18.99
2019/3/17 19:15,F0038CE7ACB9,2019/3/17,19:15:24,20.7,84.7,27,39,46,559,100,0,0,0,0,0,0,0,0,0,20.7,84.7,25.039288,121.612939,0,0,0,0,740,568,732,0,AL-0147,19.19,20.754
2019/3/17 19:16,F0038CE7ACB9,2019/3/17,19:16:24,20.7,84.9,22,33,35,556,100,0,0,0,0,0,0,0,0,0,20.7,84.9,25.039288,121.612939,0,0,0,0,740,564,733,0,AL-0147,15.49,17.226
2019/3/17 19:17,F0038CE7ACB9,2019/3/17,19:17:24,20.7,84.9,22,33,35,544,100,0,0,0,0,0,0,0,0,0,20.7,84.9,25.039288,121.612939,0,0,0,0,741,566,731,0,AL-0147,15.49,17.226
2019/3/17 19:18,F0038CE7ACB9,2019/3/17,19:18:25,20.7,85,21,30,30,550,100,0,0,0,0,0,0,0,0,0,20.7,85,25.039288,121.612939,0,0,0,0,739,566,732,0,AL-0147,14.75,15.462
2019/3/17 19:19,F0038CE7ACB9,2019/3/17,19:19:25,20.7,85,22,34,37,536,100,0,0,0,0,0,0,0,0,0,20.7,85,25.039288,121.612939,0,0,0,0,741,566,731,0,AL-0147,15.49,17.814
2019/3/17 19:20,F0038CE7ACB9,2019/3/17,19:20:25,20.7,85,24,34,36,558,100,0,0,0,0,0,0,0,0,0,20.7,85,25.039288,121.612939,0,0,0,0,742,566,733,0,AL-0147,16.97,17.814
2019/3/17 19:21,F0038CE7ACB9,2019/3/17,19:21:25,20.7,85.1,22,31,35,538,100,0,0,0,0,0,0,0,0,0,20.7,85.1,25.039288,121.612939,0,0,0,0,740,566,730,0,AL-0147,15.49,16.05
2019/3/17 19:22,F0038CE7ACB9,2019/3/17,19:22:25,20.7,85.2,22,33,35,549,100,0,0,0,0,0,0,0,0,0,20.7,85.2,25.039288,121.612939,0,0,0,0,739,565,733,0,AL-0147,15.49,17.226
2019/3/17 19:23,F0038CE7ACB9,2019/3/17,19:23:26,20.7,85.2,20,27,30,543,100,0,0,0,0,0,0,0,0,0,20.7,85.2,25.039288,121.612939,0,0,0,0,743,566,730,0,AL-0147,13.698,13.698
2019/3/17 19:24,F0038CE7ACB9,2019/3/17,19:24:26,20.7,85.4,22,32,34,548,100,0,0,0,0,0,0,0,0,0,20.7,85.4,25.039288,121.612939,0,0,0,0,742,566,734,0,AL-0147,15.49,16.638
2019/3/17 19:25,F0038CE7ACB9,2019/3/17,19:25:26,20.6,85.5,20,31,33,538,100,0,0,0,0,0,0,0,0,0,20.6,85.5,25.039288,121.612939,0,0,0,0,739,568,733,0,AL-0147,14.01,16.05
2019/3/17 19:26,F0038CE7ACB9,2019/3/17,19:26:26,20.5,85.9,20,27,28,549,100,0,0,0,0,0,0,0,0,0,20.5,85.9,25.039288,121.612939,0,0,0,0,740,568,733,0,AL-0147,13.698,13.698
2019/3/17 19:27,F0038CE7ACB9,2019/3/17,19:27:27,20.5,86,22,28,30,557,100,0,0,0,0,0,0,0,0,0,20.5,86,25.039288,121.612939,0,0,0,0,739,564,734,0,AL-0147,14.286,14.286
2019/3/17 19:28,F0038CE7ACB9,2019/3/17,19:28:27,20.5,85.9,23,34,37,551,100,0,0,0,0,0,0,0,0,0,20.5,85.9,25.039288,121.612939,0,0,0,0,742,564,735,0,AL-0147,16.23,17.814
2019/3/17 19:29,F0038CE7ACB9,2019/3/17,19:29:27,20.5,86.1,22,29,31,564,100,0,0,0,0,0,0,0,0,0,20.5,86.1,25.039288,121.612939,0,0,0,0,742,566,731,0,AL-0147,14.874,14.874
2019/3/17 19:30,F0038CE7ACB9,2019/3/17,19:30:27,20.5,86.2,21,32,34,570,100,0,0,0,0,0,0,0,0,0,20.5,86.2,25.039288,121.612939,0,0,0,0,743,564,729,0,AL-0147,14.75,16.638
2019/3/17 19:31,F0038CE7ACB9,2019/3/17,19:31:27,20.5,86,22,33,35,544,100,0,0,0,0,0,0,0,0,0,20.5,86,25.039288,121.612939,0,0,0,0,741,563,735,0,AL-0147,15.49,17.226
2019/3/17 19:32,F0038CE7ACB9,2019/3/17,19:32:28,20.5,86,27,40,48,559,100,0,0,0,0,0,0,0,0,0,20.5,86,25.039288,121.612939,0,0,0,0,739,568,732,0,AL-0147,19.19,21.342
2019/3/17 19:33,F0038CE7ACB9,2019/3/17,19:33:28,20.5,86,22,32,32,547,100,0,0,0,0,0,0,0,0,0,20.5,86,25.039288,121.612939,0,0,0,0,738,566,733,0,AL-0147,15.49,16.638
2019/3/17 19:34,F0038CE7ACB9,2019/3/17,19:34:28,20.5,85.9,21,30,33,562,100,0,0,0,0,0,0,0,0,0,20.5,85.9,25.039288,121.612939,0,0,0,0,743,569,733,0,AL-0147,14.75,15.462
2019/3/17 19:35,F0038CE7ACB9,2019/3/17,19:35:28,20.6,85.8,22,32,34,546,100,0,0,0,0,0,0,0,0,0,20.6,85.8,25.039288,121.612939,0,0,0,0,738,568,732,0,AL-0147,15.49,16.638
2019/3/17 19:36,F0038CE7ACB9,2019/3/17,19:36:29,20.5,85.7,22,33,35,549,100,0,0,0,0,0,0,0,0,0,20.5,85.7,25.039288,121.612939,0,0,0,0,742,568,733,0,AL-0147,15.49,17.226
2019/3/17 19:37,F0038CE7ACB9,2019/3/17,19:37:29,20.5,86,22,31,33,561,100,0,0,0,0,0,0,0,0,0,20.5,86,25.039288,121.612939,0,0,0,0,739,566,734,0,AL-0147,15.49,16.05
2019/3/17 19:38,F0038CE7ACB9,2019/3/17,19:38:29,20.5,86,24,34,39,573,100,0,0,0,0,0,0,0,0,0,20.5,86,25.039288,121.612939,0,0,0,0,739,569,736,0,AL-0147,16.97,17.814
2019/3/17 19:39,F0038CE7ACB9,2019/3/17,19:39:29,20.5,85.9,23,34,37,569,100,0,0,0,0,0,0,0,0,0,20.5,85.9,25.039288,121.612939,0,0,0,0,740,566,734,0,AL-0147,16.23,17.814
2019/3/17 19:40,F0038CE7ACB9,2019/3/17,19:40:29,20.6,85.9,25,36,39,548,100,0,0,0,0,0,0,0,0,0,20.6,85.9,25.039288,121.612939,0,0,0,0,743,566,736,0,AL-0147,17.71,18.99
2019/3/17 19:41,F0038CE7ACB9,2019/3/17,19:41:30,20.6,85.9,26,38,47,563,100,0,0,0,0,0,0,0,0,0,20.6,85.9,25.039288,121.612939,0,0,0,0,742,566,734,0,AL-0147,18.45,20.166
2019/3/17 19:42,F0038CE7ACB9,2019/3/17,19:42:30,20.6,85.8,25,38,43,554,100,0,0,0,0,0,0,0,0,0,20.6,85.8,25.039288,121.612939,0,0,0,0,742,568,734,0,AL-0147,17.71,20.166
2019/3/17 19:43,F0038CE7ACB9,2019/3/17,19:43:30,20.5,85.9,28,41,48,542,100,0,0,0,0,0,0,0,0,0,20.5,85.9,25.039288,121.612939,0,0,0,0,739,567,734,0,AL-0147,19.93,21.93
2019/3/17 19:44,F0038CE7ACB9,2019/3/17,19:44:30,20.5,85.9,26,38,44,569,100,0,0,0,0,0,0,0,0,0,20.5,85.9,25.039288,121.612939,0,0,0,0,743,565,735,0,AL-0147,18.45,20.166
2019/3/17 19:45,F0038CE7ACB9,2019/3/17,19:45:31,20.6,86,24,34,41,563,100,0,0,0,0,0,0,0,0,0,20.6,86,25.039288,121.612939,0,0,0,0,744,565,734,0,AL-0147,16.97,17.814
2019/3/17 19:46,F0038CE7ACB9,2019/3/17,19:46:31,20.5,85.9,24,34,37,560,100,0,0,0,0,0,0,0,0,0,20.5,85.9,25.039288,121.612939,0,0,0,0,742,566,733,0,AL-0147,16.97,17.814
2019/3/17 19:47,F0038CE7ACB9,2019/3/17,19:47:31,20.6,86,24,35,41,581,100,0,0,0,0,0,0,0,0,0,20.6,86,25.039288,121.612939,0,0,0,0,741,567,737,0,AL-0147,16.97,18.402
2019/3/17 19:48,F0038CE7ACB9,2019/3/17,19:48:31,20.5,86,24,35,37,551,100,0,0,0,0,0,0,0,0,0,20.5,86,25.039288,121.612939,0,0,0,0,740,565,733,0,AL-0147,16.97,18.402
2019/3/17 19:49,F0038CE7ACB9,2019/3/17,19:49:31,20.5,86,25,35,39,564,100,0,0,0,0,0,0,0,0,0,20.5,86,25.039288,121.612939,0,0,0,0,743,567,734,0,AL-0147,17.71,18.402
2019/3/17 19:50,F0038CE7ACB9,2019/3/17,19:50:32,20.5,86.3,23,33,35,585,100,0,0,0,0,0,0,0,0,0,20.5,86.3,25.039288,121.612939,0,0,0,0,739,563,735,0,AL-0147,16.23,17.226
2019/3/17 19:51,F0038CE7ACB9,2019/3/17,19:51:32,20.5,86.1,23,33,34,562,100,0,0,0,0,0,0,0,0,0,20.5,86.1,25.039288,121.612939,0,0,0,0,739,569,733,0,AL-0147,16.23,17.226
2019/3/17 19:52,F0038CE7ACB9,2019/3/17,19:52:32,20.5,86.1,23,33,35,554,100,0,0,0,0,0,0,0,0,0,20.5,86.1,25.039288,121.612939,0,0,0,0,740,567,733,0,AL-0147,16.23,17.226
2019/3/17 19:53,F0038CE7ACB9,2019/3/17,19:53:32,20.5,86.3,24,35,40,564,100,0,0,0,0,0,0,0,0,0,20.5,86.3,25.039288,121.612939,0,0,0,0,742,566,735,0,AL-0147,16.97,18.402
2019/3/17 19:54,F0038CE7ACB9,2019/3/17,19:54:33,20.4,86.6,23,35,40,594,100,0,0,0,0,0,0,0,0,0,20.4,86.6,25.039288,121.612939,0,0,0,0,742,565,734,0,AL-0147,16.23,18.402
2019/3/17 19:55,F0038CE7ACB9,2019/3/17,19:55:33,20.4,86.3,22,33,35,553,100,0,0,0,0,0,0,0,0,0,20.4,86.3,25.039288,121.612939,0,0,0,0,743,565,731,0,AL-0147,15.49,17.226
2019/3/17 19:56,F0038CE7ACB9,2019/3/17,19:56:33,20.5,86.3,23,33,40,550,100,0,0,0,0,0,0,0,0,0,20.5,86.3,25.039288,121.612939,0,0,0,0,741,564,733,0,AL-0147,16.23,17.226
2019/3/17 19:57,F0038CE7ACB9,2019/3/17,19:57:33,20.5,86.2,24,35,39,565,100,0,0,0,0,0,0,0,0,0,20.5,86.2,25.039288,121.612939,0,0,0,0,739,565,732,0,AL-0147,16.97,18.402
2019/3/17 19:58,F0038CE7ACB9,2019/3/17,19:58:34,20.5,86.1,23,33,36,552,100,0,0,0,0,0,0,0,0,0,20.5,86.1,25.039288,121.612939,0,0,0,0,743,566,737,0,AL-0147,16.23,17.226
2019/3/17 19:59,F0038CE7ACB9,2019/3/17,19:59:34,20.5,86.2,24,35,37,546,100,0,0,0,0,0,0,0,0,0,20.5,86.2,25.039288,121.612939,0,0,0,0,741,565,732,0,AL-0147,16.97,18.402
2019/3/17 20:00,F0038CE7ACB9,2019/3/17,20:00:34,20.4,86.4,22,33,34,539,100,0,0,0,0,0,0,0,0,0,20.4,86.4,25.039288,121.612939,0,0,0,0,741,565,733,0,AL-0147,15.49,17.226
2019/3/17 20:01,F0038CE7ACB9,2019/3/17,20:01:34,20.4,86.6,22,32,36,554,100,0,0,0,0,0,0,0,0,0,20.4,86.6,25.039288,121.612939,0,0,0,0,744,567,735,0,AL-0147,15.49,16.638
2019/3/17 20:02,F0038CE7ACB9,2019/3/17,20:02:34,20.4,86.8,24,35,36,564,100,0,0,0,0,0,0,0,0,0,20.4,86.8,25.039288,121.612939,0,0,0,0,739,565,737,0,AL-0147,16.97,18.402
2019/3/17 20:03,F0038CE7ACB9,2019/3/17,20:03:35,20.4,86.8,24,35,41,558,100,0,0,0,0,0,0,0,0,0,20.4,86.8,25.039288,121.612939,0,0,0,0,743,567,738,0,AL-0147,16.97,18.402
2019/3/17 20:04,F0038CE7ACB9,2019/3/17,20:04:35,20.4,86.8,24,35,37,571,100,0,0,0,0,0,0,0,0,0,20.4,86.8,25.039288,121.612939,0,0,0,0,744,567,735,0,AL-0147,16.97,18.402
2019/3/17 20:05,F0038CE7ACB9,2019/3/17,20:05:35,20.4,86.7,24,35,37,554,100,0,0,0,0,0,0,0,0,0,20.4,86.7,25.039288,121.612939,0,0,0,0,741,563,734,0,AL-0147,16.97,18.402
2019/3/17 20:06,F0038CE7ACB9,2019/3/17,20:06:35,20.4,86.6,24,34,39,561,100,0,0,0,0,0,0,0,0,0,20.4,86.6,25.039288,121.612939,0,0,0,0,743,563,736,0,AL-0147,16.97,17.814
2019/3/17 20:07,F0038CE7ACB9,2019/3/17,20:07:36,20.3,86.7,22,32,34,569,100,0,0,0,0,0,0,0,0,0,20.3,86.7,25.039288,121.612939,0,0,0,0,744,564,734,0,AL-0147,15.49,16.638
2019/3/17 20:08,F0038CE7ACB9,2019/3/17,20:08:36,20.4,86.5,24,35,41,542,100,0,0,0,0,0,0,0,0,0,20.4,86.5,25.039288,121.612939,0,0,0,0,745,564,735,0,AL-0147,16.97,18.402
2019/3/17 20:09,F0038CE7ACB9,2019/3/17,20:09:36,20.4,86.5,24,35,39,539,100,0,0,0,0,0,0,0,0,0,20.4,86.5,25.039288,121.612939,0,0,0,0,742,564,732,0,AL-0147,16.97,18.402
2019/3/17 20:10,F0038CE7ACB9,2019/3/17,20:10:36,20.3,86.7,24,34,38,543,100,0,0,0,0,0,0,0,0,0,20.3,86.7,25.039288,121.612939,0,0,0,0,744,563,731,0,AL-0147,16.97,17.814
2019/3/17 20:11,F0038CE7ACB9,2019/3/17,20:11:36,20.3,86.6,24,34,35,548,100,0,0,0,0,0,0,0,0,0,20.3,86.6,25.039288,121.612939,0,0,0,0,740,566,733,0,AL-0147,16.97,17.814
2019/3/17 20:12,F0038CE7ACB9,2019/3/17,20:12:37,20.3,86.6,24,35,41,562,100,0,0,0,0,0,0,0,0,0,20.3,86.6,25.039288,121.612939,0,0,0,0,742,563,734,0,AL-0147,16.97,18.402
2019/3/17 20:13,F0038CE7ACB9,2019/3/17,20:13:37,20.4,86.7,24,35,41,597,100,0,0,0,0,0,0,0,0,0,20.4,86.7,25.039288,121.612939,0,0,0,0,739,565,734,0,AL-0147,16.97,18.402
2019/3/17 20:14,F0038CE7ACB9,2019/3/17,20:14:37,20.4,86.6,24,35,39,535,100,0,0,0,0,0,0,0,0,0,20.4,86.6,25.039288,121.612939,0,0,0,0,743,564,733,0,AL-0147,16.97,18.402
2019/3/17 20:15,F0038CE7ACB9,2019/3/17,20:15:37,20.3,86.9,24,35,39,581,100,0,0,0,0,0,0,0,0,0,20.3,86.9,25.039288,121.612939,0,0,0,0,742,566,734,0,AL-0147,16.97,18.402
2019/3/17 20:16,F0038CE7ACB9,2019/3/17,20:16:38,20.3,86.7,24,35,40,558,100,0,0,0,0,0,0,0,0,0,20.3,86.7,25.039288,121.612939,0,0,0,0,744,566,734,0,AL-0147,16.97,18.402
2019/3/17 20:17,F0038CE7ACB9,2019/3/17,20:17:38,20.3,86.6,25,39,47,539,100,0,0,0,0,0,0,0,0,0,20.3,86.6,25.039288,121.612939,0,0,0,0,739,567,735,0,AL-0147,17.71,20.754
2019/3/17 20:18,F0038CE7ACB9,2019/3/17,20:18:38,20.3,86.7,25,36,42,550,100,0,0,0,0,0,0,0,0,0,20.3,86.7,25.039288,121.612939,0,0,0,0,742,565,735,0,AL-0147,17.71,18.99
2019/3/17 20:19,F0038CE7ACB9,2019/3/17,20:19:38,20.3,86.5,24,34,39,541,100,0,0,0,0,0,0,0,0,0,20.3,86.5,25.039288,121.612939,0,0,0,0,742,565,733,0,AL-0147,16.97,17.814
2019/3/17 20:20,F0038CE7ACB9,2019/3/17,20:20:38,20.3,86.5,25,39,45,555,100,0,0,0,0,0,0,0,0,0,20.3,86.5,25.039288,121.612939,0,0,0,0,740,566,738,0,AL-0147,17.71,20.754
2019/3/17 20:21,F0038CE7ACB9,2019/3/17,20:21:39,20.4,86.6,25,36,39,570,100,0,0,0,0,0,0,0,0,0,20.4,86.6,25.039288,121.612939,0,0,0,0,745,565,734,0,AL-0147,17.71,18.99
2019/3/17 20:22,F0038CE7ACB9,2019/3/17,20:22:39,20.4,86.5,25,36,44,578,100,0,0,0,0,0,0,0,0,0,20.4,86.5,25.039288,121.612939,0,0,0,0,745,563,735,0,AL-0147,17.71,18.99
2019/3/17 20:23,F0038CE7ACB9,2019/3/17,20:23:39,20.3,86.5,24,35,39,566,100,0,0,0,0,0,0,0,0,0,20.3,86.5,25.039288,121.612939,0,0,0,0,742,565,738,0,AL-0147,16.97,18.402
2019/3/17 20:24,F0038CE7ACB9,2019/3/17,20:24:39,20.4,86.5,24,35,39,564,100,0,0,0,0,0,0,0,0,0,20.4,86.5,25.039288,121.612939,0,0,0,0,742,565,737,0,AL-0147,16.97,18.402
2019/3/17 20:25,F0038CE7ACB9,2019/3/17,20:25:40,20.4,86.4,24,38,43,553,100,0,0,0,0,0,0,0,0,0,20.4,86.4,25.039288,121.612939,0,0,0,0,740,566,736,0,AL-0147,16.97,20.166
2019/3/17 20:26,F0038CE7ACB9,2019/3/17,20:26:40,20.4,86.5,24,35,39,586,100,0,0,0,0,0,0,0,0,0,20.4,86.5,25.039288,121.612939,0,0,0,0,745,564,736,0,AL-0147,16.97,18.402
2019/3/17 20:27,F0038CE7ACB9,2019/3/17,20:27:40,20.4,86.3,25,35,39,544,100,0,0,0,0,0,0,0,0,0,20.4,86.3,25.039288,121.612939,0,0,0,0,742,566,736,0,AL-0147,17.71,18.402
2019/3/17 20:28,F0038CE7ACB9,2019/3/17,20:28:40,20.4,86.3,24,35,40,573,100,0,0,0,0,0,0,0,0,0,20.4,86.3,25.039288,121.612939,0,0,0,0,744,565,733,0,AL-0147,16.97,18.402
2019/3/17 20:29,F0038CE7ACB9,2019/3/17,20:29:40,20.4,86.1,24,35,39,547,100,0,0,0,0,0,0,0,0,0,20.4,86.1,25.039288,121.612939,0,0,0,0,743,567,735,0,AL-0147,16.97,18.402
2019/3/17 20:30,F0038CE7ACB9,2019/3/17,20:30:41,20.4,86.1,24,35,41,545,100,0,0,0,0,0,0,0,0,0,20.4,86.1,25.039288,121.612939,0,0,0,0,741,566,738,0,AL-0147,16.97,18.402
2019/3/17 20:31,F0038CE7ACB9,2019/3/17,20:31:41,20.4,85.9,23,34,36,559,100,0,0,0,0,0,0,0,0,0,20.4,85.9,25.039288,121.612939,0,0,0,0,743,563,736,0,AL-0147,16.23,17.814
2019/3/17 20:32,F0038CE7ACB9,2019/3/17,20:32:41,20.4,85.8,24,35,37,554,100,0,0,0,0,0,0,0,0,0,20.4,85.8,25.039288,121.612939,0,0,0,0,744,565,733,0,AL-0147,16.97,18.402
2019/3/17 20:33,F0038CE7ACB9,2019/3/17,20:33:41,20.4,86,24,36,42,577,100,0,0,0,0,0,0,0,0,0,20.4,86,25.039288,121.612939,0,0,0,0,742,568,736,0,AL-0147,16.97,18.99
2019/3/17 20:34,F0038CE7ACB9,2019/3/17,20:34:42,20.4,86,25,39,42,560,100,0,0,0,0,0,0,0,0,0,20.4,86,25.039288,121.612939,0,0,0,0,744,567,737,0,AL-0147,17.71,20.754
2019/3/17 20:35,F0038CE7ACB9,2019/3/17,20:35:42,20.4,85.9,26,37,44,580,100,0,0,0,0,0,0,0,0,0,20.4,85.9,25.039288,121.612939,0,0,0,0,742,565,737,0,AL-0147,18.45,19.578
2019/3/17 20:36,F0038CE7ACB9,2019/3/17,20:36:42,20.5,85.9,25,36,43,568,100,0,0,0,0,0,0,0,0,0,20.5,85.9,25.039288,121.612939,0,0,0,0,746,563,733,0,AL-0147,17.71,18.99
2019/3/17 20:37,F0038CE7ACB9,2019/3/17,20:37:42,20.5,85.8,24,35,40,575,100,0,0,0,0,0,0,0,0,0,20.5,85.8,25.039288,121.612939,0,0,0,0,745,564,733,0,AL-0147,16.97,18.402
2019/3/17 20:38,F0038CE7ACB9,2019/3/17,20:38:42,20.5,85.7,25,36,43,556,100,0,0,0,0,0,0,0,0,0,20.5,85.7,25.039288,121.612939,0,0,0,0,742,564,735,0,AL-0147,17.71,18.99
2019/3/17 20:39,F0038CE7ACB9,2019/3/17,20:39:43,20.5,85.6,24,36,41,549,100,0,0,0,0,0,0,0,0,0,20.5,85.6,25.039288,121.612939,0,0,0,0,744,566,736,0,AL-0147,16.97,18.99
2019/3/17 20:40,F0038CE7ACB9,2019/3/17,20:40:43,20.5,85.6,25,36,42,572,100,0,0,0,0,0,0,0,0,0,20.5,85.6,25.039288,121.612939,0,0,0,0,743,564,735,0,AL-0147,17.71,18.99
2019/3/17 20:41,F0038CE7ACB9,2019/3/17,20:41:43,20.5,85.6,25,38,42,567,100,0,0,0,0,0,0,0,0,0,20.5,85.6,25.039288,121.612939,0,0,0,0,745,565,735,0,AL-0147,17.71,20.166
2019/3/17 20:42,F0038CE7ACB9,2019/3/17,20:42:43,20.5,85.6,24,35,41,594,100,0,0,0,0,0,0,0,0,0,20.5,85.6,25.039288,121.612939,0,0,0,0,743,566,736,0,AL-0147,16.97,18.402
2019/3/17 20:43,F0038CE7ACB9,2019/3/17,20:43:44,20.5,85.5,25,38,43,561,100,0,0,0,0,0,0,0,0,0,20.5,85.5,25.039288,121.612939,0,0,0,0,743,566,738,0,AL-0147,17.71,20.166
2019/3/17 20:44,F0038CE7ACB9,2019/3/17,20:44:44,20.5,85.5,25,34,40,569,100,0,0,0,0,0,0,0,0,0,20.5,85.5,25.039288,121.612939,0,0,0,0,743,565,736,0,AL-0147,17.71,17.814
2019/3/17 20:45,F0038CE7ACB9,2019/3/17,20:45:44,20.5,85.5,24,36,39,547,100,0,0,0,0,0,0,0,0,0,20.5,85.5,25.039288,121.612939,0,0,0,0,742,564,735,0,AL-0147,16.97,18.99
2019/3/17 20:46,F0038CE7ACB9,2019/3/17,20:46:44,20.5,85.6,25,38,42,557,100,0,0,0,0,0,0,0,0,0,20.5,85.6,25.039288,121.612939,0,0,0,0,741,563,736,0,AL-0147,17.71,20.166
2019/3/17 20:47,F0038CE7ACB9,2019/3/17,20:47:44,20.5,85.5,24,35,40,555,100,0,0,0,0,0,0,0,0,0,20.5,85.5,25.039288,121.612939,0,0,0,0,740,564,734,0,AL-0147,16.97,18.402
2019/3/17 20:48,F0038CE7ACB9,2019/3/17,20:48:45,20.5,85.6,25,35,39,571,100,0,0,0,0,0,0,0,0,0,20.5,85.6,25.039288,121.612939,0,0,0,0,743,564,735,0,AL-0147,17.71,18.402
2019/3/17 20:49,F0038CE7ACB9,2019/3/17,20:49:45,20.5,85.5,24,35,41,566,100,0,0,0,0,0,0,0,0,0,20.5,85.5,25.039288,121.612939,0,0,0,0,743,565,734,0,AL-0147,16.97,18.402
2019/3/17 20:50,F0038CE7ACB9,2019/3/17,20:50:45,20.5,85.5,23,33,35,560,100,0,0,0,0,0,0,0,0,0,20.5,85.5,25.039288,121.612939,0,0,0,0,743,563,739,0,AL-0147,16.23,17.226
2019/3/17 20:51,F0038CE7ACB9,2019/3/17,20:51:45,20.4,85.6,23,35,39,557,100,0,0,0,0,0,0,0,0,0,20.4,85.6,25.039288,121.612939,0,0,0,0,743,564,734,0,AL-0147,16.23,18.402
2019/3/17 20:52,F0038CE7ACB9,2019/3/17,20:52:46,20.4,85.6,24,34,39,560,100,0,0,0,0,0,0,0,0,0,20.4,85.6,25.039288,121.612939,0,0,0,0,741,567,740,0,AL-0147,16.97,17.814
2019/3/17 20:53,F0038CE7ACB9,2019/3/17,20:53:46,20.5,85.5,25,35,39,563,100,0,0,0,0,0,0,0,0,0,20.5,85.5,25.039288,121.612939,0,0,0,0,742,563,735,0,AL-0147,17.71,18.402
2019/3/17 20:54,F0038CE7ACB9,2019/3/17,20:54:46,20.4,85.4,24,35,41,551,100,0,0,0,0,0,0,0,0,0,20.4,85.4,25.039288,121.612939,0,0,0,0,740,565,733,0,AL-0147,16.97,18.402
2019/3/17 20:55,F0038CE7ACB9,2019/3/17,20:55:46,20.4,85.9,23,33,34,651,100,0,0,0,0,0,0,0,0,0,20.4,85.9,25.039288,121.612939,0,0,0,0,740,563,733,0,AL-0147,16.23,17.226
2019/3/17 20:56,F0038CE7ACB9,2019/3/17,20:56:46,20.5,85.9,24,35,38,625,100,0,0,0,0,0,0,0,0,0,20.5,85.9,25.039288,121.612939,0,0,0,0,741,565,738,0,AL-0147,16.97,18.402
2019/3/17 20:57,F0038CE7ACB9,2019/3/17,20:57:47,20.4,85.6,25,36,44,580,100,0,0,0,0,0,0,0,0,0,20.4,85.6,25.039288,121.612939,0,0,0,0,742,563,733,0,AL-0147,17.71,18.99
2019/3/17 20:58,F0038CE7ACB9,2019/3/17,20:58:47,20.4,85.5,26,39,49,570,100,0,0,0,0,0,0,0,0,0,20.4,85.5,25.039288,121.612939,0,0,0,0,743,566,735,0,AL-0147,18.45,20.754
2019/3/17 20:59,F0038CE7ACB9,2019/3/17,20:59:47,20.5,85.4,24,35,40,568,100,0,0,0,0,0,0,0,0,0,20.5,85.4,25.039288,121.612939,0,0,0,0,743,565,735,0,AL-0147,16.97,18.402
2019/3/17 21:00,F0038CE7ACB9,2019/3/17,21:00:47,20.5,85.5,25,36,40,568,100,0,0,0,0,0,0,0,0,0,20.5,85.5,25.039288,121.612939,0,0,0,0,742,567,738,0,AL-0147,17.71,18.99
2019/3/17 21:01,F0038CE7ACB9,2019/3/17,21:01:48,20.5,85.5,25,36,43,576,100,0,0,0,0,0,0,0,0,0,20.5,85.5,25.039288,121.612939,0,0,0,0,742,563,735,0,AL-0147,17.71,18.99
2019/3/17 21:02,F0038CE7ACB9,2019/3/17,21:02:48,20.5,85.4,26,39,43,553,100,0,0,0,0,0,0,0,0,0,20.5,85.4,25.039288,121.612939,0,0,0,0,743,566,737,0,AL-0147,18.45,20.754
2019/3/17 21:03,F0038CE7ACB9,2019/3/17,21:03:48,20.5,85.5,26,39,46,559,100,0,0,0,0,0,0,0,0,0,20.5,85.5,25.039288,121.612939,0,0,0,0,741,565,736,0,AL-0147,18.45,20.754
2019/3/17 21:04,F0038CE7ACB9,2019/3/17,21:04:48,20.5,85.1,24,35,40,551,100,0,0,0,0,0,0,0,0,0,20.5,85.1,25.039288,121.612939,0,0,0,0,743,567,737,0,AL-0147,16.97,18.402
2019/3/17 21:05,F0038CE7ACB9,2019/3/17,21:05:48,20.5,85.3,24,33,35,572,100,0,0,0,0,0,0,0,0,0,20.5,85.3,25.039288,121.612939,0,0,0,0,745,563,738,0,AL-0147,16.97,17.226
2019/3/17 21:06,F0038CE7ACB9,2019/3/17,21:06:49,20.4,85.3,24,36,44,561,100,0,0,0,0,0,0,0,0,0,20.4,85.3,25.039288,121.612939,0,0,0,0,745,564,733,0,AL-0147,16.97,18.99
2019/3/17 21:07,F0038CE7ACB9,2019/3/17,21:07:49,20.5,85.3,24,36,41,556,100,0,0,0,0,0,0,0,0,0,20.5,85.3,25.039288,121.612939,0,0,0,0,742,566,737,0,AL-0147,16.97,18.99
2019/3/17 21:08,F0038CE7ACB9,2019/3/17,21:08:49,20.5,85.4,22,33,36,581,100,0,0,0,0,0,0,0,0,0,20.5,85.4,25.039288,121.612939,0,0,0,0,743,567,737,0,AL-0147,15.49,17.226
2019/3/17 21:09,F0038CE7ACB9,2019/3/17,21:09:49,20.4,85.3,25,37,42,554,100,0,0,0,0,0,0,0,0,0,20.4,85.3,25.039288,121.612939,0,0,0,0,742,568,737,0,AL-0147,17.71,19.578
2019/3/17 21:10,F0038CE7ACB9,2019/3/17,21:10:50,20.4,85.4,23,35,40,574,100,0,0,0,0,0,0,0,0,0,20.4,85.4,25.039288,121.612939,0,0,0,0,742,564,735,0,AL-0147,16.23,18.402
2019/3/17 21:11,F0038CE7ACB9,2019/3/17,21:11:50,20.4,85.3,24,34,39,557,100,0,0,0,0,0,0,0,0,0,20.4,85.3,25.039288,121.612939,0,0,0,0,742,568,736,0,AL-0147,16.97,17.814
2019/3/17 21:12,F0038CE7ACB9,2019/3/17,21:12:50,20.4,85.4,24,34,37,543,100,0,0,0,0,0,0,0,0,0,20.4,85.4,25.039288,121.612939,0,0,0,0,744,564,735,0,AL-0147,16.97,17.814
2019/3/17 21:13,F0038CE7ACB9,2019/3/17,21:13:50,20.3,85.5,22,32,37,544,100,0,0,0,0,0,0,0,0,0,20.3,85.5,25.039288,121.612939,0,0,0,0,743,565,736,0,AL-0147,15.49,16.638
2019/3/17 21:14,F0038CE7ACB9,2019/3/17,21:14:50,20.3,85.6,23,34,38,535,100,0,0,0,0,0,0,0,0,0,20.3,85.6,25.039288,121.612939,0,0,0,0,742,567,734,0,AL-0147,16.23,17.814
2019/3/17 21:15,F0038CE7ACB9,2019/3/17,21:15:51,20.3,85.7,24,35,44,561,100,0,0,0,0,0,0,0,0,0,20.3,85.7,25.039288,121.612939,0,0,0,0,741,566,737,0,AL-0147,16.97,18.402
2019/3/17 21:16,F0038CE7ACB9,2019/3/17,21:16:51,20.3,85.7,23,33,41,549,100,0,0,0,0,0,0,0,0,0,20.3,85.7,25.039288,121.612939,0,0,0,0,744,566,735,0,AL-0147,16.23,17.226
2019/3/17 21:17,F0038CE7ACB9,2019/3/17,21:17:51,20.3,85.7,25,37,46,552,100,0,0,0,0,0,0,0,0,0,20.3,85.7,25.039288,121.612939,0,0,0,0,745,567,737,0,AL-0147,17.71,19.578
2019/3/17 21:18,F0038CE7ACB9,2019/3/17,21:18:51,20.3,85.6,24,36,40,539,100,0,0,0,0,0,0,0,0,0,20.3,85.6,25.039288,121.612939,0,0,0,0,741,565,734,0,AL-0147,16.97,18.99
2019/3/17 21:19,F0038CE7ACB9,2019/3/17,21:19:52,20.3,85.7,24,36,38,556,100,0,0,0,0,0,0,0,0,0,20.3,85.7,25.039288,121.612939,0,0,0,0,742,564,734,0,AL-0147,16.97,18.99
2019/3/17 21:20,F0038CE7ACB9,2019/3/17,21:20:52,20.3,85.7,24,35,40,567,100,0,0,0,0,0,0,0,0,0,20.3,85.7,25.039288,121.612939,0,0,0,0,745,565,737,0,AL-0147,16.97,18.402
2019/3/17 21:21,F0038CE7ACB9,2019/3/17,21:21:52,20.3,85.6,24,37,40,550,100,0,0,0,0,0,0,0,0,0,20.3,85.6,25.039288,121.612939,0,0,0,0,743,564,737,0,AL-0147,16.97,19.578
2019/3/17 21:22,F0038CE7ACB9,2019/3/17,21:22:52,20.3,85.5,24,34,37,553,100,0,0,0,0,0,0,0,0,0,20.3,85.5,25.039288,121.612939,0,0,0,0,741,567,739,0,AL-0147,16.97,17.814
2019/3/17 21:23,F0038CE7ACB9,2019/3/17,21:23:53,20.3,85.5,24,34,39,541,100,0,0,0,0,0,0,0,0,0,20.3,85.5,25.039288,121.612939,0,0,0,0,741,564,736,0,AL-0147,16.97,17.814
2019/3/17 21:24,F0038CE7ACB9,2019/3/17,21:24:53,20.3,85.6,23,33,34,555,100,0,0,0,0,0,0,0,0,0,20.3,85.6,25.039288,121.612939,0,0,0,0,743,564,735,0,AL-0147,16.23,17.226
2019/3/17 21:25,F0038CE7ACB9,2019/3/17,21:25:53,20.3,85.6,23,36,38,546,100,0,0,0,0,0,0,0,0,0,20.3,85.6,25.039288,121.612939,0,0,0,0,743,563,739,0,AL-0147,16.23,18.99
2019/3/17 21:26,F0038CE7ACB9,2019/3/17,21:26:53,20.3,85.7,24,35,39,546,100,0,0,0,0,0,0,0,0,0,20.3,85.7,25.039288,121.612939,0,0,0,0,741,565,736,0,AL-0147,16.97,18.402
2019/3/17 21:27,F0038CE7ACB9,2019/3/17,21:27:53,20.3,85.7,23,33,35,551,100,0,0,0,0,0,0,0,0,0,20.3,85.7,25.039288,121.612939,0,0,0,0,741,566,737,0,AL-0147,16.23,17.226
2019/3/17 21:28,F0038CE7ACB9,2019/3/17,21:28:54,20.2,85.7,24,36,40,531,100,0,0,0,0,0,0,0,0,0,20.2,85.7,25.039288,121.612939,0,0,0,0,741,565,739,0,AL-0147,16.97,18.99
2019/3/17 21:29,F0038CE7ACB9,2019/3/17,21:29:54,20.2,85.8,23,36,40,537,100,0,0,0,0,0,0,0,0,0,20.2,85.8,25.039288,121.612939,0,0,0,0,740,562,735,0,AL-0147,16.23,18.99
2019/3/17 21:30,F0038CE7ACB9,2019/3/17,21:30:54,20.2,85.8,24,36,38,549,100,0,0,0,0,0,0,0,0,0,20.2,85.8,25.039288,121.612939,0,0,0,0,745,566,737,0,AL-0147,16.97,18.99
2019/3/17 21:31,F0038CE7ACB9,2019/3/17,21:31:54,20.2,85.9,24,34,39,555,100,0,0,0,0,0,0,0,0,0,20.2,85.9,25.039288,121.612939,0,0,0,0,742,565,738,0,AL-0147,16.97,17.814
2019/3/17 21:32,F0038CE7ACB9,2019/3/17,21:32:55,20.2,85.9,24,36,39,568,100,0,0,0,0,0,0,0,0,0,20.2,85.9,25.039288,121.612939,0,0,0,0,742,562,738,0,AL-0147,16.97,18.99
2019/3/17 21:33,F0038CE7ACB9,2019/3/17,21:33:55,20.2,85.9,24,36,40,554,100,0,0,0,0,0,0,0,0,0,20.2,85.9,25.039288,121.612939,0,0,0,0,744,563,737,0,AL-0147,16.97,18.99
2019/3/17 21:34,F0038CE7ACB9,2019/3/17,21:34:55,20.2,85.7,23,36,43,537,100,0,0,0,0,0,0,0,0,0,20.2,85.7,25.039288,121.612939,0,0,0,0,745,566,737,0,AL-0147,16.23,18.99
2019/3/17 21:35,F0038CE7ACB9,2019/3/17,21:35:55,20.2,85.7,23,36,41,531,100,0,0,0,0,0,0,0,0,0,20.2,85.7,25.039288,121.612939,0,0,0,0,744,565,737,0,AL-0147,16.23,18.99
2019/3/17 21:36,F0038CE7ACB9,2019/3/17,21:36:55,20.2,85.8,24,33,39,560,100,0,0,0,0,0,0,0,0,0,20.2,85.8,25.039288,121.612939,0,0,0,0,742,565,738,0,AL-0147,16.97,17.226
2019/3/17 21:37,F0038CE7ACB9,2019/3/17,21:37:56,20.2,85.8,24,36,41,544,100,0,0,0,0,0,0,0,0,0,20.2,85.8,25.039288,121.612939,0,0,0,0,742,566,738,0,AL-0147,16.97,18.99
2019/3/17 21:38,F0038CE7ACB9,2019/3/17,21:38:56,20.2,85.7,24,34,37,553,100,0,0,0,0,0,0,0,0,0,20.2,85.7,25.039288,121.612939,0,0,0,0,741,565,736,0,AL-0147,16.97,17.814
2019/3/17 21:39,F0038CE7ACB9,2019/3/17,21:39:56,20.2,85.8,24,36,41,554,100,0,0,0,0,0,0,0,0,0,20.2,85.8,25.039288,121.612939,0,0,0,0,741,564,739,0,AL-0147,16.97,18.99
2019/3/17 21:40,F0038CE7ACB9,2019/3/17,21:40:56,20.2,85.8,24,37,40,569,100,0,0,0,0,0,0,0,0,0,20.2,85.8,25.039288,121.612939,0,0,0,0,746,564,734,0,AL-0147,16.97,19.578
2019/3/17 21:41,F0038CE7ACB9,2019/3/17,21:41:57,20.2,85.8,24,37,42,555,100,0,0,0,0,0,0,0,0,0,20.2,85.8,25.039288,121.612939,0,0,0,0,743,563,736,0,AL-0147,16.97,19.578
2019/3/17 21:42,F0038CE7ACB9,2019/3/17,21:42:57,20.2,85.8,24,38,43,565,100,0,0,0,0,0,0,0,0,0,20.2,85.8,25.039288,121.612939,0,0,0,0,745,564,737,0,AL-0147,16.97,20.166
2019/3/17 21:43,F0038CE7ACB9,2019/3/17,21:43:57,20.3,86.1,25,37,41,596,100,0,0,0,0,0,0,0,0,0,20.3,86.1,25.039288,121.612939,0,0,0,0,741,565,739,0,AL-0147,17.71,19.578
2019/3/17 21:44,F0038CE7ACB9,2019/3/17,21:44:57,20.3,85.8,24,36,43,581,100,0,0,0,0,0,0,0,0,0,20.3,85.8,25.039288,121.612939,0,0,0,0,746,565,737,0,AL-0147,16.97,18.99
2019/3/17 21:45,F0038CE7ACB9,2019/3/17,21:45:57,20.3,85.8,23,34,38,599,100,0,0,0,0,0,0,0,0,0,20.3,85.8,25.039288,121.612939,0,0,0,0,741,562,738,0,AL-0147,16.23,17.814
2019/3/17 21:46,F0038CE7ACB9,2019/3/17,21:46:58,20.3,85.7,25,37,43,590,100,0,0,0,0,0,0,0,0,0,20.3,85.7,25.039288,121.612939,0,0,0,0,745,565,738,0,AL-0147,17.71,19.578
2019/3/17 21:47,F0038CE7ACB9,2019/3/17,21:47:58,20.3,85.5,24,37,41,568,100,0,0,0,0,0,0,0,0,0,20.3,85.5,25.039288,121.612939,0,0,0,0,743,563,735,0,AL-0147,16.97,19.578
2019/3/17 21:48,F0038CE7ACB9,2019/3/17,21:48:58,20.3,85.5,25,37,41,552,100,0,0,0,0,0,0,0,0,0,20.3,85.5,25.039288,121.612939,0,0,0,0,744,562,735,0,AL-0147,17.71,19.578
2019/3/17 21:49,F0038CE7ACB9,2019/3/17,21:49:58,20.3,85.5,25,36,42,567,100,0,0,0,0,0,0,0,0,0,20.3,85.5,25.039288,121.612939,0,0,0,0,744,565,734,0,AL-0147,17.71,18.99
2019/3/17 21:50,F0038CE7ACB9,2019/3/17,21:50:59,20.3,85.8,26,39,46,570,100,0,0,0,0,0,0,0,0,0,20.3,85.8,25.039288,121.612939,0,0,0,0,746,565,739,0,AL-0147,18.45,20.754
2019/3/17 21:51,F0038CE7ACB9,2019/3/17,21:51:59,20.2,85.6,26,39,47,569,100,0,0,0,0,0,0,0,0,0,20.2,85.6,25.039288,121.612939,0,0,0,0,743,566,738,0,AL-0147,18.45,20.754
2019/3/17 21:52,F0038CE7ACB9,2019/3/17,21:52:59,20.3,85.4,25,37,42,544,100,0,0,0,0,0,0,0,0,0,20.3,85.4,25.039288,121.612939,0,0,0,0,743,565,738,0,AL-0147,17.71,19.578
2019/3/17 21:53,F0038CE7ACB9,2019/3/17,21:53:59,20.3,85.5,24,36,41,558,100,0,0,0,0,0,0,0,0,0,20.3,85.5,25.039288,121.612939,0,0,0,0,743,566,738,0,AL-0147,16.97,18.99
2019/3/17 21:54,F0038CE7ACB9,2019/3/17,21:54:59,20.3,85.4,25,37,45,545,100,0,0,0,0,0,0,0,0,0,20.3,85.4,25.039288,121.612939,0,0,0,0,745,567,739,0,AL-0147,17.71,19.578
2019/3/17 21:56,F0038CE7ACB9,2019/3/17,21:56:00,20.3,85.5,24,36,40,583,100,0,0,0,0,0,0,0,0,0,20.3,85.5,25.039288,121.612939,0,0,0,0,746,563,736,0,AL-0147,16.97,18.99
2019/3/17 21:57,F0038CE7ACB9,2019/3/17,21:57:00,20.3,85.4,25,37,47,552,100,0,0,0,0,0,0,0,0,0,20.3,85.4,25.039288,121.612939,0,0,0,0,744,564,739,0,AL-0147,17.71,19.578
2019/3/17 21:58,F0038CE7ACB9,2019/3/17,21:58:00,20.3,85.3,22,33,37,548,100,0,0,0,0,0,0,0,0,0,20.3,85.3,25.039288,121.612939,0,0,0,0,743,564,738,0,AL-0147,15.49,17.226
2019/3/17 21:59,F0038CE7ACB9,2019/3/17,21:59:00,20.2,85.3,24,36,42,546,100,0,0,0,0,0,0,0,0,0,20.2,85.3,25.039288,121.612939,0,0,0,0,744,565,738,0,AL-0147,16.97,18.99
2019/3/17 22:00,F0038CE7ACB9,2019/3/17,22:00:00,20.2,85.4,25,37,42,555,100,0,0,0,0,0,0,0,0,0,20.2,85.4,25.039288,121.612939,0,0,0,0,747,563,735,0,AL-0147,17.71,19.578
2019/3/17 22:01,F0038CE7ACB9,2019/3/17,22:01:01,20.2,85.4,25,37,42,545,100,0,0,0,0,0,0,0,0,0,20.2,85.4,25.039288,121.612939,0,0,0,0,746,563,740,0,AL-0147,17.71,19.578
2019/3/17 22:02,F0038CE7ACB9,2019/3/17,22:02:01,20.2,85.5,24,37,43,567,100,0,0,0,0,0,0,0,0,0,20.2,85.5,25.039288,121.612939,0,0,0,0,743,566,737,0,AL-0147,16.97,19.578
2019/3/17 22:03,F0038CE7ACB9,2019/3/17,22:03:01,20.2,85.6,25,37,42,586,100,0,0,0,0,0,0,0,0,0,20.2,85.6,25.039288,121.612939,0,0,0,0,745,565,737,0,AL-0147,17.71,19.578
2019/3/17 22:04,F0038CE7ACB9,2019/3/17,22:04:01,20.2,85.3,24,36,42,561,100,0,0,0,0,0,0,0,0,0,20.2,85.3,25.039288,121.612939,0,0,0,0,746,566,738,0,AL-0147,16.97,18.99
2019/3/17 22:05,F0038CE7ACB9,2019/3/17,22:05:02,20.3,85.6,25,37,41,572,100,0,0,0,0,0,0,0,0,0,20.3,85.6,25.039288,121.612939,0,0,0,0,744,562,735,0,AL-0147,17.71,19.578
2019/3/17 22:06,F0038CE7ACB9,2019/3/17,22:06:02,20.2,85.4,25,39,46,544,100,0,0,0,0,0,0,0,0,0,20.2,85.4,25.039288,121.612939,0,0,0,0,744,565,738,0,AL-0147,17.71,20.754
2019/3/17 22:07,F0038CE7ACB9,2019/3/17,22:07:02,20.2,85.5,24,37,42,554,100,0,0,0,0,0,0,0,0,0,20.2,85.5,25.039288,121.612939,0,0,0,0,742,564,739,0,AL-0147,16.97,19.578
2019/3/17 22:08,F0038CE7ACB9,2019/3/17,22:08:02,20.2,85.4,25,37,43,542,100,0,0,0,0,0,0,0,0,0,20.2,85.4,25.039288,121.612939,0,0,0,0,744,563,737,0,AL-0147,17.71,19.578
2019/3/17 22:09,F0038CE7ACB9,2019/3/17,22:09:02,20.2,85.7,24,36,42,546,100,0,0,0,0,0,0,0,0,0,20.2,85.7,25.039288,121.612939,0,0,0,0,743,565,740,0,AL-0147,16.97,18.99
2019/3/17 22:10,F0038CE7ACB9,2019/3/17,22:10:03,20.2,85.7,25,36,41,561,100,0,0,0,0,0,0,0,0,0,20.2,85.7,25.039288,121.612939,0,0,0,0,744,564,736,0,AL-0147,17.71,18.99
2019/3/17 22:11,F0038CE7ACB9,2019/3/17,22:11:03,20.2,85.5,25,36,43,549,100,0,0,0,0,0,0,0,0,0,20.2,85.5,25.039288,121.612939,0,0,0,0,746,567,736,0,AL-0147,17.71,18.99
2019/3/17 22:12,F0038CE7ACB9,2019/3/17,22:12:03,20.2,85.6,25,38,43,549,100,0,0,0,0,0,0,0,0,0,20.2,85.6,25.039288,121.612939,0,0,0,0,747,565,740,0,AL-0147,17.71,20.166
2019/3/17 22:13,F0038CE7ACB9,2019/3/17,22:13:03,20.2,85.6,24,37,40,553,100,0,0,0,0,0,0,0,0,0,20.2,85.6,25.039288,121.612939,0,0,0,0,744,563,735,0,AL-0147,16.97,19.578
2019/3/17 22:14,F0038CE7ACB9,2019/3/17,22:14:04,20.2,85.6,25,38,42,557,100,0,0,0,0,0,0,0,0,0,20.2,85.6,25.039288,121.612939,0,0,0,0,745,563,736,0,AL-0147,17.71,20.166
2019/3/17 22:15,F0038CE7ACB9,2019/3/17,22:15:04,20.2,85.6,24,37,42,549,100,0,0,0,0,0,0,0,0,0,20.2,85.6,25.039288,121.612939,0,0,0,0,744,565,737,0,AL-0147,16.97,19.578
2019/3/17 22:16,F0038CE7ACB9,2019/3/17,22:16:04,20.2,85.6,24,36,40,557,100,0,0,0,0,0,0,0,0,0,20.2,85.6,25.039288,121.612939,0,0,0,0,742,563,737,0,AL-0147,16.97,18.99
2019/3/17 22:17,F0038CE7ACB9,2019/3/17,22:17:04,20.2,85.7,25,37,43,557,100,0,0,0,0,0,0,0,0,0,20.2,85.7,25.039288,121.612939,0,0,0,0,741,564,736,0,AL-0147,17.71,19.578
2019/3/17 22:18,F0038CE7ACB9,2019/3/17,22:18:04,20.2,85.6,25,39,46,546,100,0,0,0,0,0,0,0,0,0,20.2,85.6,25.039288,121.612939,0,0,0,0,745,562,738,0,AL-0147,17.71,20.754
2019/3/17 22:19,F0038CE7ACB9,2019/3/17,22:19:05,20.2,85.8,25,37,43,577,100,0,0,0,0,0,0,0,0,0,20.2,85.8,25.039288,121.612939,0,0,0,0,741,565,740,0,AL-0147,17.71,19.578
2019/3/17 22:20,F0038CE7ACB9,2019/3/17,22:20:05,20.2,85.8,25,37,41,567,100,0,0,0,0,0,0,0,0,0,20.2,85.8,25.039288,121.612939,0,0,0,0,744,566,738,0,AL-0147,17.71,19.578
2019/3/17 22:21,F0038CE7ACB9,2019/3/17,22:21:05,20.2,85.8,25,37,45,554,100,0,0,0,0,0,0,0,0,0,20.2,85.8,25.039288,121.612939,0,0,0,0,743,563,738,0,AL-0147,17.71,19.578
2019/3/17 22:22,F0038CE7ACB9,2019/3/17,22:22:05,20.2,85.8,25,37,39,561,100,0,0,0,0,0,0,0,0,0,20.2,85.8,25.039288,121.612939,0,0,0,0,743,564,736,0,AL-0147,17.71,19.578
2019/3/17 22:23,F0038CE7ACB9,2019/3/17,22:23:06,20.2,85.8,24,39,47,553,100,0,0,0,0,0,0,0,0,0,20.2,85.8,25.039288,121.612939,0,0,0,0,743,566,740,0,AL-0147,16.97,20.754
2019/3/17 22:24,F0038CE7ACB9,2019/3/17,22:24:06,20.2,85.9,24,39,46,554,100,0,0,0,0,0,0,0,0,0,20.2,85.9,25.039288,121.612939,0,0,0,0,745,566,736,0,AL-0147,16.97,20.754
2019/3/17 22:25,F0038CE7ACB9,2019/3/17,22:25:06,20.2,86,24,37,45,554,100,0,0,0,0,0,0,0,0,0,20.2,86,25.039288,121.612939,0,0,0,0,743,564,737,0,AL-0147,16.97,19.578
2019/3/17 22:26,F0038CE7ACB9,2019/3/17,22:26:06,20.2,85.9,24,36,38,540,100,0,0,0,0,0,0,0,0,0,20.2,85.9,25.039288,121.612939,0,0,0,0,742,562,740,0,AL-0147,16.97,18.99
2019/3/17 22:27,F0038CE7ACB9,2019/3/17,22:27:06,20.2,85.8,23,36,39,528,100,0,0,0,0,0,0,0,0,0,20.2,85.8,25.039288,121.612939,0,0,0,0,741,564,735,0,AL-0147,16.23,18.99
2019/3/17 22:28,F0038CE7ACB9,2019/3/17,22:28:07,20.2,86,25,36,40,556,100,0,0,0,0,0,0,0,0,0,20.2,86,25.039288,121.612939,0,0,0,0,743,563,736,0,AL-0147,17.71,18.99
2019/3/17 22:29,F0038CE7ACB9,2019/3/17,22:29:07,20.2,85.9,23,33,37,544,100,0,0,0,0,0,0,0,0,0,20.2,85.9,25.039288,121.612939,0,0,0,0,744,566,740,0,AL-0147,16.23,17.226
2019/3/17 22:30,F0038CE7ACB9,2019/3/17,22:30:07,20.2,85.9,23,34,37,530,100,0,0,0,0,0,0,0,0,0,20.2,85.9,25.039288,121.612939,0,0,0,0,745,560,735,0,AL-0147,16.23,17.814
2019/3/17 22:31,F0038CE7ACB9,2019/3/17,22:31:07,20.2,85.9,24,34,39,546,100,0,0,0,0,0,0,0,0,0,20.2,85.9,25.039288,121.612939,0,0,0,0,745,562,736,0,AL-0147,16.97,17.814
2019/3/17 22:32,F0038CE7ACB9,2019/3/17,22:32:08,20.2,86,24,36,38,534,100,0,0,0,0,0,0,0,0,0,20.2,86,25.039288,121.612939,0,0,0,0,741,564,736,0,AL-0147,16.97,18.99
2019/3/17 22:33,F0038CE7ACB9,2019/3/17,22:33:08,20.2,86.1,24,36,40,551,100,0,0,0,0,0,0,0,0,0,20.2,86.1,25.039288,121.612939,0,0,0,0,743,562,736,0,AL-0147,16.97,18.99
2019/3/17 22:34,F0038CE7ACB9,2019/3/17,22:34:08,20.2,86.3,24,36,39,558,100,0,0,0,0,0,0,0,0,0,20.2,86.3,25.039288,121.612939,0,0,0,0,743,562,736,0,AL-0147,16.97,18.99
2019/3/17 22:35,F0038CE7ACB9,2019/3/17,22:35:08,20.2,86.6,23,36,40,643,100,0,0,0,0,0,0,0,0,0,20.2,86.6,25.039288,121.612939,0,0,0,0,741,564,735,0,AL-0147,16.23,18.99
2019/3/17 22:36,F0038CE7ACB9,2019/3/17,22:36:08,20.3,86.7,24,36,38,649,100,0,0,0,0,0,0,0,0,0,20.3,86.7,25.039288,121.612939,0,0,0,0,742,563,736,0,AL-0147,16.97,18.99
2019/3/17 22:37,F0038CE7ACB9,2019/3/17,22:37:09,20.3,85.9,24,36,40,561,100,0,0,0,0,0,0,0,0,0,20.3,85.9,25.039288,121.612939,0,0,0,0,743,563,737,0,AL-0147,16.97,18.99
2019/3/17 22:38,F0038CE7ACB9,2019/3/17,22:38:09,20.3,86.1,24,34,37,594,100,0,0,0,0,0,0,0,0,0,20.3,86.1,25.039288,121.612939,0,0,0,0,744,565,738,0,AL-0147,16.97,17.814
2019/3/17 22:39,F0038CE7ACB9,2019/3/17,22:39:09,20.3,85.7,24,37,46,561,100,0,0,0,0,0,0,0,0,0,20.3,85.7,25.039288,121.612939,0,0,0,0,742,564,735,0,AL-0147,16.97,19.578
2019/3/17 22:40,F0038CE7ACB9,2019/3/17,22:40:09,20.3,85.7,24,34,38,551,100,0,0,0,0,0,0,0,0,0,20.3,85.7,25.039288,121.612939,0,0,0,0,743,564,736,0,AL-0147,16.97,17.814
2019/3/17 22:41,F0038CE7ACB9,2019/3/17,22:41:10,20.3,85.8,24,36,42,572,100,0,0,0,0,0,0,0,0,0,20.3,85.8,25.039288,121.612939,0,0,0,0,744,563,737,0,AL-0147,16.97,18.99
2019/3/17 22:42,F0038CE7ACB9,2019/3/17,22:42:10,20.4,85.8,24,36,42,580,100,0,0,0,0,0,0,0,0,0,20.4,85.8,25.039288,121.612939,0,0,0,0,744,563,739,0,AL-0147,16.97,18.99
2019/3/17 22:43,F0038CE7ACB9,2019/3/17,22:43:10,20.3,85.8,24,34,39,593,100,0,0,0,0,0,0,0,0,0,20.3,85.8,25.039288,121.612939,0,0,0,0,743,566,738,0,AL-0147,16.97,17.814
2019/3/17 22:44,F0038CE7ACB9,2019/3/17,22:44:10,20.4,85.6,24,36,41,558,100,0,0,0,0,0,0,0,0,0,20.4,85.6,25.039288,121.612939,0,0,0,0,745,565,739,0,AL-0147,16.97,18.99
2019/3/17 22:45,F0038CE7ACB9,2019/3/17,22:45:10,20.4,85.5,24,33,40,553,100,0,0,0,0,0,0,0,0,0,20.4,85.5,25.039288,121.612939,0,0,0,0,744,563,737,0,AL-0147,16.97,17.226
2019/3/17 22:46,F0038CE7ACB9,2019/3/17,22:46:11,20.3,85.5,24,34,38,536,100,0,0,0,0,0,0,0,0,0,20.3,85.5,25.039288,121.612939,0,0,0,0,743,564,735,0,AL-0147,16.97,17.814
2019/3/17 22:47,F0038CE7ACB9,2019/3/17,22:47:11,20.4,85.7,24,37,42,549,100,0,0,0,0,0,0,0,0,0,20.4,85.7,25.039288,121.612939,0,0,0,0,744,566,736,0,AL-0147,16.97,19.578
2019/3/17 22:48,F0038CE7ACB9,2019/3/17,22:48:11,20.4,85.6,24,36,38,559,100,0,0,0,0,0,0,0,0,0,20.4,85.6,25.039288,121.612939,0,0,0,0,741,565,735,0,AL-0147,16.97,18.99
2019/3/17 22:49,F0038CE7ACB9,2019/3/17,22:49:11,20.4,85.7,24,36,39,552,100,0,0,0,0,0,0,0,0,0,20.4,85.7,25.039288,121.612939,0,0,0,0,744,562,740,0,AL-0147,16.97,18.99
2019/3/17 22:50,F0038CE7ACB9,2019/3/17,22:50:12,20.4,85.6,24,36,42,557,100,0,0,0,0,0,0,0,0,0,20.4,85.6,25.039288,121.612939,0,0,0,0,742,562,740,0,AL-0147,16.97,18.99
2019/3/17 22:51,F0038CE7ACB9,2019/3/17,22:51:12,20.4,85.7,25,37,43,562,100,0,0,0,0,0,0,0,0,0,20.4,85.7,25.039288,121.612939,0,0,0,0,741,563,737,0,AL-0147,17.71,19.578
2019/3/17 22:52,F0038CE7ACB9,2019/3/17,22:52:12,20.4,85.6,25,39,44,539,100,0,0,0,0,0,0,0,0,0,20.4,85.6,25.039288,121.612939,0,0,0,0,746,563,737,0,AL-0147,17.71,20.754
2019/3/17 22:53,F0038CE7ACB9,2019/3/17,22:53:12,20.4,85.7,27,38,47,557,100,0,0,0,0,0,0,0,0,0,20.4,85.7,25.039288,121.612939,0,0,0,0,744,563,737,0,AL-0147,19.19,20.166
2019/3/17 22:54,F0038CE7ACB9,2019/3/17,22:54:12,20.4,85.6,26,39,46,563,100,0,0,0,0,0,0,0,0,0,20.4,85.6,25.039288,121.612939,0,0,0,0,743,562,736,0,AL-0147,18.45,20.754
2019/3/17 22:55,F0038CE7ACB9,2019/3/17,22:55:13,20.4,85.5,26,39,46,556,100,0,0,0,0,0,0,0,0,0,20.4,85.5,25.039288,121.612939,0,0,0,0,746,563,738,0,AL-0147,18.45,20.754
2019/3/17 22:56,F0038CE7ACB9,2019/3/17,22:56:13,20.4,85.5,25,39,46,543,100,0,0,0,0,0,0,0,0,0,20.4,85.5,25.039288,121.612939,0,0,0,0,744,566,736,0,AL-0147,17.71,20.754
2019/3/17 22:57,F0038CE7ACB9,2019/3/17,22:57:13,20.4,85.7,26,39,46,590,100,0,0,0,0,0,0,0,0,0,20.4,85.7,25.039288,121.612939,0,0,0,0,746,561,736,0,AL-0147,18.45,20.754
2019/3/17 22:58,F0038CE7ACB9,2019/3/17,22:58:13,20.4,85.6,26,40,51,563,100,0,0,0,0,0,0,0,0,0,20.4,85.6,25.039288,121.612939,0,0,0,0,746,563,737,0,AL-0147,18.45,21.342
2019/3/17 22:59,F0038CE7ACB9,2019/3/17,22:59:14,20.4,85.6,25,40,47,557,100,0,0,0,0,0,0,0,0,0,20.4,85.6,25.039288,121.612939,0,0,0,0,742,563,737,0,AL-0147,17.71,21.342
2019/3/17 23:00,F0038CE7ACB9,2019/3/17,23:00:14,20.4,85.6,25,39,46,563,100,0,0,0,0,0,0,0,0,0,20.4,85.6,25.039288,121.612939,0,0,0,0,741,562,740,0,AL-0147,17.71,20.754
2019/3/17 23:01,F0038CE7ACB9,2019/3/17,23:01:14,20.4,85.5,24,36,43,560,100,0,0,0,0,0,0,0,0,0,20.4,85.5,25.039288,121.612939,0,0,0,0,745,561,738,0,AL-0147,16.97,18.99
2019/3/17 23:02,F0038CE7ACB9,2019/3/17,23:02:14,20.4,85.5,25,38,41,548,100,0,0,0,0,0,0,0,0,0,20.4,85.5,25.039288,121.612939,0,0,0,0,746,559,737,0,AL-0147,17.71,20.166
2019/3/17 23:03,F0038CE7ACB9,2019/3/17,23:03:14,20.4,85.4,26,39,46,558,100,0,0,0,0,0,0,0,0,0,20.4,85.4,25.039288,121.612939,0,0,0,0,743,561,740,0,AL-0147,18.45,20.754
2019/3/17 23:04,F0038CE7ACB9,2019/3/17,23:04:15,20.4,85.4,24,36,42,551,100,0,0,0,0,0,0,0,0,0,20.4,85.4,25.039288,121.612939,0,0,0,0,746,564,739,0,AL-0147,16.97,18.99
2019/3/17 23:05,F0038CE7ACB9,2019/3/17,23:05:15,20.4,85.4,24,35,40,554,100,0,0,0,0,0,0,0,0,0,20.4,85.4,25.039288,121.612939,0,0,0,0,746,564,738,0,AL-0147,16.97,18.402
2019/3/17 23:06,F0038CE7ACB9,2019/3/17,23:06:15,20.4,85.3,23,35,42,539,100,0,0,0,0,0,0,0,0,0,20.4,85.3,25.039288,121.612939,0,0,0,0,743,562,738,0,AL-0147,16.23,18.402
2019/3/17 23:07,F0038CE7ACB9,2019/3/17,23:07:15,20.5,85.3,23,34,40,544,100,0,0,0,0,0,0,0,0,0,20.5,85.3,25.039288,121.612939,0,0,0,0,743,563,736,0,AL-0147,16.23,17.814
2019/3/17 23:08,F0038CE7ACB9,2019/3/17,23:08:15,20.4,85.4,25,36,40,544,100,0,0,0,0,0,0,0,0,0,20.4,85.4,25.039288,121.612939,0,0,0,0,743,563,740,0,AL-0147,17.71,18.99
2019/3/17 23:09,F0038CE7ACB9,2019/3/17,23:09:16,20.4,85.3,23,36,44,544,100,0,0,0,0,0,0,0,0,0,20.4,85.3,25.039288,121.612939,0,0,0,0,744,561,739,0,AL-0147,16.23,18.99
2019/3/17 23:10,F0038CE7ACB9,2019/3/17,23:10:16,20.4,85.4,25,35,42,549,100,0,0,0,0,0,0,0,0,0,20.4,85.4,25.039288,121.612939,0,0,0,0,741,561,736,0,AL-0147,17.71,18.402
2019/3/17 23:11,F0038CE7ACB9,2019/3/17,23:11:16,20.4,85.4,22,34,36,544,100,0,0,0,0,0,0,0,0,0,20.4,85.4,25.039288,121.612939,0,0,0,0,744,562,739,0,AL-0147,15.49,17.814
2019/3/17 23:12,F0038CE7ACB9,2019/3/17,23:12:16,20.4,85.4,22,32,35,559,100,0,0,0,0,0,0,0,0,0,20.4,85.4,25.039288,121.612939,0,0,0,0,743,563,738,0,AL-0147,15.49,16.638
2019/3/17 23:13,F0038CE7ACB9,2019/3/17,23:13:17,20.4,85.4,24,36,40,548,100,0,0,0,0,0,0,0,0,0,20.4,85.4,25.039288,121.612939,0,0,0,0,743,564,737,0,AL-0147,16.97,18.99
2019/3/17 23:14,F0038CE7ACB9,2019/3/17,23:14:17,20.4,85.5,22,34,36,574,100,0,0,0,0,0,0,0,0,0,20.4,85.5,25.039288,121.612939,0,0,0,0,741,562,738,0,AL-0147,15.49,17.814
2019/3/17 23:15,F0038CE7ACB9,2019/3/17,23:15:17,20.4,85.4,22,32,34,552,100,0,0,0,0,0,0,0,0,0,20.4,85.4,25.039288,121.612939,0,0,0,0,743,562,738,0,AL-0147,15.49,16.638
2019/3/17 23:16,F0038CE7ACB9,2019/3/17,23:16:17,20.4,85.6,22,33,34,560,100,0,0,0,0,0,0,0,0,0,20.4,85.6,25.039288,121.612939,0,0,0,0,744,560,736,0,AL-0147,15.49,17.226
2019/3/17 23:17,F0038CE7ACB9,2019/3/17,23:17:17,20.4,85.5,23,34,36,543,100,0,0,0,0,0,0,0,0,0,20.4,85.5,25.039288,121.612939,0,0,0,0,745,562,737,0,AL-0147,16.23,17.814
2019/3/17 23:18,F0038CE7ACB9,2019/3/17,23:18:18,20.4,85.4,22,33,34,542,100,0,0,0,0,0,0,0,0,0,20.4,85.4,25.039288,121.612939,0,0,0,0,745,564,737,0,AL-0147,15.49,17.226
2019/3/17 23:19,F0038CE7ACB9,2019/3/17,23:19:18,20.4,85.5,24,36,44,560,100,0,0,0,0,0,0,0,0,0,20.4,85.5,25.039288,121.612939,0,0,0,0,742,560,738,0,AL-0147,16.97,18.99
2019/3/17 23:20,F0038CE7ACB9,2019/3/17,23:20:18,20.4,85.6,22,32,36,534,100,0,0,0,0,0,0,0,0,0,20.4,85.6,25.039288,121.612939,0,0,0,0,744,562,738,0,AL-0147,15.49,16.638
2019/3/17 23:21,F0038CE7ACB9,2019/3/17,23:21:18,20.4,85.7,21,32,35,532,100,0,0,0,0,0,0,0,0,0,20.4,85.7,25.039288,121.612939,0,0,0,0,742,566,738,0,AL-0147,14.75,16.638
2019/3/17 23:22,F0038CE7ACB9,2019/3/17,23:22:19,20.4,85.8,22,34,39,548,100,0,0,0,0,0,0,0,0,0,20.4,85.8,25.039288,121.612939,0,0,0,0,743,563,739,0,AL-0147,15.49,17.814
2019/3/17 23:23,F0038CE7ACB9,2019/3/17,23:23:19,20.4,85.7,21,32,33,532,100,0,0,0,0,0,0,0,0,0,20.4,85.7,25.039288,121.612939,0,0,0,0,745,561,739,0,AL-0147,14.75,16.638
2019/3/17 23:24,F0038CE7ACB9,2019/3/17,23:24:19,20.4,85.8,21,30,31,551,100,0,0,0,0,0,0,0,0,0,20.4,85.8,25.039288,121.612939,0,0,0,0,743,563,736,0,AL-0147,14.75,15.462
2019/3/17 23:25,F0038CE7ACB9,2019/3/17,23:25:19,20.4,85.7,21,29,31,553,100,0,0,0,0,0,0,0,0,0,20.4,85.7,25.039288,121.612939,0,0,0,0,746,562,738,0,AL-0147,14.75,14.874
2019/3/17 23:26,F0038CE7ACB9,2019/3/17,23:26:19,20.4,85.6,22,33,38,548,100,0,0,0,0,0,0,0,0,0,20.4,85.6,25.039288,121.612939,0,0,0,0,745,559,736,0,AL-0147,15.49,17.226
2019/3/17 23:27,F0038CE7ACB9,2019/3/17,23:27:20,20.4,85.6,22,33,36,548,100,0,0,0,0,0,0,0,0,0,20.4,85.6,25.039288,121.612939,0,0,0,0,745,564,739,0,AL-0147,15.49,17.226
2019/3/17 23:28,F0038CE7ACB9,2019/3/17,23:28:20,20.4,85.6,23,35,41,548,100,0,0,0,0,0,0,0,0,0,20.4,85.6,25.039288,121.612939,0,0,0,0,742,563,737,0,AL-0147,16.23,18.402
2019/3/17 23:29,F0038CE7ACB9,2019/3/17,23:29:20,20.4,85.6,22,32,35,550,100,0,0,0,0,0,0,0,0,0,20.4,85.6,25.039288,121.612939,0,0,0,0,745,563,737,0,AL-0147,15.49,16.638
2019/3/17 23:30,F0038CE7ACB9,2019/3/17,23:30:20,20.4,85.6,20,29,30,542,100,0,0,0,0,0,0,0,0,0,20.4,85.6,25.039288,121.612939,0,0,0,0,743,562,738,0,AL-0147,14.01,14.874
2019/3/17 23:31,F0038CE7ACB9,2019/3/17,23:31:21,20.4,85.7,21,32,34,533,100,0,0,0,0,0,0,0,0,0,20.4,85.7,25.039288,121.612939,0,0,0,0,745,559,739,0,AL-0147,14.75,16.638
2019/3/17 23:32,F0038CE7ACB9,2019/3/17,23:32:21,20.4,85.8,22,33,34,539,100,0,0,0,0,0,0,0,0,0,20.4,85.8,25.039288,121.612939,0,0,0,0,744,564,737,0,AL-0147,15.49,17.226
2019/3/17 23:33,F0038CE7ACB9,2019/3/17,23:33:21,20.4,85.8,21,33,36,537,100,0,0,0,0,0,0,0,0,0,20.4,85.8,25.039288,121.612939,0,0,0,0,746,564,741,0,AL-0147,14.75,17.226
2019/3/17 23:34,F0038CE7ACB9,2019/3/17,23:34:21,20.4,85.7,20,29,31,539,100,0,0,0,0,0,0,0,0,0,20.4,85.7,25.039288,121.612939,0,0,0,0,742,563,736,0,AL-0147,14.01,14.874
2019/3/17 23:35,F0038CE7ACB9,2019/3/17,23:35:21,20.4,85.8,22,33,36,539,100,0,0,0,0,0,0,0,0,0,20.4,85.8,25.039288,121.612939,0,0,0,0,746,564,742,0,AL-0147,15.49,17.226
2019/3/17 23:36,F0038CE7ACB9,2019/3/17,23:36:22,20.4,85.8,21,29,33,535,100,0,0,0,0,0,0,0,0,0,20.4,85.8,25.039288,121.612939,0,0,0,0,743,564,738,0,AL-0147,14.75,14.874
2019/3/17 23:37,F0038CE7ACB9,2019/3/17,23:37:22,20.4,85.7,21,31,33,536,100,0,0,0,0,0,0,0,0,0,20.4,85.7,25.039288,121.612939,0,0,0,0,743,564,736,0,AL-0147,14.75,16.05
2019/3/17 23:38,F0038CE7ACB9,2019/3/17,23:38:22,20.4,85.7,20,29,30,548,100,0,0,0,0,0,0,0,0,0,20.4,85.7,25.039288,121.612939,0,0,0,0,744,561,739,0,AL-0147,14.01,14.874
2019/3/17 23:39,F0038CE7ACB9,2019/3/17,23:39:22,20.4,85.8,22,33,37,532,100,0,0,0,0,0,0,0,0,0,20.4,85.8,25.039288,121.612939,0,0,0,0,743,561,736,0,AL-0147,15.49,17.226
2019/3/17 23:40,F0038CE7ACB9,2019/3/17,23:40:23,20.3,85.8,22,33,34,532,100,0,0,0,0,0,0,0,0,0,20.3,85.8,25.039288,121.612939,0,0,0,0,744,563,740,0,AL-0147,15.49,17.226
2019/3/17 23:41,F0038CE7ACB9,2019/3/17,23:41:23,20.4,85.7,22,32,35,562,100,0,0,0,0,0,0,0,0,0,20.4,85.7,25.039288,121.612939,0,0,0,0,745,559,741,0,AL-0147,15.49,16.638
2019/3/17 23:42,F0038CE7ACB9,2019/3/17,23:42:23,20.4,85.7,22,33,34,557,100,0,0,0,0,0,0,0,0,0,20.4,85.7,25.039288,121.612939,0,0,0,0,741,562,736,0,AL-0147,15.49,17.226
2019/3/17 23:43,F0038CE7ACB9,2019/3/17,23:43:23,20.4,85.7,22,33,35,531,100,0,0,0,0,0,0,0,0,0,20.4,85.7,25.039288,121.612939,0,0,0,0,745,564,741,0,AL-0147,15.49,17.226
2019/3/17 23:44,F0038CE7ACB9,2019/3/17,23:44:23,20.4,85.6,21,32,35,548,100,0,0,0,0,0,0,0,0,0,20.4,85.6,25.039288,121.612939,0,0,0,0,745,560,738,0,AL-0147,14.75,16.638
2019/3/17 23:45,F0038CE7ACB9,2019/3/17,23:45:24,20.4,85.6,22,32,33,561,100,0,0,0,0,0,0,0,0,0,20.4,85.6,25.039288,121.612939,0,0,0,0,746,561,736,0,AL-0147,15.49,16.638
2019/3/17 23:46,F0038CE7ACB9,2019/3/17,23:46:24,20.4,85.6,22,33,36,567,100,0,0,0,0,0,0,0,0,0,20.4,85.6,25.039288,121.612939,0,0,0,0,744,563,740,0,AL-0147,15.49,17.226
2019/3/17 23:47,F0038CE7ACB9,2019/3/17,23:47:24,20.4,85.5,21,31,34,556,100,0,0,0,0,0,0,0,0,0,20.4,85.5,25.039288,121.612939,0,0,0,0,744,562,739,0,AL-0147,14.75,16.05
2019/3/17 23:48,F0038CE7ACB9,2019/3/17,23:48:24,20.4,85.6,22,33,36,555,100,0,0,0,0,0,0,0,0,0,20.4,85.6,25.039288,121.612939,0,0,0,0,746,562,742,0,AL-0147,15.49,17.226
2019/3/17 23:49,F0038CE7ACB9,2019/3/17,23:49:25,20.4,85.6,22,32,35,556,100,0,0,0,0,0,0,0,0,0,20.4,85.6,25.039288,121.612939,0,0,0,0,743,563,738,0,AL-0147,15.49,16.638
2019/3/17 23:50,F0038CE7ACB9,2019/3/17,23:50:25,20.4,85.6,21,31,35,546,100,0,0,0,0,0,0,0,0,0,20.4,85.6,25.039288,121.612939,0,0,0,0,743,561,736,0,AL-0147,14.75,16.05
2019/3/17 23:51,F0038CE7ACB9,2019/3/17,23:51:25,20.4,85.7,23,34,37,567,100,0,0,0,0,0,0,0,0,0,20.4,85.7,25.039288,121.612939,0,0,0,0,741,559,736,0,AL-0147,16.23,17.814
2019/3/17 23:52,F0038CE7ACB9,2019/3/17,23:52:25,20.4,85.7,22,32,33,560,100,0,0,0,0,0,0,0,0,0,20.4,85.7,25.039288,121.612939,0,0,0,0,743,563,740,0,AL-0147,15.49,16.638
2019/3/17 23:53,F0038CE7ACB9,2019/3/17,23:53:25,20.4,85.6,20,28,31,548,100,0,0,0,0,0,0,0,0,0,20.4,85.6,25.039288,121.612939,0,0,0,0,744,560,736,0,AL-0147,14.01,14.286
2019/3/17 23:54,F0038CE7ACB9,2019/3/17,23:54:26,20.4,85.5,21,31,32,530,100,0,0,0,0,0,0,0,0,0,20.4,85.5,25.039288,121.612939,0,0,0,0,742,564,741,0,AL-0147,14.75,16.05
2019/3/17 23:55,F0038CE7ACB9,2019/3/17,23:55:26,20.4,85.4,20,28,30,533,100,0,0,0,0,0,0,0,0,0,20.4,85.4,25.039288,121.612939,0,0,0,0,742,564,737,0,AL-0147,14.01,14.286
2019/3/17 23:56,F0038CE7ACB9,2019/3/17,23:56:26,20.4,85.4,18,27,27,540,100,0,0,0,0,0,0,0,0,0,20.4,85.4,25.039288,121.612939,0,0,0,0,745,562,736,0,AL-0147,12.53,13.698
2019/3/17 23:57,F0038CE7ACB9,2019/3/17,23:57:26,20.4,85.4,19,28,31,547,100,0,0,0,0,0,0,0,0,0,20.4,85.4,25.039288,121.612939,0,0,0,0,744,559,739,0,AL-0147,13.27,14.286
2019/3/17 23:58,F0038CE7ACB9,2019/3/17,23:58:26,20.4,85.5,20,30,32,537,100,0,0,0,0,0,0,0,0,0,20.4,85.5,25.039288,121.612939,0,0,0,0,741,563,740,0,AL-0147,14.01,15.462
2019/3/17 23:59,F0038CE7ACB9,2019/3/17,23:59:27,20.4,85.6,20,27,28,535,100,0,0,0,0,0,0,0,0,0,20.4,85.6,25.039288,121.612939,0,0,0,0,744,560,736,0,AL-0147,13.698,13.698
