"Date","S_no","Season","AL_Type","TEM","HUM","PM1","PM2.5","CO2"
"2018-10-02 19:00~4","LA010",0,3,26.045,58.775,15.2086,15.2233,527.55
"2018-10-02 19:05~9","LA010",0,3,26.92,57.135,8.10475,8.11315,604.3
"2018-10-02 19:10~4","LA010",0,3,27.475,55.34,7.95265,7.95265,505.45
"2018-10-02 19:15~9","LA010",0,3,27.72,54.65,7.42015,7.423,499.3
"2018-10-02 19:20~4","LA010",0,3,27.81,54.175,5.93645,5.99455,469.2
"2018-10-02 19:25~9","LA010",0,3,27.92,53.89,5.66275,5.70565,454.9
"2018-10-02 19:30~4","LA010",0,3,27.615,54.025,5.43365,5.54515,439.65
"2018-10-02 19:35~9","LA010",0,3,27.355,54.535,5.16535,5.3365,425.95
"2018-10-02 19:40~4","LA010",0,3,27.21,55.29,5.28565,5.35255,440.6
"2018-10-02 19:45~9","LA010",0,3,26.805,56.43,5.717,5.818,451.35
"2018-10-02 19:50~4","LA010",0,3,26.85,56.605,5.93615,6.02665,458.1
"2018-10-02 19:55~9","LA010",0,3,26.665,57.07,6.3384,6.3637,458.55
"2018-10-02 20:00~4","LA010",0,3,26.79,56.925,6.43965,6.50815,456.25
"2018-10-02 20:05~9","LA010",0,3,26.99,56.51,6.37035,6.4279,464.65
"2018-10-02 20:10~4","LA010",0,3,27.035,56.215,6.3695,6.4279,462.15
"2018-10-02 20:15~9","LA010",0,3,26.99,55.94,6.36095,6.44395,455.5
"2018-10-02 20:20~4","LA010",0,3,26.85,55.935,5.9356,5.9785,430
"2018-10-02 20:25~9","LA010",0,3,26.77,56.065,6.33055,6.4279,423.35
"2018-10-02 20:30~4","LA010",0,3,26.7,56.18,6.6074,6.63655,422.35
"2018-10-02 20:35~9","LA010",0,3,26.74,56.155,6.3128,6.41185,427.95
"2018-10-02 20:40~4","LA010",0,3,26.805,56.08,6.2685,6.4279,435.5
"2018-10-02 20:45~9","LA010",0,3,27.015,55.74,5.78035,5.86615,428.7
"2018-10-02 20:50~4","LA010",0,3,27.355,54.985,5.82125,5.9785,422.85
"2018-10-02 20:55~9","LA010",0,3,27.5,54.715,5.61915,5.6575,423.8
"2018-10-02 21:00~4","LA010",0,3,27.54,54.695,5.6663,5.7538,425.25
"2018-10-02 21:05~9","LA010",0,3,27.58,54.65,5.64455,5.818,428.1
"2018-10-02 21:10~4","LA010",0,3,27.685,54.43,5.83035,5.8822,431.75
"2018-10-02 21:15~9","LA010",0,3,27.705,54.36,5.7542,5.9785,435.3
"2018-10-02 21:20~4","LA010",0,3,27.7,54.27,5.88645,5.96245,428.65
"2018-10-02 21:25~9","LA010",0,3,27.72,54.115,5.83405,5.83405,426.65
"2018-10-02 21:30~4","LA010",0,3,27.725,54.055,5.48705,5.60935,427.4
"2018-10-02 21:35~9","LA010",0,3,27.74,54.025,5.49515,5.54515,427.3
"2018-10-02 21:40~4","LA010",0,3,27.71,54.13,5.0709,5.19205,426.1
"2018-10-02 21:45~9","LA010",0,3,27.71,54.125,5.4808,5.7217,427.2
"2018-10-02 21:50~4","LA010",0,3,27.765,54.1,5.36405,5.57725,427.3
"2018-10-02 21:55~9","LA010",0,3,27.745,54.09,5.5602,5.5933,426.2
"2018-10-02 22:00~4","LA010",0,3,27.71,54.15,5.2054,5.28835,425.55
"2018-10-02 22:05~9","LA010",0,3,27.7,54.105,4.81695,4.9513,425.85
"2018-10-02 22:10~4","LA010",0,3,27.7,54.125,4.85985,4.9513,424.35
"2018-10-02 22:15~9","LA010",0,3,27.7,54.11,4.97205,5.12785,424.05
"2018-10-02 22:20~4","LA010",0,3,27.7,54.15,5.23495,5.35255,426.3
"2018-10-02 22:25~9","LA010",0,3,27.675,54.225,5.127,5.19205,426.35
"2018-10-02 22:30~4","LA010",0,3,27.6894736842105,54.3526315789474,4.95773684210526,5.07463157894737,424.894736842105
"2018-10-02 22:35~9","LA010",0,3,27.68,54.405,5.3348,5.4649,430.35
"2018-10-02 22:40~4","LA010",0,3,27.695,54.38,5.0611,5.15995,426.9
"2018-10-02 22:45~9","LA010",0,3,27.69,54.525,4.9435,5.06365,424.1
"2018-10-02 22:50~4","LA010",0,3,27.7,54.78,4.81085,4.99945,428.15
"2018-10-02 22:55~9","LA010",0,3,27.65,55.07,5.2554,5.3686,431.4
"2018-10-02 23:00~4","LA010",0,3,27.795,54.92,5.05045,5.19205,456.5
"2018-10-02 23:05~9","LA010",0,3,27.895,54.975,4.85545,5.06365,467.35
"2018-10-02 23:10~4","LA010",0,3,27.85,55.19,4.6988,4.9513,459.9
"2018-10-02 23:15~9","LA010",0,3,27.955,54.92,4.8722,4.99945,454.8
"2018-10-02 23:20~4","LA010",0,3,27.995,54.755,4.90515,4.9834,448.8
"2018-10-02 23:25~9","LA010",0,3,28,54.68,4.76965,4.87105,449.3
"2018-10-02 23:30~4","LA010",0,3,28,54.515,4.76895,4.87105,446
"2018-10-02 23:35~9","LA010",0,3,27.945,54.37,4.5873,4.7587,438.25
"2018-10-02 23:40~4","LA010",0,3,27.965,54.3,4.4085,4.55005,433.7
"2018-10-02 23:45~9","LA010",0,3,27.895,54.385,4.38945,4.58215,432.45
"2018-10-02 23:50~4","LA010",0,3,27.815,54.455,4.5366,4.6945,428.1
"2018-10-02 23:55~9","LA010",0,3,27.875,54.51,4.3254,4.45375,427.2
"2018-10-03 00:00~4","LA010",0,3,27.8210526315789,54.5684210526316,4.514,4.65226315789474,430.421052631579
"2018-10-03 00:05~9","LA010",0,3,27.81,54.615,4.51275,4.71055,430.3
"2018-10-03 00:10~4","LA010",0,3,27.77,54.715,4.68615,4.8871,429
"2018-10-03 00:15~9","LA010",0,3,27.755,54.755,4.3842,4.534,428.1
"2018-10-03 00:20~4","LA010",0,3,27.7,54.78,4.5853,4.67845,428.75
"2018-10-03 00:25~9","LA010",0,3,27.695,54.74,4.52225,4.6303,426.4
"2018-10-03 00:30~4","LA010",0,3,27.635,54.8,4.5944,4.6945,425.9
"2018-10-03 00:35~9","LA010",0,3,27.56,54.82,4.541,4.71055,423.25
"2018-10-03 00:40~4","LA010",0,3,27.49,54.87,4.6603,4.80685,422.85
"2018-10-03 00:45~9","LA010",0,3,27.5,54.765,4.19855,4.3394,421.9
"2018-10-03 00:50~4","LA010",0,3,27.42,54.675,4.24175,4.3735,419.55
"2018-10-03 00:55~9","LA010",0,3,27.48,54.525,4.30295,4.4698,419.25
"2018-10-03 01:00~4","LA010",0,3,27.5,54.455,4.52805,4.55005,418.7
"2018-10-03 01:05~9","LA010",0,3,27.415,54.515,4.32725,4.42165,417.95
"2018-10-03 01:10~4","LA010",0,3,27.415,54.495,4.15625,4.35745,416.4
"2018-10-03 01:15~9","LA010",0,3,27.415,54.5,4.2027,4.35745,416.05
"2018-10-03 01:20~4","LA010",0,3,27.4,54.475,4.32455,4.42165,416.75
"2018-10-03 01:25~9","LA010",0,3,27.34,54.545,4.1997,4.32535,416.5
"2018-10-03 01:30~4","LA010",0,3,27.3,54.535,4.1331,4.32535,416.1
"2018-10-03 01:35~9","LA010",0,3,27.3,54.535,4.175,4.38955,416
"2018-10-03 01:40~4","LA010",0,3,27.3,54.505,4.3663,4.45375,414.25
"2018-10-03 01:45~9","LA010",0,3,27.3,54.485,3.93455,4.1809,416.8
"2018-10-03 01:50~4","LA010",0,3,27.27,54.485,4.08935,4.26115,415.55
"2018-10-03 01:55~9","LA010",0,3,27.21,54.555,3.96195,4.16485,415.65
"2018-10-03 02:00~4","LA010",0,3,27.21,54.53,3.8259,4.0525,414.25
"2018-10-03 02:05~9","LA010",0,3,27.25,54.47,3.782,3.9562,414.9
"2018-10-03 02:10~4","LA010",0,3,27.23,54.5,4.1706,4.3735,414.4
"2018-10-03 02:15~9","LA010",0,3,27.225,54.505,4.2254,4.3093,414.25
"2018-10-03 02:20~4","LA010",0,3,27.205,54.54,4.14715,4.3093,414.75
"2018-10-03 02:25~9","LA010",0,3,27.14,54.66,4.14925,4.19695,415.45
"2018-10-03 02:30~4","LA010",0,3,27.1,54.63,4.11265,4.3093,416.6
"2018-10-03 02:35~9","LA010",0,3,27.1,54.67,4.1585,4.32535,415.65
"2018-10-03 02:40~4","LA010",0,3,27.075,54.66,4.0966,4.26115,414.2
"2018-10-03 02:45~9","LA010",0,3,27.025,54.745,4.26305,4.35745,415.2
"2018-10-03 02:50~4","LA010",0,3,27.055,54.68,4.05865,4.1789,417.35
"2018-10-03 02:55~9","LA010",0,3,27,54.695,4.1125,4.213,416.2
"2018-10-03 03:00~4","LA010",0,3,27.045,54.635,4.2281,4.35745,415.45
"2018-10-03 03:05~9","LA010",0,3,27.05,54.6,4.02485,4.16485,416.2
"2018-10-03 03:10~4","LA010",0,3,27.095,54.55,4.0355,4.1488,416.4
"2018-10-03 03:15~9","LA010",0,3,27.095,54.47,4.08465,4.19695,416.8
"2018-10-03 03:20~4","LA010",0,3,27.085,54.405,4.0686,4.16485,415
"2018-10-03 03:25~9","LA010",0,3,27,54.43,4.175,4.3093,413.55
"2018-10-03 03:30~4","LA010",0,3,27.06,54.315,4.32455,4.4698,413.95
"2018-10-03 03:35~9","LA010",0,3,27.035,54.295,4.3744,4.55005,415.6
"2018-10-03 03:40~4","LA010",0,3,27.05,54.265,4.3261,4.4377,413.6
"2018-10-03 03:45~9","LA010",0,3,27.01,54.235,4.42285,4.55005,412.4
"2018-10-03 03:50~4","LA010",0,3,27.04,54.16,4.1173,4.22705,412.7
"2018-10-03 03:55~9","LA010",0,3,27.07,54.11,4.39115,4.4698,412
"2018-10-03 04:00~4","LA010",0,3,27.06,54.115,4.22145,4.3735,411.55
"2018-10-03 04:05~9","LA010",0,3,27.01,54.145,4.05925,4.22905,411.2
"2018-10-03 04:10~4","LA010",0,3,27,54.11,4.07345,4.2451,412.6
"2018-10-03 04:15~9","LA010",0,3,27,54.15,3.9827,4.19695,412.85
"2018-10-03 04:20~4","LA010",0,3,27,54.13,4.23975,4.32535,413.95
"2018-10-03 04:25~9","LA010",0,3,27.025,54.09,4.25595,4.35745,411.95
"2018-10-03 04:30~4","LA010",0,3,27.005,54.1,4.2514,4.3735,411.65
"2018-10-03 04:35~9","LA010",0,3,27,54.095,4.01775,4.13275,412.3
"2018-10-03 04:40~4","LA010",0,3,26.955,54.255,4.13535,4.22905,413.15
"2018-10-03 04:45~9","LA010",0,3,26.92,54.35,4.19315,4.26115,413.3
"2018-10-03 04:50~4","LA010",0,3,26.99,54.29,4.17655,4.29325,413.55
"2018-10-03 04:55~9","LA010",0,3,27.005,54.255,4.0037,4.16485,414.8
"2018-10-03 05:00~4","LA010",0,3,27,54.295,4.098,4.213,415
"2018-10-03 05:05~9","LA010",0,3,26.99,54.385,4.19075,4.29325,416
"2018-10-03 05:10~4","LA010",0,3,26.9,54.55,4.29855,4.4056,417
"2018-10-03 05:15~9","LA010",0,3,26.895,54.61,4.52225,4.5982,415.05
"2018-10-03 05:20~4","LA010",0,3,26.9,54.605,4.30165,4.35545,415
"2018-10-03 05:25~9","LA010",0,3,26.905,54.625,4.51685,4.61425,415.95
"2018-10-03 05:30~4","LA010",0,3,26.905,54.68,4.59795,4.77475,415.25
"2018-10-03 05:35~9","LA010",0,3,26.935,54.71,4.43845,4.5661,415.45
"2018-10-03 05:40~4","LA010",0,3,26.965,54.72,4.59255,4.67845,415
"2018-10-03 05:45~9","LA010",0,3,26.9,54.845,4.80645,4.99945,414.8
"2018-10-03 05:50~4","LA010",0,3,26.865,54.985,4.81695,4.93525,414.35
"2018-10-03 05:55~9","LA010",0,3,26.81,55.16,4.72165,4.80685,416.3
"2018-10-03 06:00~4","LA010",0,3,26.895,55.02,4.65035,4.77475,419.25
"2018-10-03 06:05~9","LA010",0,3,26.9,55.03,4.72165,4.7908,417.7
"2018-10-03 06:10~4","LA010",0,3,26.905,55.01,4.59355,4.7587,418.55
"2018-10-03 06:15~9","LA010",0,3,26.94,55.06,4.5458,4.64435,419.35
"2018-10-03 06:20~4","LA010",0,3,26.905,55.29,4.92615,4.96535,434.25
"2018-10-03 06:25~9","LA010",0,3,26.945,55.2,5.34715,5.44885,418
"2018-10-03 06:30~4","LA010",0,3,26.97,55.17,5.32585,5.4328,414.75
"2018-10-03 06:35~9","LA010",0,3,26.91,55.165,5.36065,5.497,414.6
"2018-10-03 06:40~4","LA010",0,3,26.905,55.26,5.25695,5.3024,412.05
"2018-10-03 06:45~9","LA010",0,3,26.94,55.405,6.05135,6.09085,413.4
"2018-10-03 06:50~4","LA010",0,3,27,55.395,6.1867,6.2353,416.2
"2018-10-03 06:55~9","LA010",0,3,27,55.41,6.16525,6.2674,415.3
"2018-10-03 07:00~4","LA010",0,3,26.98,55.445,6.0184,6.0427,418.25
"2018-10-03 07:05~9","LA010",0,3,26.99,55.43,6.26995,6.31555,417.75
"2018-10-03 07:10~4","LA010",0,3,27.005,55.395,6.18415,6.18715,416.7
"2018-10-03 07:15~9","LA010",0,3,27.05,55.375,6.2746,6.37975,414.55
"2018-10-03 07:20~4","LA010",0,3,27.09,55.43,6.0931,6.18715,414.9
"2018-10-03 07:25~9","LA010",0,3,27.03,55.78,6.1718,6.2032,420
"2018-10-03 07:30~4","LA010",0,3,27.095,55.6,6.948,6.95755,418.9
"2018-10-03 07:35~9","LA010",0,3,27.06,55.61,7.69585,7.69585,419.7
"2018-10-03 07:40~4","LA010",0,3,27.105,55.48,7.96585,7.9687,420.1
"2018-10-03 07:45~9","LA010",0,3,27.17,55.595,9.46135,9.46135,444.65
"2018-10-03 07:50~4","LA010",0,3,27.175,55.665,10.9038,10.93795,436
"2018-10-03 07:55~9","LA010",0,3,27.27,55.515,9.10825,9.10825,427.95
"2018-10-03 08:00~4","LA010",0,3,27.3,55.505,8.36995,8.36995,419.25
"2018-10-03 08:05~9","LA010",0,3,27.37,55.42,8.5465,8.5465,418.6
"2018-10-03 08:10~4","LA010",0,3,27.415,55.36,9.0375,9.04405,425.65
"2018-10-03 08:15~9","LA010",0,3,27.4,55.45,9.1885,9.1885,423.9
"2018-10-03 08:20~4","LA010",0,3,27.4,55.535,9.7984,9.7984,422.1
"2018-10-03 08:25~9","LA010",0,3,27.415,55.69,8.72545,8.7391,431.9
"2018-10-03 08:30~4","LA010",0,3,27.565,55.335,7.5514,7.5514,437.3
"2018-10-03 08:35~9","LA010",0,3,27.58,55.38,10.0873,10.0873,427.55
"2018-10-03 08:40~4","LA010",0,3,27.585,55.42,8.08105,8.08105,431.95
"2018-10-03 08:45~9","LA010",0,3,27.605,55.4,7.82425,7.82425,443.35
"2018-10-03 08:50~4","LA010",0,3,27.695,55.26,7.63165,7.63165,453.75
"2018-10-03 08:55~9","LA010",0,3,27.7,55.445,8.386,8.386,457.15
"2018-10-03 09:00~4","LA010",0,3,27.495,56.305,7.4872,7.4872,435.65
"2018-10-03 09:05~9","LA010",0,3,26.045,47.34,2.7408,2.9932,760.95
"2018-10-03 09:10~4","LA010",0,3,23.805,46.385,2.4088,2.59195,1034.35
"2018-10-03 09:15~9","LA010",0,3,23.315,46.38,2.15415,2.4475,1231.2
"2018-10-03 09:20~4","LA010",0,3,23.21,45.815,2.131,2.3833,1403.45
"2018-10-03 09:25~9","LA010",0,3,23.67,43.34,2.131,2.4154,1597.85
"2018-10-03 09:30~4","LA010",0,3,23.76,42.2,2.42555,2.6722,1656.7
"2018-10-03 09:35~9","LA010",0,3,24.065,41.175,2.98755,3.2179,1663.45
"2018-10-03 09:40~4","LA010",0,3,24.43,39.62,3.0969,3.26605,1753.15
"2018-10-03 09:45~9","LA010",0,3,24.44,38.85,3.34315,3.45865,1786.45
"2018-10-03 09:50~4","LA010",0,3,24.445,38.74,3.25695,3.4105,1752.35
"2018-10-03 09:55~9","LA010",0,3,24.53,39.23,3.2616,3.3463,1729.55
"2018-10-03 10:00~4","LA010",0,3,24.57,39.26,3.1432,3.36235,1745.35
"2018-10-03 10:05~9","LA010",0,3,24.255,39.455,4.1081,4.2451,1833.8
"2018-10-03 10:10~4","LA010",0,3,23.53,40.135,3.5647,3.6673,1910.45
"2018-10-03 10:15~9","LA010",0,3,23.485,39.2,2.9723,3.1216,1955.35
"2018-10-03 10:20~4","LA010",0,3,24.255,38.455,2.24675,2.608,2022.95
"2018-10-03 10:25~9","LA010",0,3,25.2,40.99,1.9642,2.3793,2070.45
"2018-10-03 10:30~4","LA010",0,3,28.8947368421053,56.1526315789474,5.00557894736842,5.14221052631579,487
"2018-10-03 10:35~9","LA010",0,3,30.065,53.51,5.252,5.38465,408.4
"2018-10-03 10:40~4","LA010",0,3,28.525,54.77,5.1003,5.19205,422
"2018-10-03 10:45~9","LA010",0,3,25.595,56.74,4.5796,4.7567,439.5
"2018-10-03 10:50~4","LA010",0,3,24.705,58.055,4.784,4.8871,460.35
"2018-10-03 10:55~9","LA010",0,3,24.09,58.57,4.69125,4.7587,490.55
"2018-10-03 11:00~4","LA010",0,3,23.735,58.97,4.97545,5.0155,510.6
"2018-10-03 11:05~9","LA010",0,3,23.49,59.105,4.8891,4.9513,521.3
"2018-10-03 11:10~4","LA010",0,3,23.58,58.21,5.1263,5.2402,529.85
"2018-10-03 11:15~9","LA010",0,3,23.45,57.655,5.02005,5.06365,536.8
"2018-10-03 11:20~4","LA010",0,3,23.2789473684211,57.6631578947368,4.97805263157895,5.00705263157895,536.473684210526
"2018-10-03 11:25~9","LA010",0,3,23.18,57.63,5.05215,5.1439,533.85
"2018-10-03 11:30~4","LA010",0,3,23.12,57.705,5.0121,5.09575,538.85
"2018-10-03 11:35~9","LA010",0,3,23.105,57.65,5.0486,5.12785,538.45
"2018-10-03 11:40~4","LA010",0,3,22.975,57.84,4.9729,5.06365,536.8
"2018-10-03 11:45~9","LA010",0,3,23.385,60.485,5.45865,5.51305,537.6
"2018-10-03 11:50~4","LA010",0,3,23.975,63.385,5.72765,5.8501,539.85
"2018-10-03 11:55~9","LA010",0,3,23.475,61.33,5.43635,5.44885,542.5
"2018-10-03 12:00~4","LA010",0,3,23.485,60.87,5.62355,5.6896,538.15
"2018-10-03 12:05~9","LA010",0,3,23.83,61.625,5.91685,5.96245,508.35
"2018-10-03 12:10~4","LA010",0,3,23.5,60.245,5.89085,6.02665,510.4
"2018-10-03 12:15~9","LA010",0,3,23.2,59.415,5.7126,5.7859,544.8
"2018-10-03 12:20~4","LA010",0,3,23.32,60.56,5.59685,5.60935,550.4
"2018-10-03 12:25~9","LA010",0,3,24.45,66.01,6.2904,6.2995,549.7
"2018-10-03 12:30~4","LA010",0,3,26.99,62.98,5.86595,6.02465,417.35
"2018-10-03 12:35~9","LA010",0,3,28.945,57.64,5.74925,5.8501,415
"2018-10-03 12:40~4","LA010",0,3,28.7,57.96,5.4024,5.54515,412.95
"2018-10-03 12:45~9","LA010",0,3,28.58,57.815,5.32045,5.4649,412.2
"2018-10-03 12:50~4","LA010",0,3,29.175,56.99,5.5058,5.64145,416.15
"2018-10-03 12:55~9","LA010",0,3,30.88,52.365,5.6606,5.86615,424.7
"2018-10-03 13:00~4","LA010",0,3,30.88,53.005,5.49925,5.7217,433.35
"2018-10-03 13:05~9","LA010",0,3,31.605,58.44,3.17275,3.39445,633.75
"2018-10-03 13:10~4","LA010",0,3,27.08,40.5,2.84865,3.0895,772.35
"2018-10-03 13:15~9","LA010",0,3,25.24,39.135,2.33935,2.72035,1030.9
"2018-10-03 13:20~4","LA010",0,3,25.615,37.64,2.2236,2.65615,1188.25
"2018-10-03 13:25~9","LA010",0,3,25.8526315789474,35.94,2.15415,2.608,1311.5
"2018-10-03 13:30~4","LA010",0,3,25.945,35.64,2.7329,3.07345,1409.6
"2018-10-03 13:35~9","LA010",0,3,26.065,35.43,6.8093,7.0698,1587.9
"2018-10-03 13:40~4","LA010",0,3,25.73,35.52,16.83075,17.29325,1647.9
"2018-10-03 13:45~9","LA010",0,3,25.685,35.64,14.758,15.7685,1597.4
"2018-10-03 13:50~4","LA010",0,3,25.565,35.385,13.68425,15.20675,1560.1
"2018-10-03 13:55~9","LA010",0,3,25.745,34.92,13.74825,15.287,1565.25
"2018-10-03 14:00~4","LA010",0,3,25.565,35.1,14.295,15.4475,1561.35
"2018-10-03 14:05~9","LA010",0,3,25.52,35.47,11.4583,12.86355,1564.95
"2018-10-03 14:10~4","LA010",0,3,24.97,36.885,2.3162,2.59195,1659.45
"2018-10-03 14:15~9","LA010",0,3,24.38,39.135,4.70665,5.2401,1670.6
"2018-10-03 14:20~4","LA010",0,3,24.915,37.4526315789474,9.4595,11.3067,1793.2
"2018-10-03 14:25~9","LA010",0,3,24.865,36.685,2.131,2.4475,1941.65
"2018-10-03 14:30~4","LA010",0,3,24.79,36.51,1.9179,2.20275,2028.85
"2018-10-03 14:35~9","LA010",0,3,24.765,36.405,2.0013,2.30105,2075.95
"2018-10-03 14:40~4","LA010",0,3,24.72,36.72,1.9087,2.33315,2140.25
"2018-10-03 14:45~9","LA010",0,3,24.67,36.315,2.02445,2.39735,2191.85
"2018-10-03 14:50~4","LA010",0,3,24.625,36.525,2.10785,2.5117,2204.3
"2018-10-03 14:55~9","LA010",0,3,24.48,38.46,4.5579,5.0094,2235.8
"2018-10-03 15:00~4","LA010",0,3,25.805,44.975,16.15105,17.2773,1665
"2018-10-03 15:05~9","LA010",0,3,26.99,41.29,2.9516,3.2179,1798.4
"2018-10-03 15:10~4","LA010",0,3,27.755,40.93,2.84865,3.1537,1799.95
"2018-10-03 15:15~9","LA010",0,3,28.325,41.285,2.52455,2.81665,1781.6
"2018-10-03 15:20~4","LA010",0,3,28.21,41.3,3.65505,3.87595,1312.6
"2018-10-03 15:25~9","LA010",0,3,26.28,36.38,10.08745,10.1194,756.25
"2018-10-03 15:30~4","LA010",0,3,25.3,36.385,7.37485,7.37485,1001.95
"2018-10-03 15:35~9","LA010",0,3,24.75,36.795,5.41675,5.41675,1158.95
"2018-10-03 15:40~4","LA010",0,3,24.39,37.14,4.2978,4.3093,1326.1
"2018-10-03 15:45~9","LA010",0,3,24.345,37.29,3.24275,3.3784,1501.85
"2018-10-03 15:50~4","LA010",0,3,24.035,37.32,2.7664,3.0253,1672.85
"2018-10-03 15:55~9","LA010",0,3,23.86,38.74,2.5413,2.8327,1809.95
"2018-10-03 16:00~4","LA010",0,3,25.38,50.35,5.081,5.2402,797.8
"2018-10-03 16:05~9","LA010",0,3,25.57,48.285,4.9739,5.0797,708.35
"2018-10-03 16:10~4","LA010",0,3,26.04,47.91,4.8678,5.03155,763.8
"2018-10-03 16:15~9","LA010",0,3,26.435,47.38,4.41855,4.6283,752.55
"2018-10-03 16:20~4","LA010",0,3,26.65,47.405,4.4853,4.67645,722.6
"2018-10-03 16:25~9","LA010",0,3,26.905,47.48,4.6863,4.9513,766.9
"2018-10-03 16:30~4","LA010",0,3,27.115,47.405,4.5785,4.7266,769.1
"2018-10-03 16:35~9","LA010",0,3,27.445,47.095,4.6336,4.77475,759.35
"2018-10-03 16:40~4","LA010",0,3,27.605,47.175,4.40125,4.5661,755.9
"2018-10-03 16:45~9","LA010",0,3,27.8,47.135,4.7485,4.93525,740
"2018-10-03 16:50~4","LA010",0,3,27.82,47.61,4.7813,4.93525,762.5
"2018-10-03 16:55~9","LA010",0,3,28.08,48.045,4.72435,4.87105,746.7
"2018-10-03 17:00~4","LA010",0,3,28.21,48.97,5.01125,5.12785,730.95
"2018-10-03 17:05~9","LA010",0,3,28.315,49.96,5.04605,5.3044,716.35
"2018-10-03 17:10~4","LA010",0,3,28.43,51.185,4.8671,5.1118,703.45
"2018-10-03 17:15~9","LA010",0,3,28.485,52.475,5.45935,5.60935,672
"2018-10-03 17:20~4","LA010",0,3,28.63,53.055,5.12715,5.38465,664.6
"2018-10-03 17:25~9","LA010",0,3,28.73,53.2947368421053,5.1912,5.22415,651.25
"2018-10-03 17:30~4","LA010",0,3,28.86,52.345,5.45325,5.51305,613.35
"2018-10-03 17:35~9","LA010",0,3,29.015,51.37,5.69215,5.76985,560.6
"2018-10-03 17:40~4","LA010",0,3,29.075,51.82,5.64855,5.6896,539.5
"2018-10-03 17:45~9","LA010",0,3,29.13,52.15,5.6744,5.73775,531
"2018-10-03 17:50~4","LA010",0,3,29.3,51.805,5.90165,5.96245,533.05
"2018-10-03 17:55~9","LA010",0,3,29.41,51.795,5.3362,5.3987,529.85
"2018-10-03 18:00~4","LA010",0,3,28.435,53.385,5.94625,5.96245,480
"2018-10-03 18:05~9","LA010",0,3,27.155,34.2,4.8377,4.8871,584.15
"2018-10-03 18:10~4","LA010",0,3,26.685,29.4,3.3926,3.6994,862.55
"2018-10-03 18:15~9","LA010",0,3,26.995,27.875,2.84225,3.1537,1116.55
"2018-10-03 18:20~4","LA010",0,3,27.18,26.78,2.24675,2.62405,1305.35
"2018-10-03 18:25~9","LA010",0,3,27.4105263157895,42.4526315789474,4.10215789473684,4.33126315789474,1057
"2018-10-03 18:30~4","LA010",0,3,27.645,54.7105263157895,6.8206,6.8773,456.5
"2018-10-03 18:35~9","LA010",0,3,27.825,54.655,7.9366,7.9366,440.5
"2018-10-03 18:40~4","LA010",0,3,27.935,54.83,7.75005,7.79215,429.35
"2018-10-03 18:45~9","LA010",0,3,28,54.89,7.7123,7.72795,428.15
"2018-10-03 18:50~4","LA010",0,3,27.995,54.975,7.92335,7.9687,427
"2018-10-03 18:55~9","LA010",0,3,27.995,55.03,8.12875,8.14525,425.85
"2018-10-03 19:00~4","LA010",0,3,28.01,54.99,8.63625,8.6428,430.4
"2018-10-03 19:05~9","LA010",0,3,28,55.13,8.79675,8.8033,432.85
"2018-10-03 19:10~4","LA010",0,3,28.04,54.97,8.505,8.5144,432.7
"2018-10-03 19:15~9","LA010",0,3,28.095,54.93,7.8724,7.8724,425.25
"2018-10-03 19:20~4","LA010",0,3,28.1,55.135,7.04615,7.0699,435.4
"2018-10-03 19:25~9","LA010",0,3,27.915,55.59,7.0037,7.0057,430.7
"2018-10-03 19:30~4","LA010",0,3,27.55,57.505,6.95665,7.0057,494.05
"2018-10-03 19:35~9","LA010",0,3,27.4684210526316,57.3421052631579,6.80847368421053,6.88236842105263,484
"2018-10-03 19:40~4","LA010",0,3,27.425,57.285,6.85735,6.95755,463.85
"2018-10-03 19:45~9","LA010",0,3,27.345,57.555,6.9828,7.0057,465.45
"2018-10-03 19:50~4","LA010",0,3,27.39,57.405,7.27395,7.31065,457.55
"2018-10-03 19:55~9","LA010",0,3,27.4,57.44,8.7431,8.85145,454.75
"2018-10-03 20:00~4","LA010",0,3,27.395,57.425,8.25765,8.3218,456.1
"2018-10-03 20:05~9","LA010",0,3,27.36,57.545,7.4994,7.50325,455.8
"2018-10-03 20:10~4","LA010",0,3,27.35,57.81,7.12315,7.1341,448.85
"2018-10-03 20:15~9","LA010",0,3,27.495,57.6,6.777,6.781,444.9
"2018-10-03 20:20~4","LA010",0,3,27.45,57.88,6.80595,6.9094,451.9
"2018-10-03 20:25~9","LA010",0,3,27.46,57.94,6.89045,6.95755,470.05
"2018-10-03 20:30~4","LA010",0,3,27.46,58.11,6.9797,6.98965,482.95
"2018-10-03 20:35~9","LA010",0,3,27.515,58.06,6.94075,6.98965,498.7
"2018-10-03 20:40~4","LA010",0,3,27.545,57.98,6.81605,6.8452,507.9
"2018-10-03 20:45~9","LA010",0,3,27.505,58.085,6.77395,6.9094,506.45
"2018-10-03 20:50~4","LA010",0,3,27.525,58.165,6.69475,6.73285,505.95
"2018-10-03 20:55~9","LA010",0,3,26.96,61.34,7.58715,7.66375,455.7
"2018-10-03 21:00~4","LA010",0,3,26.88,63.825,8.02485,8.11315,505.85
"2018-10-03 21:05~9","LA010",0,3,26.83,65.075,7.9932,8.04895,470.15
"2018-10-03 21:10~4","LA010",0,3,26.48,65.965,10.6521,11.2429,445.2
"2018-10-03 21:15~9","LA010",0,3,26.315,65.795,8.1204,8.2897,450.15
"2018-10-03 21:20~4","LA010",0,3,26.22,67.89,7.40435,7.47115,498.8
"2018-10-03 21:25~9","LA010",0,3,26.345,68.14,8.96495,9.0922,503.35
"2018-10-03 21:30~4","LA010",0,3,26.435,70.015,10.21245,10.3441,575.3
"2018-10-03 21:35~9","LA010",0,3,26.555,71.47,12.44305,12.5269,594.85
"2018-10-03 21:40~4","LA010",0,3,26.46,69.75,13.9186,13.95535,566.35
"2018-10-03 21:45~9","LA010",0,3,26.505,67.615,9.77435,9.8626,523.4
"2018-10-03 21:50~4","LA010",0,3,26.37,65.005,9.90925,9.991,456.9
"2018-10-03 21:55~9","LA010",0,3,26.3,62.94,9.93565,9.9589,444.8
"2018-10-03 22:00~4","LA010",0,3,26.345,63.285,11.80885,11.8207,464.7
"2018-10-03 22:05~9","LA010",0,3,26.38,63.655,17.8135,17.83745,477.2
"2018-10-03 22:10~4","LA010",0,3,26.49,63.1052631578947,20.4194,20.5198,486.45
"2018-10-03 22:15~9","LA010",0,3,26.53,60.385,9.4009,9.4774,452.65
"2018-10-03 22:20~4","LA010",0,3,26.575,58.115,8.5423,8.78725,425.1
"2018-10-03 22:25~9","LA010",0,3,26.725,58.185,50.6534,64.561,488.05
"2018-10-03 22:30~4","LA010",0,3,26.65,57.08,8.2315,8.97785,439.2
"2018-10-03 22:35~9","LA010",0,3,26.505,57.285,9.7681,10.4725,440.5
"2018-10-03 22:40~4","LA010",0,3,26.6,57.865,33.8693,39.63335,484.45
"2018-10-03 22:45~9","LA010",0,3,26.67,57.295,11.04075,11.19475,444.2
"2018-10-03 22:50~4","LA010",0,3,26.665,57.175,5.7998,5.99455,445.85
"2018-10-03 22:55~9","LA010",0,3,26.655,57.105,5.8941,6.12295,440.1
"2018-10-03 23:00~4","LA010",0,3,26.805,56.875,5.5227,5.8501,426.65
"2018-10-03 23:05~9","LA010",0,3,26.7157894736842,57.2263157894737,7.89752631578947,8.35010526315789,433.473684210526
"2018-10-03 23:10~4","LA010",0,3,26.8,57.77,6.8869,7.102,442.1
"2018-10-03 23:15~9","LA010",0,3,26.77,58.225,7.3697,7.5193,439
"2018-10-03 23:20~4","LA010",0,3,26.75,58.805,7.2667,7.4551,458.5
"2018-10-03 23:25~9","LA010",0,3,26.93,58.825,15.4481,15.56035,490.25
"2018-10-03 23:30~4","LA010",0,3,26.905,58.77,10.0801,10.19965,484.05
"2018-10-03 23:35~9","LA010",0,3,26.755,59.38,17.2691,18.83455,454.7
"2018-10-03 23:40~4","LA010",0,3,26.81,59.295,23.8834,25.44715,463.85
"2018-10-03 23:45~9","LA010",0,3,26.77,59.335,9.1562,9.42925,445.35
"2018-10-03 23:50~4","LA010",0,3,26.685,59.71,7.10165,7.1662,428.85
"2018-10-03 23:55~9","LA010",0,3,26.755,59.44,6.96,7.0699,429.65
"2018-10-04 00:00~4","LA010",0,3,27.3076923076923,58.7153846153846,6.883,6.95384615384615,517.692307692308
"2018-10-04 00:05~9","LA010",0,3,27.52,57.8,6.67355,6.76495,466.05
"2018-10-04 00:10~4","LA010",0,3,27.67,57.04,6.3922,6.5242,454.9
"2018-10-04 00:15~9","LA010",0,3,27.7789473684211,56.7263157894737,6.51852631578947,6.64584210526316,445.315789473684
"2018-10-04 00:20~4","LA010",0,3,27.8,56.365,6.36605,6.46,439.65
"2018-10-04 00:25~9","LA010",0,3,27.88,56.115,6.5118,6.60445,433.55
"2018-10-04 00:30~4","LA010",0,3,27.905,56.075,6.4602,6.6205,432.1
"2018-10-04 00:35~9","LA010",0,3,27.985,56.095,6.59485,6.8131,432.95
"2018-10-04 00:40~4","LA010",0,3,27.84,57.525,9.54225,9.58975,470.7
"2018-10-04 00:45~9","LA010",0,3,27.79,58.735,9.5654,9.62185,517.65
"2018-10-04 00:50~4","LA010",0,3,27.89,58.48,10.13545,10.13545,507
"2018-10-04 00:55~9","LA010",0,3,27.95,57.17,7.4786,7.56745,464.7
"2018-10-04 01:00~4","LA010",0,3,27.985,56.585,6.79115,6.86125,442.05
"2018-10-04 01:05~9","LA010",0,3,28,56.44,6.74285,6.8131,434.95
"2018-10-04 01:10~4","LA010",0,3,28.03,56.395,6.88535,6.9094,441.5
"2018-10-04 01:15~9","LA010",0,3,28,55.63,6.29845,6.3958,443.6
"2018-10-04 01:20~4","LA010",0,3,27.995,54.83,5.8309,6.0748,437.1
"2018-10-04 01:25~9","LA010",0,3,28,54.53,5.70465,5.8501,436.4
"2018-10-04 01:30~4","LA010",0,3,28,54.115,5.4389,5.6254,434.45
"2018-10-04 01:35~9","LA010",0,3,27.98,53.195,4.9526,5.25625,432.05
"2018-10-04 01:40~4","LA010",0,3,27.995,53.255,5.14405,5.35255,432.95
"2018-10-04 01:45~9","LA010",0,3,28,53.04,4.9695,5.2402,438.15
"2018-10-04 01:50~4","LA010",0,3,27.98,52.54,5.1209,5.32045,437.7
"2018-10-04 01:55~9","LA010",0,3,27.955,52.585,4.909,5.1439,436.45
"2018-10-04 02:00~4","LA010",0,3,28,52.62,4.92675,5.2081,434.6
"2018-10-04 02:05~9","LA010",0,3,27.995,52.17,5.00515,5.3365,436.3
"2018-10-04 02:10~4","LA010",0,3,27.955,51.9,5.01665,5.22415,431.4
"2018-10-04 02:15~9","LA010",0,3,27.995,51.945,4.96765,5.2081,429.2
"2018-10-04 02:20~4","LA010",0,3,28,51.85,4.8394,5.06365,429.6
"2018-10-04 02:25~9","LA010",0,3,27.995,52.07,4.9526,5.25625,429
"2018-10-04 02:30~4","LA010",0,3,28,52.205,4.8502,5.1439,431.35
"2018-10-04 02:35~9","LA010",0,3,28,52.42,4.7485,4.9192,433.7
"2018-10-04 02:40~4","LA010",0,3,28,52.24,4.96055,5.2723,435.6
"2018-10-04 02:45~9","LA010",0,3,28,52.305,4.7701,5.12785,436.65
"2018-10-04 02:50~4","LA010",0,3,28,52.22,5.0006,5.15995,433.45
"2018-10-04 02:55~9","LA010",0,3,28.005,52.305,4.8796,5.15995,435.8
"2018-10-04 03:00~4","LA010",0,3,28.025,52.45,5.08795,5.4007,441.45
"2018-10-04 03:05~9","LA010",0,3,28.005,52.345,5.2875,5.41675,441.75
"2018-10-04 03:10~4","LA010",0,3,27.99,52.51,5.055,5.3686,437.15
"2018-10-04 03:15~9","LA010",0,3,27.96,52.8,5.22075,5.4328,438.75
"2018-10-04 03:20~4","LA010",0,3,27.965,53.035,5.19205,5.32045,441.45
"2018-10-04 03:25~9","LA010",0,3,27.9,53.295,5.57255,5.86615,444.7
"2018-10-04 03:30~4","LA010",0,3,27.95,53.53,5.23935,5.5291,444.7
"2018-10-04 03:35~9","LA010",0,3,27.91,53.995,5.51035,5.6896,455.3
"2018-10-04 03:40~4","LA010",0,3,27.94,54.13,5.59585,5.7538,455.7
"2018-10-04 03:45~9","LA010",0,3,27.945,54.68,5.6244,5.76985,458.8
"2018-10-04 03:50~4","LA010",0,3,27.95,54.675,5.53335,5.70565,456.45
"2018-10-04 03:55~9","LA010",0,3,27.9578947368421,54.5578947368421,5.51568421052632,5.66594736842105,449.315789473684
"2018-10-04 04:00~4","LA010",0,3,27.985,54.41,5.76175,5.83405,440.6
"2018-10-04 04:05~9","LA010",0,3,27.995,54.445,5.6761,5.76985,436.9
"2018-10-04 04:10~4","LA010",0,3,27.99,54.645,5.6947,5.86615,444.45
"2018-10-04 04:15~9","LA010",0,3,28,54.435,5.5369,5.7217,444.15
"2018-10-04 04:20~4","LA010",0,3,27.98,54.315,5.5558,5.70565,446.6
"2018-10-04 04:25~9","LA010",0,3,28,54.26,5.1976,5.3365,445.25
"2018-10-04 04:30~4","LA010",0,3,27.955,53.73,5.25015,5.497,440.75
"2018-10-04 04:35~9","LA010",0,3,27.9578947368421,53.7631578947368,5.47142105263158,5.71663157894737,433.578947368421
"2018-10-04 04:40~4","LA010",0,3,27.98,54.015,5.6538,5.76985,433.55
"2018-10-04 04:45~9","LA010",0,3,27.9,54.1894736842105,5.90963157894737,6.05452631578947,437.052631578947
"2018-10-04 04:50~4","LA010",0,3,27.895,54.335,5.8785,5.93035,437.1
"2018-10-04 04:55~9","LA010",0,3,27.9,54.435,5.8721,5.96245,437.7
"2018-10-04 05:00~4","LA010",0,3,27.9,54.795,5.66175,5.818,444.65
"2018-10-04 05:05~9","LA010",0,3,27.9,55.02,5.619,5.76985,447.9
"2018-10-04 05:10~4","LA010",0,3,27.865,55.725,5.82735,5.99455,443.85
"2018-10-04 05:15~9","LA010",0,3,27.8,56.72,6.3358,6.47605,436.8
"2018-10-04 05:20~4","LA010",0,3,27.78,57.01,6.1725,6.25135,433.05
"2018-10-04 05:25~9","LA010",0,3,27.66,57.35,5.99295,6.15505,428.5
"2018-10-04 05:30~4","LA010",0,3,27.53,57.6,5.8167,6.05875,425.95
"2018-10-04 05:35~9","LA010",0,3,27.495,58.005,6.16355,6.2674,425
"2018-10-04 05:40~4","LA010",0,3,27.39,58.705,6.16395,6.34765,425.45
"2018-10-04 05:45~9","LA010",0,3,27.3,59.64,6.08,6.2995,428.45
"2018-10-04 05:50~4","LA010",0,3,27.265,60.485,5.9951,6.139,429.15
"2018-10-04 05:55~9","LA010",0,3,27.2,60.78,6.13385,6.25135,428.8
"2018-10-04 06:00~4","LA010",0,3,27.115,61.255,5.8518,5.8822,428.7
"2018-10-04 06:05~9","LA010",0,3,27.0473684210526,61.6526315789474,5.93578947368421,6.08831578947368,427.473684210526
"2018-10-04 06:10~4","LA010",0,3,27.15,61.52,5.8806,6.15505,426.3
"2018-10-04 06:15~9","LA010",0,3,27.11,61.73,6.20445,6.37975,426.8
"2018-10-04 06:20~4","LA010",0,3,27.06,61.93,6.1577,6.31555,429.05
"2018-10-04 06:25~9","LA010",0,3,27.015,61.985,5.864,6.1711,438.35
"2018-10-04 06:30~4","LA010",0,3,27.085,62.005,6.27475,6.34765,440.6
"2018-10-04 06:35~9","LA010",0,3,27.11,61.9,6.28965,6.44395,427.2
"2018-10-04 06:40~4","LA010",0,3,27.21,61.835,6.2824,6.4921,424.4
"2018-10-04 06:45~9","LA010",0,3,27.225,62.195,6.4557,6.4921,425.5
"2018-10-04 06:50~4","LA010",0,3,27.26,62.255,6.64445,6.6847,427.15
"2018-10-04 06:55~9","LA010",0,3,27.3,62.28,7.0882,7.11805,427.1
"2018-10-04 07:00~4","LA010",0,3,27.26,62.435,7.2288,7.27855,429.7
"2018-10-04 07:05~9","LA010",0,3,27.2,62.58,6.91585,7.1341,434.35
"2018-10-04 07:10~4","LA010",0,3,27.2,62.685,6.59305,6.6526,435.7
"2018-10-04 07:15~9","LA010",0,3,27.21,62.515,6.5257,6.6205,435.35
"2018-10-04 07:20~4","LA010",0,3,27.2,62.765,6.5578,6.6526,434
"2018-10-04 07:25~9","LA010",0,3,27.195,63.1,7.0419,7.0699,435.6
"2018-10-04 07:30~4","LA010",0,3,27.2,63.055,6.9656,7.05385,436
"2018-10-04 07:35~9","LA010",0,3,27.125,62.73,7.30785,7.47115,435.2
"2018-10-04 07:40~4","LA010",0,3,27.125,62.715,7.3184,7.43905,450.9
"2018-10-04 07:45~9","LA010",0,3,27.18,62.775,7.16785,7.2304,454.9
"2018-10-04 07:50~4","LA010",0,3,27.235,62.735,7.0765,7.1983,444.75
"2018-10-04 07:55~9","LA010",0,3,27.3,62.355,7.31515,7.3909,441.25
"2018-10-04 08:00~4","LA010",0,3,27.3,62.29,7.801,7.85635,441.75
"2018-10-04 08:05~9","LA010",0,3,27.04,63.585,8.45275,8.59465,447.95
"2018-10-04 08:10~4","LA010",0,3,25.745,52.995,5.3632,5.6896,595.6
"2018-10-04 08:15~9","LA010",0,3,25.375,42.735,4.2953,4.534,958.6
"2018-10-04 08:20~4","LA010",0,3,25.295,39.14,3.1361,3.42655,1249.1
"2018-10-04 08:25~9","LA010",0,3,25.325,37.145,2.98755,3.26605,1435
"2018-10-04 08:30~4","LA010",0,3,25.45,45.795,4.252,4.58215,1138.1
"2018-10-04 08:35~9","LA010",0,3,26.725,57.305,5.76485,6.12295,515.05
"2018-10-04 08:40~4","LA010",0,3,27.435,58.105,5.13965,5.6254,509.9
"2018-10-04 08:45~9","LA010",0,3,27.77,57.91,5.13695,5.4007,502.6
"2018-10-04 08:50~4","LA010",0,3,27.79,55.99,5.0648,5.41675,517.8
"2018-10-04 08:55~9","LA010",0,3,27.74,53.93,5.0746,5.28835,536.75
"2018-10-04 09:00~4","LA010",0,3,27.725,52.42,4.96325,5.176,551.95
"2018-10-04 09:05~9","LA010",0,3,27.85,53.315,4.7397,4.93525,563.35
"2018-10-04 09:10~4","LA010",0,3,28.095,55.19,4.4521,4.67845,560.75
"2018-10-04 09:15~9","LA010",0,3,28.295,56.305,4.68715,4.96735,547.6
"2018-10-04 09:20~4","LA010",0,3,28.57,56.62,4.6258,4.87105,547.45
"2018-10-04 09:25~9","LA010",0,3,28.65,56.785,4.68715,4.9513,550.7
"2018-10-04 09:30~4","LA010",0,3,28.51,55.28,4.8404,5.0797,542.3
"2018-10-04 09:35~9","LA010",0,3,28.29,53.75,4.9036,5.176,549.3
"2018-10-04 09:40~4","LA010",0,3,28.135,52.165,4.8661,5.03155,568.55
"2018-10-04 09:45~9","LA010",0,3,28.135,52.29,4.542,4.80685,577.05
"2018-10-04 09:50~4","LA010",0,3,28.38,54.11,4.7093,4.93525,586.55
"2018-10-04 09:55~9","LA010",0,3,28.565,55.145,4.50905,4.7908,586.5
"2018-10-04 10:00~4","LA010",0,3,28.72,55.965,4.46915,4.87105,592.05
"2018-10-04 10:05~9","LA010",0,3,28.8,56.475,4.76185,4.9192,597.25
"2018-10-04 10:10~4","LA010",0,3,28.935,56.305,4.7005,4.99945,604
"2018-10-04 10:15~9","LA010",0,3,28.88,53.675,4.8668,4.9834,626.5
"2018-10-04 10:20~4","LA010",0,3,28.735,51.585,4.50195,4.855,645.8
"2018-10-04 10:25~9","LA010",0,3,28.45,50.195,4.41475,4.7908,642.8
"2018-10-04 10:30~4","LA010",0,3,28.455,52.24,4.53305,4.71055,625.25
"2018-10-04 10:35~9","LA010",0,3,28.695,54.405,4.5748,4.67845,613.85
"2018-10-04 10:40~4","LA010",0,3,28.82,55.69,4.89635,5.0476,595
"2018-10-04 10:45~9","LA010",0,3,28.8,56.785,5.0077,5.19205,578.85
"2018-10-04 10:50~4","LA010",0,3,28.8,57.345,4.92405,5.1439,555.2
"2018-10-04 10:55~9","LA010",0,3,28.845,56.8,4.98995,5.15995,549.45
"2018-10-04 11:00~4","LA010",0,3,28.79,53.96,4.80205,5.0155,583.75
"2018-10-04 11:05~9","LA010",0,3,28.685,51.985,4.73515,4.90315,602.95
"2018-10-04 11:10~4","LA010",0,3,28.52,50.815,4.86525,5.1118,620
"2018-10-04 11:15~9","LA010",0,3,28.44,49.89,4.72195,5.06365,627.7
"2018-10-04 11:20~4","LA010",0,3,28.4,50.005,4.8475,5.1439,641.4
"2018-10-04 11:25~9","LA010",0,3,28.51,52.545,4.6748,4.96735,633.7
"2018-10-04 11:30~4","LA010",0,3,28.7,53.96,4.9783,5.1439,643.7
"2018-10-04 11:35~9","LA010",0,3,28.81,54.985,4.981,5.19205,637.35
"2018-10-04 11:40~4","LA010",0,3,28.965,55.585,4.93385,5.176,637.15
"2018-10-04 11:45~9","LA010",0,3,29.005,55.96,4.89195,5.0797,634.9
"2018-10-04 11:50~4","LA010",0,3,29.1,56.11,4.84565,5.06365,629.95
"2018-10-04 11:55~9","LA010",0,3,29.065,54.405,4.8938,5.2402,637.7
"2018-10-04 12:00~4","LA010",0,3,28.75,52.285,4.69255,5.0155,640.9
"2018-10-04 12:05~9","LA010",0,3,28.475,51.475,4.5332,4.83895,646.05
"2018-10-04 12:10~4","LA010",0,3,28.325,51.035,4.80545,4.99945,642.95
"2018-10-04 12:15~9","LA010",0,3,28.4,53.475,4.72805,4.93525,628.25
"2018-10-04 12:20~4","LA010",0,3,28.48,55.57,4.83685,5.1118,626.3
"2018-10-04 12:25~9","LA010",0,3,28.49,56.83,5.0523,5.28835,617.05
"2018-10-04 12:30~4","LA010",0,3,28.55,57.56,4.9036,5.19205,643.35
"2018-10-04 12:35~9","LA010",0,3,28.61,57.875,4.8857,5.0797,630.15
"2018-10-04 12:40~4","LA010",0,3,28.66,58.185,4.93015,5.06365,621.15
"2018-10-04 12:45~9","LA010",0,3,28.725,58.225,4.72365,4.93525,633.1
"2018-10-04 12:50~4","LA010",0,3,28.725,58.115,4.98995,5.176,647.35
"2018-10-04 12:55~9","LA010",0,3,28.52,56.17,4.3534,4.8871,631.8
"2018-10-04 13:00~4","LA010",0,3,28.315,54.39,4.82065,5.03155,608.95
"2018-10-04 13:05~9","LA010",0,3,28.3,54.26,4.65165,4.99945,632.05
"2018-10-04 13:10~4","LA010",0,3,28.5631578947368,55.8894736842105,4.906,5.10842105263158,628.263157894737
"2018-10-04 13:15~9","LA010",0,3,28.74,57.14,4.85375,5.1439,628.05
"2018-10-04 13:20~4","LA010",0,3,28.905,57.8,5.0158,5.2402,627.1
"2018-10-04 13:25~9","LA010",0,3,29.045,58.04,4.99705,5.12785,630.5
"2018-10-04 13:30~4","LA010",0,3,29.1473684210526,58.0736842105263,5.23894736842105,5.39563157894737,630.157894736842
"2018-10-04 13:35~9","LA010",0,3,28.13,58.795,4.8032,5.0476,640.05
"2018-10-04 13:40~4","LA010",0,3,27.155,47.62,2.5477,3.0574,1030
"2018-10-04 13:45~9","LA010",0,3,26.91,43.005,2.5477,2.8648,1783.55
"2018-10-04 13:50~4","LA010",0,3,26.98,40.545,2.29305,2.59195,2251.1
"2018-10-04 13:55~9","LA010",0,3,26.9,35.85,2.7728,3.04135,2557.5
"2018-10-04 14:00~4","LA010",0,3,26.93,34.38,2.5349,2.84875,2786.5
"2018-10-04 14:05~9","LA010",0,3,26.895,37.275,2.33935,2.6401,3137.45
"2018-10-04 14:10~4","LA010",0,3,27.295,38.785,2.20045,2.52775,3535.45
"2018-10-04 14:15~9","LA010",0,3,27.475,35.045,2.10785,2.5438,3923.7
"2018-10-04 14:20~4","LA010",0,3,28.355,49.785,5.9256,6.1069,2589.05
"2018-10-04 14:25~9","LA010",0,3,25.12,77.955,11.4373,11.93305,488.15
"2018-10-04 14:30~4","LA010",0,3,25.355,77.44,12.75685,13.1368,480.85
"2018-10-04 14:35~9","LA010",0,3,25.945,74.895,11.8077,12.35035,542.3
"2018-10-04 14:40~4","LA010",0,3,26.08,74.735,11.59275,12.02935,518.1
"2018-10-04 14:45~9","LA010",0,3,26.05,75.21,13.6576,14.4529,533.65
"2018-10-04 14:50~4","LA010",0,3,25.875,74.37,11.8571,12.1738,535.6
"2018-10-04 14:55~9","LA010",0,3,25.985,56.8105263157895,4.3818,4.67845,1112.2
"2018-10-04 15:00~4","LA010",0,3,25.545,55.495,4.3889,4.61425,1160.9
"2018-10-04 15:05~9","LA010",0,3,25.555,58.47,4.6363,4.8871,1154.1
"2018-10-04 15:10~4","LA010",0,3,25.48,57.475,4.93555,5.1118,1195.05
"2018-10-04 15:15~9","LA010",0,3,25.465,58.525,4.97745,5.1439,1201.55
"2018-10-04 15:20~4","LA010",0,3,25.4,59.58,5.01225,5.28835,1182.25
"2018-10-04 15:25~9","LA010",0,3,25.25,58.87,5.08965,5.2402,1197.25
"2018-10-04 15:30~4","LA010",0,3,25.305,60.77,5.16095,5.41675,1189.6
"2018-10-04 15:35~9","LA010",0,3,25.325,58.515,5.06025,5.2081,1222.95
"2018-10-04 15:40~4","LA010",0,3,25.255,60.25,4.96055,5.176,1205.2
"2018-10-04 15:45~9","LA010",0,3,25.26,72.71,10.5699,10.80955,685.45
"2018-10-04 15:50~4","LA010",0,3,25.945,75.545,11.97575,12.3985,551.45
"2018-10-04 15:55~9","LA010",0,3,28.225,52.93,5.2297,5.48095,1595.35
"2018-10-04 16:00~4","LA010",0,3,28.3526315789474,42.8,4.35763157894737,4.60157894736842,1696.26315789474
"2018-10-04 16:05~9","LA010",0,3,28.485,39.01,3.35795,3.5389,2183.35
"2018-10-04 16:10~4","LA010",0,3,28.57,37.45,2.89495,3.16975,2520.55
"2018-10-04 16:15~9","LA010",0,3,28.66,35.855,2.7728,3.10555,2777.7
"2018-10-04 16:20~4","LA010",0,3,28.86,35.015,3.0107,3.4105,2920.95
"2018-10-04 16:25~9","LA010",0,3,28.845,35.775,3.08015,3.45865,3074.95
"2018-10-04 16:30~4","LA010",0,3,28.685,41.015,6.22785,6.47605,2128.45
"2018-10-04 16:35~9","LA010",0,3,28.935,36.08,4.68375,4.8871,2178.7
"2018-10-04 16:40~4","LA010",0,3,28.85,35.09,3.76555,4.0204,2610.85
"2018-10-04 16:45~9","LA010",0,3,29.16,38.265,3.5809,3.84385,3047
"2018-10-04 16:50~4","LA010",0,3,27.995,55.86,8.05215,8.1613,733.6
"2018-10-04 16:55~9","LA010",0,3,28.22,54.385,8.31345,8.46625,550.45
"2018-10-04 17:00~4","LA010",0,3,28.485,56.685,8.5245,8.62675,542.35
"2018-10-04 17:05~9","LA010",0,3,28.735,58.69,8.5174,8.6107,540.55
"2018-10-04 17:10~4","LA010",0,3,28.92,59.35,8.3332,8.43415,555.8
"2018-10-04 17:15~9","LA010",0,3,29.19,59.825,8.2152,8.2576,566.5
"2018-10-04 17:20~4","LA010",0,3,29.325,60.34,8.18875,8.3218,564.9
"2018-10-04 17:25~9","LA010",0,3,29.47,60.195,8.53265,8.78725,550.65
"2018-10-04 17:30~4","LA010",0,3,29.59,59.73,8.6481,8.7391,531.25
"2018-10-04 17:35~9","LA010",0,3,29.56,59.87,8.7933,9.1243,518.8
"2018-10-04 17:40~4","LA010",0,3,28.075,59.215,7.1765,7.43905,601.1
"2018-10-04 17:45~9","LA010",0,3,26.795,49.755,5.45325,5.6575,963.55
"2018-10-04 17:50~4","LA010",0,3,26.24,37.595,4.0591,4.2451,1327.6
"2018-10-04 17:55~9","LA010",0,3,26.08,33.5,3.52495,3.90805,1588.4
"2018-10-04 18:00~4","LA010",0,3,26.12,31.6,3.057,3.36235,1773.2
"2018-10-04 18:05~9","LA010",0,3,26.2,30.53,2.47825,2.8969,1931.35
"2018-10-04 18:10~4","LA010",0,3,26.15,29.83,2.38565,2.8006,2008.9
"2018-10-04 18:15~9","LA010",0,3,26.18,54.715,11.05925,11.3071,1239.55
"2018-10-04 18:20~4","LA010",0,3,26.56,67.785,15.885,16.07395,444.7
"2018-10-04 18:25~9","LA010",0,3,26.785,67.49,13.09755,13.4578,428.55
"2018-10-04 18:30~4","LA010",0,3,26.97,67.075,11.8461,12.35035,427.8
"2018-10-04 18:35~9","LA010",0,3,27.005,66.735,10.9198,11.35525,432.15
"2018-10-04 18:40~4","LA010",0,3,27.055,66.375,10.5731,11.19475,432.45
"2018-10-04 18:45~9","LA010",0,3,27.095,66.25,10.13325,10.8577,431.7
"2018-10-04 18:50~4","LA010",0,3,27.075,66.07,9.6221,10.29595,436.05
"2018-10-04 18:55~9","LA010",0,3,27.135,66.22,9.1223,9.81445,449.6
"2018-10-04 19:00~4","LA010",0,3,27.1583333333333,66.2416666666667,8.96025,9.67,436.583333333333
"2018-10-04 19:10~4","LA010",0,3,27.16,66.86,8.817,9.1885,468.6
"2018-10-04 19:15~9","LA010",0,3,27.015,66.97,9.18695,9.5737,453.75
"2018-10-04 19:20~4","LA010",0,3,27.07,66.365,9.1519,9.46135,456.4
"2018-10-04 19:25~9","LA010",0,3,27.01,66.365,9.203,9.7663,447.55
"2018-10-04 19:30~4","LA010",0,3,27.02,66.06,9.03615,9.4453,445.1
"2018-10-04 19:35~9","LA010",0,3,27.165,65.565,8.54205,8.8675,438.7
"2018-10-04 19:40~4","LA010",0,3,27.095,65.72,8.4693,8.8996,438.65
"2018-10-04 19:45~9","LA010",0,3,27.065,66.2,8.40225,8.91565,452.25
"2018-10-04 19:50~4","LA010",0,3,27.09,66.55,8.5832,8.91565,467.85
"2018-10-04 19:55~9","LA010",0,3,27.02,66.89,7.9303,8.3218,462.4
"2018-10-04 20:00~4","LA010",0,3,26.785,67.8,7.99835,8.27365,443.65
"2018-10-04 20:05~9","LA010",0,3,26.835,67.635,7.8089,8.27365,429.8
"2018-10-04 20:10~4","LA010",0,3,26.895,67.19,7.8363,8.20945,428.1
"2018-10-04 20:15~9","LA010",0,3,26.9,67.02,7.6927,7.9687,441
"2018-10-04 20:20~4","LA010",0,3,26.785,66.865,7.38605,7.95265,437.85
"2018-10-04 20:25~9","LA010",0,3,26.755,66.94,7.3544,7.744,448.55
"2018-10-04 20:30~4","LA010",0,3,26.745,66.67,7.2902,7.66375,448.55
"2018-10-04 20:35~9","LA010",0,3,27,65.56,7.10215,7.5193,439.45
"2018-10-04 20:40~4","LA010",0,3,27.165,64.345,6.7086,7.1662,429.25
"2018-10-04 20:45~9","LA010",0,3,27.225,64.195,6.9401,7.3267,432.25
"2018-10-04 20:50~4","LA010",0,3,27.315,63.905,6.6221,7.15015,436
"2018-10-04 20:55~9","LA010",0,3,27.205,64.575,6.55265,7.0378,453.15
"2018-10-04 21:00~4","LA010",0,3,27.085,65.09,6.55265,6.98965,478.05
"2018-10-04 21:05~9","LA010",0,3,27.03,65.14,6.6684,6.9415,482.65
"2018-10-04 21:10~4","LA010",0,3,27.035,64.955,6.7147,7.21435,481.35
"2018-10-04 21:15~9","LA010",0,3,26.99,65.005,7.35355,7.7119,470.55
"2018-10-04 21:20~4","LA010",0,3,26.995,64.89,8.2114,8.53045,475.6
"2018-10-04 21:25~9","LA010",0,3,26.91,65.095,7.8032,8.14525,476.5
"2018-10-04 21:30~4","LA010",0,3,26.83,65.22,7.4886,8.08105,477.75
"2018-10-04 21:35~9","LA010",0,3,26.74,65.68,9.02425,9.23665,470.35
"2018-10-04 21:40~4","LA010",0,3,26.7,65.94,8.5008,8.6107,471.15
"2018-10-04 21:45~9","LA010",0,3,26.6105263157895,66.2210526315789,8.0411052631579,8.16636842105263,466.736842105263
"2018-10-04 21:50~4","LA010",0,3,26.69,66.2,8.01205,8.1934,467.9
"2018-10-04 21:55~9","LA010",0,3,26.77,66.13,8.1226,8.4823,466.55
"2018-10-04 22:00~4","LA010",0,3,26.805,66.24,7.8174,8.1292,467.85
"2018-10-04 22:05~9","LA010",0,3,26.81,66.22,7.68095,7.82425,468.75
"2018-10-04 22:10~4","LA010",0,3,26.725,66.44,7.36025,7.6156,463.15
"2018-10-04 22:15~9","LA010",0,3,26.725,66.355,7.38885,7.4551,454
"2018-10-04 22:20~4","LA010",0,3,26.9,66.24,8.96485,9.2527,466.25
"2018-10-04 22:25~9","LA010",0,3,26.975,65.81,7.81175,8.11315,464.55
"2018-10-04 22:30~4","LA010",0,3,26.9526315789474,66.0421052631579,7.48373684210526,7.69331578947368,456.052631578947
"2018-10-04 22:35~9","LA010",0,3,26.62,67.41,7.2384,7.40695,433.7
"2018-10-04 22:40~4","LA010",0,3,26.62,67.63,7.5908,7.6798,436.85
"2018-10-04 22:45~9","LA010",0,3,26.675,67.575,7.5361,7.63165,437.9
"2018-10-04 22:50~4","LA010",0,3,26.58,68.205,7.73725,7.85635,446.8
"2018-10-04 22:55~9","LA010",0,3,26.56,68.46,8.94945,9.14035,460
"2018-10-04 23:00~4","LA010",0,3,26.905,67.27,11.4991,11.917,454.75
"2018-10-04 23:05~9","LA010",0,3,27.01,66.875,9.4299,9.68605,442.45
"2018-10-04 23:10~4","LA010",0,3,27.045,66.725,9.0082,9.349,445.7
"2018-10-04 23:15~9","LA010",0,3,26.925,66.84,8.6028,8.65885,449.15
"2018-10-04 23:20~4","LA010",0,3,27,66.705,8.74355,8.8354,450.55
"2018-10-04 23:25~9","LA010",0,3,26.945,66.965,8.8252,8.91565,451.8
"2018-10-04 23:30~4","LA010",0,3,26.915,67.075,9.06575,9.23665,454.25
"2018-10-04 23:35~9","LA010",0,3,26.87,67.255,9.09535,9.26875,455.3
"2018-10-04 23:40~4","LA010",0,3,26.89,67.205,9.197,9.39715,453.85
"2018-10-04 23:45~9","LA010",0,3,26.94,67.11,9.12745,9.30085,457.7
"2018-10-04 23:50~4","LA010",0,3,26.9,67.06,9.33295,9.4132,451.4
"2018-10-04 23:55~9","LA010",0,3,26.955,66.62,9.3228,9.52555,446.4
