S_no,Year,Month,Day,Date,WD,Hour,Minute_30,Place1,Place2,Ventilation1,Ventilation2,Activity1,Activity2,AP1,AP2,AP3,Sensor
LA001,2018,10,8,1,1,13,1,1,0,2,0,10,0,0,0,0,0
LA001,2018,10,8,1,1,13,2,1,0,2,0,10,0,0,0,0,1
LA001,2018,10,8,1,1,14,1,3,0,3,0,3,0,0,0,0,1
LA001,2018,10,8,1,1,14,2,3,0,3,0,3,0,0,0,0,1
LA001,2018,10,8,1,1,15,1,3,0,3,0,3,0,0,0,0,1
LA001,2018,10,8,1,1,15,2,3,0,3,0,3,0,0,0,0,1
LA001,2018,10,8,1,1,16,1,3,0,3,0,3,0,0,0,0,1
LA001,2018,10,8,1,1,16,2,3,0,3,0,3,0,0,0,0,1
LA001,2018,10,8,1,1,17,1,3,0,3,0,3,0,0,0,0,1
LA001,2018,10,8,1,1,17,2,3,0,3,0,3,0,0,0,0,1
LA001,2018,10,8,1,1,18,1,3,0,3,0,3,0,0,0,0,1
LA001,2018,10,8,1,1,18,2,3,0,3,0,3,0,0,0,0,1
LA001,2018,10,8,1,1,19,1,3,0,3,0,3,0,0,0,0,1
LA001,2018,10,8,1,1,19,2,16,0,9,0,2,0,0,0,0,1
LA001,2018,10,8,1,1,20,1,1,0,3,0,8,4,2,0,0,1
LA001,2018,10,8,1,1,20,2,1,0,3,0,10,0,0,0,0,1
LA001,2018,10,8,1,1,21,1,1,0,3,0,9,0,0,0,0,1
LA001,2018,10,8,1,1,21,2,1,0,3,0,1,0,0,0,0,1
LA001,2018,10,8,1,1,22,1,1,0,3,0,1,0,0,0,0,1
LA001,2018,10,8,1,1,22,2,1,0,3,0,1,0,0,0,0,1
LA001,2018,10,8,1,1,23,1,1,0,3,0,1,0,0,0,0,1
LA001,2018,10,8,1,1,23,2,1,0,3,0,1,0,0,0,0,1
LA001,2018,10,9,2,1,0,1,1,0,3,0,1,0,0,0,0,1
LA001,2018,10,9,2,1,0,2,1,0,3,0,1,0,0,0,0,1
LA001,2018,10,9,2,1,1,1,1,0,3,0,1,0,0,0,0,1
LA001,2018,10,9,2,1,1,2,1,0,3,0,1,0,0,0,0,1
LA001,2018,10,9,2,1,2,1,1,0,3,0,1,0,0,0,0,1
LA001,2018,10,9,2,1,2,2,1,0,3,0,1,0,0,0,0,1
LA001,2018,10,9,2,1,3,1,1,0,3,0,1,0,0,0,0,1
LA001,2018,10,9,2,1,3,2,1,0,3,0,1,0,0,0,0,1
LA001,2018,10,9,2,1,4,1,1,0,3,0,1,0,0,0,0,1
LA001,2018,10,9,2,1,4,2,1,0,3,0,1,0,0,0,0,1
LA001,2018,10,9,2,1,5,1,1,0,3,0,1,0,0,0,0,1
LA001,2018,10,9,2,1,5,2,1,0,3,0,1,0,0,0,0,1
LA001,2018,10,9,2,1,6,1,1,0,3,0,1,0,0,0,0,1
LA001,2018,10,9,2,1,6,2,1,0,3,0,1,0,0,0,0,1
LA001,2018,10,9,2,1,7,1,1,0,3,0,1,0,0,0,0,1
LA001,2018,10,9,2,1,7,2,1,0,3,0,1,0,0,0,0,1
LA001,2018,10,9,2,1,8,1,1,0,3,0,9,0,65,0,0,1
LA001,2018,10,9,2,1,8,2,1,0,3,0,9,0,0,0,0,0
LA001,2018,10,9,2,1,9,1,16,0,9,0,10,0,1,0,0,1
LA001,2018,10,9,2,1,9,2,61,0,4,0,10,0,0,0,0,1
LA001,2018,10,9,2,1,10,1,61,0,4,0,10,0,0,0,0,1
LA001,2018,10,9,2,1,10,2,61,0,4,0,10,0,0,0,0,1
LA001,2018,10,9,2,1,11,1,61,0,4,0,10,0,0,0,0,1
LA001,2018,10,9,2,1,11,2,16,0,9,0,10,0,1,0,0,1
LA001,2018,10,9,2,1,12,1,1,0,2,0,4,8,2,0,0,1
LA001,2018,10,9,2,1,12,2,1,0,2,0,8,0,2,0,0,1
LA001,2018,10,9,2,1,13,1,1,0,2,0,10,0,2,0,0,1
LA001,2018,10,9,2,1,13,2,1,0,2,0,1,0,0,0,0,1
LA001,2018,10,9,2,1,14,1,3,0,3,0,3,0,0,0,0,1
LA001,2018,10,9,2,1,14,2,3,0,3,0,3,0,0,0,0,1
LA001,2018,10,9,2,1,15,1,3,0,3,0,3,0,0,0,0,1
LA001,2018,10,9,2,1,15,2,3,0,3,0,3,0,0,0,0,1
LA001,2018,10,9,2,1,16,1,3,0,3,0,3,0,0,0,0,1
LA001,2018,10,9,2,1,16,2,3,0,3,0,3,0,0,0,0,1
LA001,2018,10,9,2,1,17,1,3,0,3,0,3,0,0,0,0,1
LA001,2018,10,9,2,1,17,2,3,0,3,0,3,0,0,0,0,1
LA001,2018,10,9,2,1,18,1,3,0,3,0,3,0,0,0,0,1
LA001,2018,10,9,2,1,18,2,3,0,3,0,3,0,0,0,0,1
LA001,2018,10,9,2,1,19,1,16,0,9,0,2,0,0,0,0,1
LA001,2018,10,9,2,1,19,2,1,0,3,0,8,4,2,0,0,1
LA001,2018,10,9,2,1,20,1,1,0,3,0,10,0,0,0,0,1
LA001,2018,10,9,2,1,20,2,1,0,3,0,10,0,0,0,0,1
LA001,2018,10,9,2,1,21,1,1,0,3,0,10,0,0,0,0,1
LA001,2018,10,9,2,1,21,2,1,0,3,0,10,0,0,0,0,1
LA001,2018,10,9,2,1,22,1,1,0,3,0,10,0,0,0,0,1
LA001,2018,10,9,2,1,22,2,1,0,3,0,10,0,0,0,0,1
LA001,2018,10,9,2,1,23,1,1,0,3,0,1,0,0,0,0,1
LA001,2018,10,9,2,1,23,2,1,0,3,0,1,0,0,0,0,1
LA001,2018,10,10,3,1,0,1,1,0,3,0,1,0,0,0,0,1
LA001,2018,10,10,3,1,0,2,1,0,3,0,1,0,0,0,0,1
LA001,2018,10,10,3,1,1,1,1,0,3,0,1,0,0,0,0,1
LA001,2018,10,10,3,1,1,2,1,0,3,0,1,0,0,0,0,1
LA001,2018,10,10,3,1,2,1,1,0,3,0,1,0,0,0,0,1
LA001,2018,10,10,3,1,2,2,1,0,3,0,1,0,0,0,0,1
LA001,2018,10,10,3,1,3,1,1,0,3,0,1,0,0,0,0,1
LA001,2018,10,10,3,1,3,2,1,0,3,0,1,0,0,0,0,1
LA001,2018,10,10,3,1,4,1,1,0,3,0,1,0,0,0,0,1
LA001,2018,10,10,3,1,4,2,1,0,3,0,1,0,0,0,0,1
LA001,2018,10,10,3,1,5,1,1,0,3,0,1,0,0,0,0,1
LA001,2018,10,10,3,1,5,2,1,0,3,0,1,0,0,0,0,1
LA001,2018,10,10,3,1,6,1,1,0,3,0,1,0,0,0,0,1
LA001,2018,10,10,3,1,6,2,1,0,3,0,1,0,0,0,0,1
LA001,2018,10,10,3,1,7,1,1,0,3,0,1,0,0,0,0,1
LA001,2018,10,10,3,1,7,2,1,0,3,0,1,0,0,0,0,1
LA001,2018,10,10,3,1,8,1,1,0,3,0,1,0,0,0,0,1
LA001,2018,10,10,3,1,8,2,1,0,3,0,1,0,0,0,0,1
LA001,2018,10,10,3,1,9,1,1,0,3,0,4,0,2,0,0,1
LA001,2018,10,10,3,1,9,2,1,0,3,0,8,0,2,0,0,1
LA001,2018,10,10,3,1,10,1,10,0,9,0,10,2,1,0,0,1
LA001,2018,10,10,3,1,10,2,17,0,9,0,6,0,0,0,0,1
LA001,2018,10,10,3,1,11,1,1,0,3,0,4,0,1,0,0,1
LA001,2018,10,10,3,1,11,2,1,0,3,0,8,0,1,0,0,1
LA001,2018,10,10,3,1,12,1,1,0,2,0,10,0,2,0,0,1
LA001,2018,10,10,3,1,12,2,1,0,2,0,10,0,2,0,0,1
LA001,2018,10,10,3,1,13,1,1,0,2,0,10,0,0,0,0,1
LA001,2018,10,10,3,1,13,2,1,0,2,0,1,0,0,0,0,1
LA001,2018,10,10,3,1,14,1,3,0,3,0,3,0,0,0,0,1
LA001,2018,10,10,3,1,14,2,3,0,3,0,3,0,0,0,0,1
LA001,2018,10,10,3,1,15,1,3,0,3,0,3,0,0,0,0,1
LA001,2018,10,10,3,1,15,2,3,0,3,0,3,0,0,0,0,1
LA001,2018,10,10,3,1,16,1,3,0,3,0,3,0,0,0,0,1
LA001,2018,10,10,3,1,16,2,3,0,3,0,3,0,0,0,0,1
LA001,2018,10,10,3,1,17,1,3,0,3,0,3,0,0,0,0,1
LA001,2018,10,10,3,1,17,2,3,0,3,0,3,0,0,0,0,1
LA001,2018,10,10,3,1,18,1,3,0,3,0,3,0,0,0,0,1
LA001,2018,10,10,3,1,18,2,3,0,3,0,3,0,0,0,0,1
LA001,2018,10,10,3,1,19,1,1,0,2,0,1,0,0,0,0,1
LA001,2018,10,10,3,1,19,2,1,0,2,0,8,0,2,0,0,1
LA001,2018,10,10,3,1,20,1,3,0,3,0,8,0,0,0,0,1
LA001,2018,10,10,3,1,20,2,1,0,2,0,10,0,0,0,0,1
LA001,2018,10,10,3,1,21,1,1,0,2,0,1,0,0,0,0,1
LA001,2018,10,10,3,1,21,2,1,0,2,0,1,0,0,0,0,1
LA001,2018,10,10,3,1,22,1,1,0,2,0,9,0,0,0,0,1
LA001,2018,10,10,3,1,22,2,1,0,2,0,10,0,0,0,0,1
LA001,2018,10,10,3,1,23,1,1,0,2,0,1,0,0,0,0,1
LA001,2018,10,10,3,1,23,2,1,0,2,0,1,0,0,0,0,1
LA001,2018,10,11,4,1,0,1,1,0,2,0,1,0,0,0,0,1
LA001,2018,10,11,4,1,0,2,1,0,2,0,1,0,0,0,0,1
LA001,2018,10,11,4,1,1,1,1,0,2,0,1,0,0,0,0,1
LA001,2018,10,11,4,1,1,2,1,0,2,0,1,0,0,0,0,1
LA001,2018,10,11,4,1,2,1,1,0,2,0,1,0,0,0,0,1
LA001,2018,10,11,4,1,2,2,1,0,2,0,1,0,0,0,0,1
LA001,2018,10,11,4,1,3,1,1,0,2,0,1,0,0,0,0,1
LA001,2018,10,11,4,1,3,2,1,0,2,0,1,0,0,0,0,1
LA001,2018,10,11,4,1,4,1,1,0,2,0,1,0,0,0,0,1
LA001,2018,10,11,4,1,4,2,1,0,2,0,1,0,0,0,0,1
LA001,2018,10,11,4,1,5,1,1,0,2,0,1,0,0,0,0,1
LA001,2018,10,11,4,1,5,2,1,0,2,0,1,0,0,0,0,1
LA001,2018,10,11,4,1,6,1,1,0,2,0,8,0,0,0,0,1
LA001,2018,10,11,4,1,6,2,1,0,2,0,10,0,0,0,0,1
LA001,2018,10,11,4,1,7,1,1,0,2,0,10,0,0,0,0,1
LA001,2018,10,11,4,1,7,2,1,0,2,0,10,0,0,0,0,1
LA001,2018,10,11,4,1,8,1,9,0,9,0,7,0,1,0,0,1
LA001,2018,10,11,4,1,8,2,9,0,9,0,7,0,0,0,0,1
LA001,2018,10,11,4,1,9,1,1,0,2,0,7,0,0,0,0,1
LA001,2018,10,11,4,1,9,2,1,0,2,0,7,0,0,0,0,1
LA001,2018,10,11,4,1,10,1,1,0,2,0,7,0,0,0,0,1
LA001,2018,10,11,4,1,10,2,1,0,2,0,7,0,0,0,0,1
LA001,2018,10,11,4,1,11,1,1,0,2,0,4,0,2,0,0,1
LA001,2018,10,11,4,1,11,2,1,0,2,0,8,0,0,0,0,1
LA001,2018,10,11,4,1,12,1,1,0,2,0,10,0,2,0,0,1
LA001,2018,10,11,4,1,12,2,1,0,2,0,10,0,2,0,0,1
LA001,2018,10,11,4,1,13,1,1,0,2,0,10,0,2,0,0,1
LA001,2018,10,11,4,1,13,2,1,0,2,0,1,0,2,0,0,1
LA001,2018,10,11,4,1,14,1,3,0,3,0,3,0,0,0,0,1
LA001,2018,10,11,4,1,14,2,3,0,3,0,3,0,0,0,0,1
LA001,2018,10,11,4,1,15,1,3,0,3,0,3,0,0,0,0,1
LA001,2018,10,11,4,1,15,2,3,0,3,0,3,0,0,0,0,1
LA001,2018,10,11,4,1,16,1,3,0,3,0,3,0,0,0,0,1
LA001,2018,10,11,4,1,16,2,3,0,3,0,3,0,0,0,0,1
LA001,2018,10,11,4,1,17,1,3,0,3,0,3,0,0,0,0,1
LA001,2018,10,11,4,1,17,2,3,0,3,0,3,0,0,0,0,1
LA010,2018,10,2,1,1,19,1,1,0,3,0,10,0,0,0,0,0
LA010,2018,10,2,1,1,19,2,1,0,3,0,10,10,0,0,0,0
LA010,2018,10,2,1,1,20,1,1,0,3,0,10,0,0,0,0,1
LA010,2018,10,2,1,1,20,2,1,0,3,0,10,0,0,0,0,1
LA010,2018,10,2,1,1,21,1,1,0,3,0,10,0,0,0,0,1
LA010,2018,10,2,1,1,21,2,1,0,1,0,9,0,7,0,0,0
LA010,2018,10,2,1,1,22,1,1,0,3,0,10,0,0,0,0,1
LA010,2018,10,2,1,1,22,2,1,0,3,0,1,0,0,0,0,1
LA010,2018,10,2,1,1,23,1,1,0,3,0,1,0,0,0,0,1
LA010,2018,10,2,1,1,23,2,1,0,3,0,1,0,0,0,0,1
LA010,2018,10,3,2,1,0,1,1,0,3,0,1,0,0,0,0,1
LA010,2018,10,3,2,1,0,2,1,0,3,0,1,0,0,0,0,1
LA010,2018,10,3,2,1,1,1,1,0,3,0,1,0,0,0,0,1
LA010,2018,10,3,2,1,1,2,1,0,3,0,1,0,0,0,0,1
LA010,2018,10,3,2,1,2,1,1,0,3,0,1,0,0,0,0,1
LA010,2018,10,3,2,1,2,2,1,0,3,0,1,0,0,0,0,1
LA010,2018,10,3,2,1,3,1,1,0,3,0,1,0,0,0,0,1
LA010,2018,10,3,2,1,3,2,1,0,3,0,1,0,0,0,0,1
LA010,2018,10,3,2,1,4,1,1,0,3,0,1,0,0,0,0,1
LA010,2018,10,3,2,1,4,2,1,0,3,0,1,0,0,0,0,1
LA010,2018,10,3,2,1,5,1,1,0,3,0,1,0,0,0,0,1
LA010,2018,10,3,2,1,5,2,1,0,3,0,1,0,0,0,0,1
LA010,2018,10,3,2,1,6,1,1,0,3,0,10,11,0,0,0,1
LA010,2018,10,3,2,1,6,2,1,0,3,0,10,0,0,0,0,1
LA010,2018,10,3,2,1,7,1,1,0,3,0,10,0,0,0,0,1
LA010,2018,10,3,2,1,7,2,1,0,3,0,10,0,0,0,0,1
LA010,2018,10,3,2,1,8,1,1,0,3,0,8,0,0,0,0,1
LA010,2018,10,3,2,1,8,2,1,0,3,0,9,0,7,0,0,1
LA010,2018,10,3,2,1,9,1,11,0,4,0,2,0,0,0,0,1
LA010,2018,10,3,2,1,9,2,11,0,4,0,2,0,0,0,0,1
LA010,2018,10,3,2,1,10,1,11,0,4,0,2,0,0,0,0,1
LA010,2018,10,3,2,1,10,2,3,0,3,0,3,0,10,0,0,1
LA010,2018,10,3,2,1,11,1,2,0,4,0,10,0,0,0,0,1
LA010,2018,10,3,2,1,11,2,2,0,4,0,10,0,0,0,0,1
LA010,2018,10,3,2,1,12,1,2,0,4,0,10,0,0,0,0,1
LA010,2018,10,3,2,1,12,2,3,0,3,0,3,0,10,0,0,1
LA010,2018,10,3,2,1,13,1,11,0,4,0,2,8,0,0,0,1
LA010,2018,10,3,2,1,13,2,11,0,4,0,2,0,0,0,0,1
LA010,2018,10,3,2,1,14,1,11,0,4,0,2,0,0,0,0,1
LA010,2018,10,3,2,1,14,2,11,0,4,0,2,0,0,0,0,1
LA010,2018,10,3,2,1,15,1,61,0,1,0,11,0,0,0,0,1
LA010,2018,10,3,2,1,15,2,11,0,4,0,2,0,0,0,0,1
LA010,2018,10,3,2,1,16,1,2,0,4,0,3,0,0,0,0,1
LA010,2018,10,3,2,1,16,2,2,0,4,0,3,0,0,0,0,1
LA010,2018,10,3,2,1,17,1,2,0,4,0,3,0,0,0,0,1
LA010,2018,10,3,2,1,17,2,2,0,4,0,3,0,0,0,0,1
LA010,2018,10,3,2,1,18,1,11,0,4,0,2,0,0,0,0,1
LA010,2018,10,3,2,1,18,2,1,0,3,0,10,0,0,0,0,1
LA010,2018,10,3,2,1,19,1,1,0,2,0,8,0,2,0,0,0
LA010,2018,10,3,2,1,19,2,1,0,3,0,10,0,0,0,0,1
LA010,2018,10,3,2,1,20,1,1,0,3,0,10,0,0,0,0,1
LA010,2018,10,3,2,1,20,2,1,0,3,0,10,0,0,0,0,1
LA010,2018,10,3,2,1,21,1,22,0,9,0,11,0,0,0,0,1
LA010,2018,10,3,2,1,21,2,1,0,1,0,9,0,7,0,0,1
LA010,2018,10,3,2,1,22,1,1,0,3,0,10,0,0,0,0,1
LA010,2018,10,3,2,1,22,2,1,0,3,0,10,0,0,0,0,1
LA010,2018,10,3,2,1,23,1,1,0,3,0,10,0,0,0,0,1
LA010,2018,10,3,2,1,23,2,1,0,3,0,10,0,0,0,0,1
LA010,2018,10,4,3,1,0,1,1,0,3,0,10,0,0,0,0,1
LA010,2018,10,4,3,1,0,2,1,0,3,0,10,0,0,0,0,1
LA010,2018,10,4,3,1,1,1,1,0,3,0,10,0,0,0,0,1
LA010,2018,10,4,3,1,1,2,1,0,3,0,10,0,0,0,0,1
LA010,2018,10,4,3,1,2,1,1,0,3,0,10,0,0,0,0,1
LA010,2018,10,4,3,1,2,2,1,0,3,0,10,0,0,0,0,1
LA010,2018,10,4,3,1,3,1,1,0,3,0,10,0,0,0,0,1
LA010,2018,10,4,3,1,3,2,1,0,3,0,10,0,0,0,0,1
LA010,2018,10,4,3,1,4,1,1,0,3,0,10,0,0,0,0,1
LA010,2018,10,4,3,1,4,2,1,0,3,0,10,0,0,0,0,1
LA010,2018,10,4,3,1,5,1,1,0,3,0,10,0,0,0,0,1
LA010,2018,10,4,3,1,5,2,1,0,3,0,10,0,0,0,0,1
LA010,2018,10,4,3,1,6,1,1,0,3,0,10,0,0,0,0,1
LA010,2018,10,4,3,1,6,2,1,0,3,0,11,0,0,0,0,1
LA010,2018,10,4,3,1,7,1,1,0,3,0,10,8,0,0,0,1
LA010,2018,10,4,3,1,7,2,1,0,3,0,9,0,0,0,0,1
LA010,2018,10,4,3,1,8,1,16,0,9,0,2,0,0,0,0,1
LA010,2018,10,4,3,1,8,2,2,0,4,0,3,0,0,0,0,1
LA010,2018,10,4,3,1,9,1,2,0,4,0,3,0,0,0,0,1
LA010,2018,10,4,3,1,9,2,2,0,4,0,3,0,0,0,0,1
LA010,2018,10,4,3,1,10,1,2,0,4,0,3,0,0,0,0,1
LA010,2018,10,4,3,1,10,2,2,0,4,0,3,0,0,0,0,1
LA010,2018,10,4,3,1,11,1,2,0,4,0,3,0,0,0,0,1
LA010,2018,10,4,3,1,11,2,2,0,4,0,3,0,0,0,0,1
LA010,2018,10,4,3,1,12,1,2,0,4,0,8,0,0,0,0,1
LA010,2018,10,4,3,1,12,2,2,0,4,0,1,0,0,0,0,1
LA010,2018,10,4,3,1,13,1,2,0,4,0,3,0,0,0,0,1
LA010,2018,10,4,3,1,13,2,11,0,4,0,2,0,0,0,0,1
LA010,2018,10,4,3,1,14,1,11,16,4,9,2,2,0,1,0,1
LA010,2018,10,4,3,1,14,2,2,0,4,0,10,0,0,0,0,1
LA010,2018,10,4,3,1,15,1,2,0,4,0,10,0,0,0,0,1
LA010,2018,10,4,3,1,15,2,2,0,4,0,10,0,0,0,0,1
LA010,2018,10,4,3,1,16,1,16,11,9,4,2,2,1,0,0,1
LA010,2018,10,4,3,1,16,2,11,0,4,0,2,0,0,0,0,1
LA010,2018,10,4,3,1,17,1,2,0,4,0,3,0,0,0,0,1
LA010,2018,10,4,3,1,17,2,2,0,4,0,3,0,0,0,0,1
LA010,2018,10,4,3,1,18,1,11,0,4,0,2,0,0,0,0,1
LA010,2018,10,4,3,1,18,2,11,0,4,0,2,0,0,0,0,1
LA010,2018,10,4,3,1,19,1,1,0,3,0,10,0,0,0,0,1
LA010,2018,10,4,3,1,19,2,1,0,3,0,8,0,2,0,0,1
LA010,2018,10,4,3,1,20,1,1,0,3,0,10,0,0,0,0,1
LA010,2018,10,4,3,1,20,2,1,0,1,0,9,0,7,0,0,0
LA010,2018,10,4,3,1,21,1,1,0,3,0,10,0,0,0,0,1
LA010,2018,10,4,3,1,21,2,1,0,3,0,10,0,0,0,0,1
LA010,2018,10,4,3,1,22,1,1,0,3,0,10,0,0,0,0,1
LA010,2018,10,4,3,1,22,2,1,0,3,0,10,0,0,0,0,1
LA010,2018,10,4,3,1,23,1,1,0,3,0,1,0,0,0,0,1
LA010,2018,10,4,3,1,23,2,1,0,3,0,1,0,0,0,0,1
LA010,2018,10,5,4,1,0,1,1,0,3,0,1,0,0,0,0,1
LA010,2018,10,5,4,1,0,2,1,0,3,0,1,0,0,0,0,1
LA010,2018,10,5,4,1,1,1,1,0,3,0,1,0,0,0,0,1
LA010,2018,10,5,4,1,1,2,1,0,3,0,1,0,0,0,0,1
LA010,2018,10,5,4,1,2,1,1,0,3,0,1,0,0,0,0,1
LA010,2018,10,5,4,1,2,2,1,0,3,0,1,0,0,0,0,1
LA010,2018,10,5,4,1,3,1,1,0,3,0,1,0,0,0,0,1
LA010,2018,10,5,4,1,3,2,1,0,3,0,1,0,0,0,0,1
LA010,2018,10,5,4,1,4,1,1,0,3,0,1,0,0,0,0,1
LA010,2018,10,5,4,1,4,2,1,0,3,0,1,0,0,0,0,1
LA014,2018,10,15,1,1,10,2,1,0,2,0,10,0,5,0,0,NA
LA014,2018,10,15,1,1,11,1,1,0,2,0,10,0,5,0,0,NA
LA014,2018,10,15,1,1,11,2,1,0,2,0,10,0,5,0,0,NA
LA014,2018,10,15,1,1,12,1,1,0,2,0,10,0,0,0,0,NA
LA014,2018,10,15,1,1,12,2,1,0,2,0,8,0,0,0,0,NA
LA014,2018,10,15,1,1,13,1,1,0,2,0,10,0,0,0,0,NA
LA014,2018,10,15,1,1,13,2,1,0,2,0,10,0,0,0,0,NA
LA014,2018,10,15,1,1,14,1,1,0,2,0,10,0,0,0,0,NA
LA014,2018,10,15,1,1,14,2,1,0,2,0,10,0,0,0,0,NA
LA014,2018,10,15,1,1,15,1,1,0,2,0,10,0,0,0,0,NA
LA014,2018,10,15,1,1,15,2,1,0,2,0,10,0,0,0,0,NA
LA014,2018,10,15,1,1,16,1,1,0,2,0,10,0,0,0,0,NA
LA014,2018,10,15,1,1,16,2,1,0,2,0,10,0,0,0,0,NA
LA014,2018,10,15,1,1,17,1,1,0,2,0,10,0,0,0,0,NA
LA014,2018,10,15,1,1,17,2,10,0,9,0,2,10,1,0,0,NA
LA014,2018,10,15,1,1,18,1,10,0,9,0,2,10,1,0,0,NA
LA014,2018,10,15,1,1,18,2,10,0,9,0,2,10,1,0,0,NA
LA014,2018,10,15,1,1,19,1,1,0,2,0,8,0,0,0,0,NA
LA014,2018,10,15,1,1,19,2,1,0,2,0,10,0,0,0,0,NA
LA014,2018,10,15,1,1,20,1,1,0,2,0,10,0,0,0,0,NA
LA014,2018,10,15,1,1,20,2,1,0,2,0,10,0,0,0,0,NA
LA014,2018,10,15,1,1,21,1,1,0,2,0,10,0,0,0,0,NA
LA014,2018,10,15,1,1,21,2,1,0,2,0,10,0,0,0,0,NA
LA014,2018,10,15,1,1,22,1,1,0,2,0,10,0,0,0,0,NA
LA014,2018,10,15,1,1,22,2,1,0,2,0,10,0,0,0,0,NA
LA014,2018,10,15,1,1,23,1,1,0,2,0,10,0,0,0,0,NA
LA014,2018,10,15,1,1,23,2,1,0,2,0,1,0,0,0,0,NA
LA014,2018,10,16,2,1,0,1,1,0,2,0,1,0,0,0,0,1
LA014,2018,10,16,2,1,0,2,1,0,2,0,1,0,0,0,0,1
LA014,2018,10,16,2,1,1,1,1,0,2,0,1,0,0,0,0,1
LA014,2018,10,16,2,1,1,2,1,0,2,0,1,0,0,0,0,1
LA014,2018,10,16,2,1,2,1,1,0,2,0,1,0,0,0,0,1
LA014,2018,10,16,2,1,2,2,1,0,2,0,1,0,0,0,0,1
LA014,2018,10,16,2,1,3,1,1,0,2,0,1,0,0,0,0,1
LA014,2018,10,16,2,1,3,2,1,0,2,0,1,0,0,0,0,1
LA014,2018,10,16,2,1,4,1,1,0,2,0,1,0,0,0,0,1
LA014,2018,10,16,2,1,4,2,1,0,2,0,1,0,0,0,0,1
LA014,2018,10,16,2,1,5,1,1,0,2,0,1,0,0,0,0,1
LA014,2018,10,16,2,1,5,2,1,0,2,0,1,0,0,0,0,1
LA014,2018,10,16,2,1,6,1,1,0,2,0,1,0,0,0,0,1
LA014,2018,10,16,2,1,6,2,1,0,2,0,1,0,0,0,0,1
LA014,2018,10,16,2,1,7,1,1,0,2,0,1,0,0,0,0,1
LA014,2018,10,16,2,1,7,2,1,0,2,0,1,0,0,0,0,1
LA014,2018,10,16,2,1,8,1,1,0,2,0,1,8,0,0,0,1
LA014,2018,10,16,2,1,8,2,1,0,2,0,10,0,0,0,0,1
LA014,2018,10,16,2,1,9,1,1,0,2,0,10,0,0,0,0,1
LA014,2018,10,16,2,1,9,2,1,0,2,0,10,0,0,0,0,1
LA014,2018,10,16,2,1,10,1,1,0,2,0,10,0,0,0,0,1
LA014,2018,10,16,2,1,10,2,1,0,2,0,10,0,0,0,0,1
LA014,2018,10,16,2,1,11,1,1,0,2,0,10,0,5,0,0,1
LA014,2018,10,16,2,1,11,2,1,0,2,0,10,0,5,0,0,1
LA014,2018,10,16,2,1,12,1,1,0,2,0,8,0,0,0,0,1
LA014,2018,10,16,2,1,12,2,1,0,2,0,10,0,0,0,0,1
LA014,2018,10,16,2,1,13,1,1,0,2,0,10,0,0,0,0,1
LA014,2018,10,16,2,1,13,2,1,0,2,0,10,0,0,0,0,1
LA014,2018,10,16,2,1,14,1,1,0,2,0,10,0,0,0,0,1
LA014,2018,10,16,2,1,14,2,1,0,2,0,10,0,0,0,0,1
LA014,2018,10,16,2,1,15,1,1,0,2,0,9,0,0,0,0,1
LA014,2018,10,16,2,1,15,2,1,0,2,0,10,0,0,0,0,1
LA014,2018,10,16,2,1,16,1,1,0,2,0,10,0,0,0,0,1
LA014,2018,10,16,2,1,16,2,1,0,2,0,10,0,0,0,0,1
LA014,2018,10,16,2,1,17,1,10,0,9,0,2,1,1,5,0,1
LA014,2018,10,16,2,1,17,2,11,0,1,0,2,0,0,0,0,1
LA014,2018,10,16,2,1,18,1,8,0,4,0,8,10,2,0,0,1
LA014,2018,10,16,2,1,18,2,8,0,4,0,8,10,2,0,0,1
LA014,2018,10,16,2,1,19,1,8,0,4,0,8,10,2,0,0,1
LA014,2018,10,16,2,1,19,2,8,0,4,0,8,10,2,0,0,1
LA014,2018,10,16,2,1,20,1,8,0,4,0,8,10,2,0,0,1
LA014,2018,10,16,2,1,20,2,8,0,4,0,8,10,2,0,0,1
LA014,2018,10,16,2,1,21,1,11,0,1,0,10,0,0,0,0,1
LA014,2018,10,16,2,1,21,2,1,0,2,0,10,0,0,0,0,1
LA014,2018,10,16,2,1,22,1,1,0,2,0,10,0,0,0,0,1
LA014,2018,10,16,2,1,22,2,1,0,2,0,10,0,0,0,0,1
LA014,2018,10,16,2,1,23,1,1,0,2,0,10,0,0,0,0,1
LA014,2018,10,16,2,1,23,2,1,0,2,0,1,0,0,0,0,1
LA014,2018,10,17,3,1,0,1,1,0,2,0,1,0,0,0,0,1
LA014,2018,10,17,3,1,0,2,1,0,2,0,1,0,0,0,0,1
LA014,2018,10,17,3,1,1,1,1,0,2,0,1,0,0,0,0,1
LA014,2018,10,17,3,1,1,2,1,0,2,0,1,0,0,0,0,1
LA014,2018,10,17,3,1,2,1,1,0,2,0,1,0,0,0,0,1
LA014,2018,10,17,3,1,2,2,1,0,2,0,1,0,0,0,0,1
LA014,2018,10,17,3,1,3,1,1,0,2,0,1,0,0,0,0,1
LA014,2018,10,17,3,1,3,2,1,0,2,0,1,0,0,0,0,1
LA014,2018,10,17,3,1,4,1,1,0,2,0,1,0,0,0,0,1
LA014,2018,10,17,3,1,4,2,1,0,2,0,1,0,0,0,0,1
LA014,2018,10,17,3,1,5,1,1,0,2,0,1,0,0,0,0,1
LA014,2018,10,17,3,1,5,2,1,0,2,0,1,0,0,0,0,1
LA014,2018,10,17,3,1,6,1,1,0,2,0,1,0,0,0,0,1
LA014,2018,10,17,3,1,6,2,1,0,2,0,1,0,0,0,0,1
LA014,2018,10,17,3,1,7,1,1,0,2,0,1,0,0,0,0,1
LA014,2018,10,17,3,1,7,2,1,0,2,0,8,10,0,0,0,1
LA014,2018,10,17,3,1,8,1,1,0,2,0,10,0,5,0,0,1
LA014,2018,10,17,3,1,8,2,1,0,2,0,10,0,5,0,0,1
LA014,2018,10,17,3,1,9,1,1,0,2,0,5,10,5,8,0,1
LA014,2018,10,17,3,1,9,2,1,0,2,0,5,10,5,8,0,1
LA014,2018,10,17,3,1,10,1,1,0,2,0,10,0,5,8,0,1
LA014,2018,10,17,3,1,10,2,1,0,2,0,10,0,5,8,0,1
LA014,2018,10,17,3,1,11,1,1,0,2,0,10,0,5,8,0,1
LA020,2018,10,23,1,-999,14,1,1,0,3,0,10,0,0,0,0,0
LA020,2018,10,23,1,-999,14,2,1,0,3,0,10,64,0,0,0,1
LA020,2018,10,23,1,-999,17,1,1,0,3,0,4,0,2,0,0,0
LA020,2018,10,23,1,-999,17,2,1,0,3,0,4,0,2,0,0,0
LA020,2018,10,23,1,-999,18,1,1,0,3,0,4,0,2,0,0,0
LA020,2018,10,23,1,-999,18,2,1,0,3,0,4,0,2,0,0,0
LA020,2018,10,23,1,-999,19,1,1,0,3,0,8,0,0,0,0,0
LA020,2018,10,23,1,-999,20,1,20,0,9,0,7,7,0,0,0,1
LA020,2018,10,23,1,-999,22,1,1,0,1,0,9,0,0,0,0,1
LA020,2018,10,23,1,-999,22,2,1,0,1,0,9,0,0,0,0,1
LA020,2018,10,23,1,-999,23,1,1,0,3,0,1,0,0,0,0,1
LA020,2018,10,23,1,-999,23,2,1,0,3,0,1,0,0,0,0,1
LA020,2018,10,24,2,-999,0,1,1,0,3,0,1,0,0,0,0,1
LA020,2018,10,24,2,-999,0,2,1,0,1,0,1,0,0,0,0,0
LA020,2018,10,24,2,-999,1,1,1,0,1,0,1,0,0,0,0,0
LA020,2018,10,24,2,-999,1,2,1,0,1,0,1,0,0,0,0,0
LA020,2018,10,24,2,-999,2,1,1,0,1,0,1,0,0,0,0,0
LA020,2018,10,24,2,-999,2,2,1,0,1,0,1,0,0,0,0,0
LA020,2018,10,24,2,-999,3,1,1,0,1,0,1,0,0,0,0,0
LA020,2018,10,24,2,-999,3,2,1,0,1,0,1,0,0,0,0,0
LA020,2018,10,24,2,-999,4,1,1,0,1,0,1,0,0,0,0,0
LA020,2018,10,24,2,-999,4,2,1,0,1,0,1,0,0,0,0,0
LA020,2018,10,24,2,-999,5,1,1,0,1,0,1,0,0,0,0,0
LA020,2018,10,24,2,-999,5,2,1,0,1,0,1,0,0,0,0,0
LA020,2018,10,24,2,-999,6,1,1,0,1,0,1,0,0,0,0,0
LA020,2018,10,24,2,-999,6,2,1,0,1,0,1,0,0,0,0,0
LA020,2018,10,24,2,-999,7,1,1,0,3,0,1,11,0,0,0,0
LA020,2018,10,24,2,-999,7,2,1,0,3,0,1,0,0,0,0,0
LA020,2018,10,24,2,-999,8,1,1,0,3,0,1,0,0,0,0,0
LA020,2018,10,24,2,-999,8,2,22,0,9,0,11,0,2,0,0,0
LA020,2018,10,24,2,-999,9,1,1,0,3,0,8,0,0,0,0,1
LA020,2018,10,24,2,-999,9,2,1,0,3,0,11,0,0,0,0,-999
LA020,2018,10,24,2,-999,10,1,1,0,3,0,11,0,0,0,0,-999
LA020,2018,10,24,2,-999,10,2,1,0,3,0,11,0,0,0,0,-999
LA020,2018,10,24,2,-999,11,1,10,0,9,0,6,0,0,0,0,1
LA020,2018,10,24,2,-999,11,2,17,0,9,0,6,0,0,0,0,1
LA020,2018,10,24,2,-999,12,1,10,0,9,0,2,0,0,0,0,1
LA020,2018,10,24,2,-999,12,2,1,0,3,0,4,11,2,0,0,0
LA020,2018,10,24,2,-999,13,1,1,0,3,0,8,0,0,0,0,0
LA020,2018,10,24,2,-999,13,2,1,0,3,0,11,0,0,0,0,0
LA020,2018,10,24,2,-999,14,1,1,0,1,0,7,0,0,0,0,0
LA020,2018,10,24,2,-999,14,2,1,0,3,0,10,0,0,0,0,1
LA020,2018,10,24,2,-999,15,1,1,0,3,0,10,0,0,0,0,1
LA020,2018,10,24,2,-999,15,2,1,0,3,0,10,0,0,0,0,1
LA020,2018,10,24,2,-999,16,1,10,0,9,0,6,0,0,0,0,1
LA020,2018,10,24,2,-999,16,2,1,0,3,0,11,0,0,0,0,1
LA020,2018,10,24,2,-999,17,1,1,0,3,0,4,0,2,0,0,1
LA020,2018,10,24,2,-999,17,2,1,0,3,0,4,0,2,0,0,1
LA020,2018,10,24,2,-999,18,1,1,0,3,0,4,0,2,0,0,1
LA020,2018,10,24,2,-999,18,2,1,0,3,0,4,0,0,0,0,1
LA020,2018,10,24,2,-999,19,1,1,0,3,0,4,0,0,0,0,1
LA020,2018,10,24,2,-999,19,2,1,0,3,0,4,0,0,0,0,1
LA020,2018,10,24,2,-999,20,1,1,0,3,0,8,0,0,0,0,1
LA020,2018,10,24,2,-999,20,2,20,0,9,0,7,0,0,0,0,1
LA020,2018,10,24,2,-999,21,1,20,0,9,0,7,0,0,0,0,1
LA020,2018,10,24,2,-999,21,2,1,0,3,0,9,0,0,0,0,1
LA020,2018,10,24,2,-999,22,1,1,0,3,0,4,0,2,0,0,1
LA020,2018,10,24,2,-999,22,2,1,0,3,0,4,0,2,0,0,1
LA020,2018,10,24,2,-999,23,1,1,0,3,0,10,0,0,0,0,1
LA020,2018,10,24,2,-999,23,2,1,0,3,0,10,0,0,0,0,1
LA020,2018,10,25,3,-999,0,1,1,0,3,0,10,0,0,0,0,1
LA020,2018,10,25,3,-999,0,2,1,0,3,0,10,0,0,0,0,1
LA020,2018,10,25,3,-999,1,1,1,0,1,0,1,0,0,0,0,1
LA020,2018,10,25,3,-999,1,2,1,0,1,0,1,0,0,0,0,1
LA020,2018,10,25,3,-999,2,1,1,0,1,0,1,0,0,0,0,1
LA020,2018,10,25,3,-999,2,2,1,0,1,0,1,0,0,0,0,1
LA020,2018,10,25,3,-999,3,1,1,0,1,0,1,0,0,0,0,1
LA020,2018,10,25,3,-999,3,2,1,0,1,0,1,0,0,0,0,1
LA020,2018,10,25,3,-999,4,1,1,0,1,0,1,0,0,0,0,1
LA020,2018,10,25,3,-999,4,2,1,0,1,0,1,0,0,0,0,1
LA020,2018,10,25,3,-999,5,1,1,0,1,0,1,0,0,0,0,1
LA020,2018,10,25,3,-999,5,2,1,0,1,0,1,0,0,0,0,1
LA020,2018,10,25,3,-999,6,1,1,0,1,0,1,0,0,0,0,1
LA020,2018,10,25,3,-999,6,2,1,0,1,0,1,0,0,0,0,1
LA020,2018,10,25,3,-999,7,1,1,0,1,0,1,0,0,0,0,1
LA020,2018,10,25,3,-999,7,2,1,0,1,0,1,0,0,0,0,1
LA020,2018,10,25,3,-999,8,1,1,0,1,0,1,0,0,0,0,1
LA020,2018,10,25,3,-999,8,2,1,0,3,0,9,8,0,0,0,1
LA020,2018,10,25,3,-999,9,1,1,0,3,0,11,0,0,0,0,1
LA020,2018,10,25,3,-999,9,2,1,0,1,0,1,0,0,0,0,1
LA020,2018,10,25,3,-999,10,1,1,0,1,0,1,0,0,0,0,1
LA020,2018,10,25,3,-999,10,2,10,0,9,0,2,0,1,0,0,1
LA020,2018,10,25,3,-999,11,1,6,0,4,0,64,0,0,0,0,1
LA020,2018,10,25,3,-999,11,2,6,0,4,0,64,0,0,0,0,1
LA020,2018,10,25,3,-999,12,1,10,0,9,0,2,0,1,0,0,1
LA020,2018,10,25,3,-999,12,2,1,0,3,0,11,4,2,0,0,1
LA020,2018,10,25,3,-999,13,1,1,0,3,0,8,10,0,0,0,1
LA020,2018,10,25,3,-999,13,2,1,0,3,0,11,0,0,0,0,1
LA020,2018,10,25,3,-999,14,1,1,0,3,0,10,0,0,0,0,1
LA020,2018,10,25,3,-999,14,2,1,0,3,0,10,0,0,0,0,1
LA020,2018,10,25,3,-999,15,1,10,0,9,0,10,0,0,0,0,1
LA020,2018,10,25,3,-999,15,2,10,0,9,0,10,0,0,0,0,1
LA020,2018,10,25,3,-999,16,1,1,0,3,0,10,0,0,0,0,1
LA020,2018,10,25,3,-999,16,2,1,0,3,0,10,0,0,0,0,1
LA020,2018,10,25,3,-999,17,1,1,0,3,0,4,0,0,0,0,1
LA020,2018,10,25,3,-999,17,2,1,0,3,0,4,0,2,0,0,1
LA020,2018,10,25,3,-999,18,1,1,0,3,0,4,0,2,0,0,1
LA020,2018,10,25,3,-999,18,2,1,0,3,0,4,0,2,0,0,1
LA020,2018,10,25,3,-999,19,1,1,0,3,0,11,0,0,0,0,1
LA020,2018,10,25,3,-999,19,2,1,0,3,0,11,0,0,0,0,1
LA020,2018,10,25,3,-999,20,1,1,0,3,0,8,0,0,0,0,1
LA020,2018,10,25,3,-999,20,2,20,0,9,0,7,0,0,1,0,1
LA020,2018,10,25,3,-999,21,1,20,0,9,0,7,0,0,0,0,1
LA020,2018,10,25,3,-999,21,2,1,0,3,0,9,0,0,0,0,1
LA020,2018,10,25,3,-999,22,1,1,0,3,0,10,0,0,0,0,1
LA020,2018,10,25,3,-999,22,2,1,0,3,0,10,0,0,0,0,1
LA020,2018,10,25,3,-999,23,1,1,0,3,0,10,0,0,0,0,1
LA020,2018,10,25,3,-999,23,2,1,0,3,0,10,0,0,0,0,1
LA020,2018,10,26,4,-999,0,1,1,0,1,0,1,0,0,0,0,1
LA020,2018,10,26,4,-999,0,2,1,0,1,0,1,0,0,0,0,1
LA021,2018,10,22,1,1,14,2,1,0,3,0,10,0,0,0,0,0
LA021,2018,10,22,1,1,15,1,1,0,3,0,10,0,0,0,0,1
LA021,2018,10,22,1,1,15,2,2,0,2,0,10,0,0,0,0,1
LA021,2018,10,22,1,1,16,1,2,0,2,0,10,0,0,0,0,1
LA021,2018,10,22,1,1,16,2,2,0,2,0,10,0,0,0,0,1
LA021,2018,10,22,1,1,17,1,1,0,3,0,10,0,0,0,0,1
LA021,2018,10,22,1,1,17,2,16,0,9,0,2,7,1,0,0,1
LA021,2018,10,22,1,1,18,1,21,0,9,0,7,10,0,0,0,1
LA021,2018,10,22,1,1,18,2,1,0,3,0,10,0,0,0,0,1
LA021,2018,10,22,1,1,19,1,1,0,3,0,10,0,0,0,0,1
LA021,2018,10,22,1,1,19,2,1,0,3,0,10,0,0,0,0,1
LA021,2018,10,22,1,1,20,1,1,0,3,0,10,0,0,0,0,1
LA021,2018,10,22,1,1,20,2,8,0,4,0,6,0,0,0,0,1
LA021,2018,10,22,1,1,21,1,8,0,4,0,6,0,0,0,0,1
LA021,2018,10,22,1,1,21,2,1,0,3,0,10,0,0,0,0,1
LA021,2018,10,22,1,1,22,1,1,0,3,0,10,0,0,0,0,1
LA021,2018,10,22,1,1,22,2,1,0,3,0,10,0,0,0,0,1
LA021,2018,10,22,1,1,23,1,1,0,3,0,10,0,0,0,0,1
LA021,2018,10,22,1,1,23,2,1,0,3,0,10,0,0,0,0,1
LA021,2018,10,23,2,1,0,1,1,0,1,0,1,0,0,0,0,1
LA021,2018,10,23,2,1,0,2,1,0,1,0,1,0,0,0,0,1
LA021,2018,10,23,2,1,1,1,1,0,1,0,1,0,0,0,0,1
LA021,2018,10,23,2,1,1,2,1,0,1,0,1,0,0,0,0,1
LA021,2018,10,23,2,1,2,1,1,0,1,0,1,0,0,0,0,1
LA021,2018,10,23,2,1,2,2,1,0,1,0,1,0,0,0,0,1
LA021,2018,10,23,2,1,3,1,1,0,1,0,1,0,0,0,0,1
LA021,2018,10,23,2,1,3,2,1,0,1,0,1,0,0,0,0,1
LA021,2018,10,23,2,1,4,1,1,0,1,0,1,0,0,0,0,1
LA021,2018,10,23,2,1,4,2,1,0,1,0,1,0,0,0,0,1
LA021,2018,10,23,2,1,5,1,1,0,1,0,1,0,0,0,0,1
LA021,2018,10,23,2,1,5,2,1,0,1,0,1,0,0,0,0,1
LA021,2018,10,23,2,1,6,1,1,0,1,0,1,0,0,0,0,1
LA021,2018,10,23,2,1,6,2,1,0,1,0,1,0,0,0,0,1
LA021,2018,10,23,2,1,7,1,1,0,1,0,1,0,0,0,0,1
LA021,2018,10,23,2,1,7,2,1,0,1,0,1,0,0,0,0,1
LA021,2018,10,23,2,1,8,1,1,0,3,0,11,0,0,0,0,1
LA021,2018,10,23,2,1,8,2,1,0,3,0,5,11,5,0,0,1
LA021,2018,10,23,2,1,9,1,1,0,3,0,5,11,5,0,0,1
LA021,2018,10,23,2,1,9,2,1,0,3,0,10,11,0,0,0,1
LA021,2018,10,23,2,1,10,1,1,0,3,0,10,11,0,0,0,1
LA021,2018,10,23,2,1,10,2,1,0,3,0,10,11,0,0,0,1
LA021,2018,10,23,2,1,11,1,22,0,9,0,10,6,0,0,0,1
LA021,2018,10,23,2,1,11,2,22,0,9,0,10,6,0,0,0,1
LA021,2018,10,23,2,1,12,1,22,0,9,0,10,6,0,0,0,1
LA021,2018,10,23,2,1,12,2,22,0,9,0,10,0,0,0,0,1
LA021,2018,10,23,2,1,13,1,1,0,3,0,8,10,0,0,0,1
LA021,2018,10,23,2,1,13,2,1,0,3,0,8,10,0,0,0,1
LA021,2018,10,23,2,1,14,1,22,0,9,0,11,0,0,0,0,1
LA021,2018,10,23,2,1,14,2,22,0,9,0,11,0,0,11,0,1
LA021,2018,10,23,2,1,15,1,2,0,1,0,10,0,0,0,0,1
LA021,2018,10,23,2,1,15,2,2,0,1,0,10,0,0,0,0,1
LA021,2018,10,23,2,1,16,1,2,0,1,0,10,0,0,0,0,1
LA021,2018,10,23,2,1,16,2,2,0,1,0,10,0,0,0,0,1
LA021,2018,10,23,2,1,17,1,8,0,4,0,6,0,0,0,0,1
LA021,2018,10,23,2,1,17,2,1,0,3,0,5,4,0,0,0,1
LA021,2018,10,23,2,1,18,1,1,0,3,0,5,4,0,0,0,1
LA021,2018,10,23,2,1,18,2,1,0,3,0,10,0,0,0,0,1
LA021,2018,10,23,2,1,19,1,63,0,9,0,6,0,0,0,0,1
LA021,2018,10,23,2,1,19,2,63,0,9,0,11,0,1,11,0,1
LA021,2018,10,23,2,1,20,1,1,0,3,0,8,10,0,0,0,1
LA021,2018,10,23,2,1,20,2,1,0,3,0,8,10,0,0,0,1
LA021,2018,10,23,2,1,21,1,8,0,4,0,6,10,0,0,0,1
LA021,2018,10,23,2,1,21,2,8,0,4,0,6,10,0,0,0,1
LA021,2018,10,23,2,1,22,1,8,0,4,0,6,10,0,0,0,1
LA021,2018,10,23,2,1,22,2,1,0,3,0,9,0,0,0,0,1
LA021,2018,10,23,2,1,23,1,1,0,3,0,10,0,0,0,0,1
LA021,2018,10,23,2,1,23,2,1,0,3,0,10,0,0,0,0,1
LA021,2018,10,24,3,1,0,1,1,0,1,0,1,0,0,0,0,1
LA021,2018,10,24,3,1,0,2,1,0,1,0,1,0,0,0,0,1
LA021,2018,10,24,3,1,1,1,1,0,1,0,1,0,0,0,0,1
LA021,2018,10,24,3,1,1,2,1,0,1,0,1,0,0,0,0,1
LA021,2018,10,24,3,1,2,1,1,0,1,0,1,0,0,0,0,1
LA021,2018,10,24,3,1,2,2,1,0,1,0,1,0,0,0,0,1
LA021,2018,10,24,3,1,3,1,1,0,1,0,1,0,0,0,0,1
LA021,2018,10,24,3,1,3,2,1,0,1,0,1,0,0,0,0,1
LA021,2018,10,24,3,1,4,1,1,0,1,0,1,0,0,0,0,1
LA021,2018,10,24,3,1,4,2,1,0,1,0,1,0,0,0,0,1
LA021,2018,10,24,3,1,5,1,1,0,1,0,1,0,0,0,0,1
LA021,2018,10,24,3,1,5,2,1,0,1,0,1,0,0,0,0,1
LA021,2018,10,24,3,1,6,1,1,0,1,0,1,0,0,0,0,1
LA021,2018,10,24,3,1,6,2,1,0,1,0,1,0,0,0,0,1
LA021,2018,10,24,3,1,7,1,1,0,1,0,1,0,0,0,0,1
LA021,2018,10,24,3,1,7,2,1,0,1,0,1,0,0,0,0,1
LA021,2018,10,24,3,1,8,1,1,0,1,0,1,0,0,0,0,1
LA021,2018,10,24,3,1,8,2,1,0,1,0,1,0,0,0,0,1
LA021,2018,10,24,3,1,9,1,1,0,3,0,11,0,0,0,0,1
LA021,2018,10,24,3,1,9,2,1,0,3,0,11,0,0,0,0,1
LA021,2018,10,24,3,1,10,1,1,0,3,0,5,0,5,0,0,1
LA021,2018,10,24,3,1,10,2,1,0,3,0,5,0,5,0,0,1
LA021,2018,10,24,3,1,11,1,1,0,3,0,10,0,0,0,0,1
LA021,2018,10,24,3,1,11,2,1,0,3,0,10,0,0,0,0,1
LA021,2018,10,24,3,1,12,1,8,0,4,0,6,10,0,0,0,1
LA021,2018,10,24,3,1,12,2,8,0,4,0,6,10,0,0,0,1
LA021,2018,10,24,3,1,13,1,8,0,4,0,6,10,0,0,0,1
LA021,2018,10,24,3,1,13,2,1,0,3,0,11,0,0,0,0,1
LA021,2018,10,24,3,1,14,1,1,0,3,0,10,0,0,0,0,1
LA021,2018,10,24,3,1,14,2,1,0,3,0,10,11,0,0,0,1
LA021,2018,10,24,3,1,15,1,2,0,3,0,10,0,0,0,0,1
LA021,2018,10,24,3,1,15,2,2,0,3,0,10,0,0,0,0,1
LA021,2018,10,24,3,1,16,1,2,0,3,0,10,0,0,0,0,1
LA021,2018,10,24,3,1,16,2,2,0,3,0,10,0,0,0,0,1
LA021,2018,10,24,3,1,17,1,1,0,4,0,5,0,0,5,0,1
LA021,2018,10,24,3,1,17,2,21,0,9,0,7,0,0,0,0,1
LA021,2018,10,24,3,1,18,1,21,0,9,0,7,0,0,0,0,1
LA021,2018,10,24,3,1,18,2,1,0,3,0,4,0,0,0,0,1
LA021,2018,10,24,3,1,19,1,1,0,3,0,8,0,0,0,0,1
LA021,2018,10,24,3,1,19,2,1,0,3,0,10,0,0,0,0,1
LA021,2018,10,24,3,1,20,1,1,0,3,0,10,0,0,0,0,1
LA021,2018,10,24,3,1,20,2,8,0,4,0,6,10,0,0,0,1
LA021,2018,10,24,3,1,21,1,8,0,4,0,6,10,0,0,0,1
LA021,2018,10,24,3,1,21,2,8,0,4,0,6,10,0,0,0,1
LA021,2018,10,24,3,1,22,1,1,0,1,0,9,0,0,0,0,1
LA021,2018,10,24,3,1,22,2,1,0,3,0,10,0,0,0,0,1
LA021,2018,10,24,3,1,23,1,1,0,3,0,10,0,0,0,0,1
LA021,2018,10,24,3,1,23,2,1,0,3,0,10,0,0,0,0,1
LA026,2018,10,1,1,-999,7,2,1,0,2,0,10,9,5,0,0,-999
LA026,2018,10,1,1,-999,8,1,16,0,9,0,7,0,0,0,0,-999
LA026,2018,10,1,1,-999,8,2,16,0,7,0,7,0,1,3,0,-999
LA026,2018,10,1,1,-999,9,1,1,0,3,0,10,0,1,0,0,-999
LA026,2018,10,1,1,-999,9,2,1,0,3,0,10,0,1,0,0,-999
LA026,2018,10,1,1,-999,10,1,1,0,3,0,10,0,1,0,0,-999
LA026,2018,10,1,1,-999,10,2,1,0,3,0,10,0,1,0,0,-999
LA026,2018,10,1,1,-999,11,1,1,0,3,0,10,0,1,0,0,-999
LA026,2018,10,1,1,-999,11,2,1,0,3,0,10,0,1,0,0,-999
LA026,2018,10,1,1,-999,12,1,1,0,3,0,10,0,1,0,0,-999
LA026,2018,10,1,1,-999,12,2,2,0,3,0,8,10,1,0,0,1
LA026,2018,10,1,1,-999,13,1,2,0,3,0,8,10,1,0,0,1
LA026,2018,10,1,1,-999,13,2,2,0,3,0,8,10,1,0,0,1
LA026,2018,10,1,1,-999,14,2,2,0,1,0,10,0,0,5,0,1
LA026,2018,10,1,1,-999,15,1,2,0,1,0,10,0,0,5,0,1
LA026,2018,10,1,1,-999,15,2,2,0,1,0,10,0,0,5,0,1
LA026,2018,10,1,1,-999,16,1,2,0,1,0,10,0,0,5,0,1
LA026,2018,10,1,1,-999,16,2,2,0,1,0,10,0,0,5,0,1
LA026,2018,10,1,1,-999,17,1,1,0,3,0,1,10,1,2,0,1
LA026,2018,10,1,1,-999,17,2,1,0,3,0,8,10,1,2,0,1
LA026,2018,10,1,1,-999,18,1,1,0,3,0,8,10,1,2,0,1
LA026,2018,10,1,1,-999,18,2,1,0,3,0,8,10,1,2,0,1
LA026,2018,10,1,1,-999,19,1,1,0,3,0,10,0,0,0,0,1
LA026,2018,10,1,1,-999,19,2,1,0,3,0,10,0,0,0,0,1
LA026,2018,10,1,1,-999,20,1,1,0,3,0,10,0,0,0,0,1
LA026,2018,10,1,1,-999,20,2,1,0,3,0,10,0,0,0,0,1
LA026,2018,10,1,1,-999,21,1,1,0,1,0,9,0,0,0,0,1
LA026,2018,10,1,1,-999,21,2,1,0,1,0,9,0,0,0,0,1
LA026,2018,10,1,1,-999,22,1,1,0,1,0,9,0,0,0,0,1
LA026,2018,10,1,1,-999,22,2,1,0,1,0,9,0,0,0,0,1
LA026,2018,10,1,1,-999,23,1,1,0,1,0,9,0,0,0,0,1
LA026,2018,10,1,1,-999,23,2,1,0,1,0,9,0,0,0,0,1
LA026,2018,10,2,2,1,0,1,1,0,1,0,9,0,0,0,0,1
LA026,2018,10,2,2,1,0,2,1,0,1,0,9,0,0,0,0,1
LA026,2018,10,2,2,1,1,1,1,0,1,0,9,0,0,0,0,1
LA026,2018,10,2,2,1,1,2,1,0,1,0,9,0,0,0,0,1
LA026,2018,10,2,2,1,2,1,1,0,1,0,9,0,0,0,0,1
LA026,2018,10,2,2,1,2,2,1,0,1,0,9,0,0,0,0,1
LA026,2018,10,2,2,1,3,1,1,0,1,0,9,0,0,0,0,1
LA026,2018,10,2,2,1,3,2,1,0,1,0,9,0,0,0,0,1
LA026,2018,10,2,2,1,4,1,1,0,1,0,9,0,0,0,0,1
LA026,2018,10,2,2,1,4,2,1,0,1,0,9,0,0,0,0,1
LA026,2018,10,2,2,1,5,1,16,0,9,0,7,0,1,3,0,1
LA026,2018,10,2,2,1,5,2,16,0,9,0,7,0,4,11,0,1
LA026,2018,10,2,2,1,6,1,16,0,9,0,7,0,5,1,0,1
LA026,2018,10,2,2,1,6,2,1,0,3,0,10,0,0,0,0,1
LA026,2018,10,2,2,1,7,1,1,0,3,0,3,8,9,0,0,1
LA026,2018,10,2,2,1,7,2,1,0,3,0,10,1,9,0,0,1
LA026,2018,10,2,2,1,8,1,1,0,3,0,10,1,9,0,0,1
LA026,2018,10,2,2,1,8,2,1,0,3,0,10,1,9,0,0,1
LA026,2018,10,2,2,1,9,1,1,0,3,0,10,1,9,0,0,1
LA026,2018,10,2,2,1,10,1,61,0,1,0,1,0,0,2,0,1
LA026,2018,10,2,2,1,10,2,1,0,3,0,3,0,2,0,0,1
LA026,2018,10,2,2,1,11,1,1,0,3,0,2,3,1,0,0,1
LA026,2018,10,2,2,1,11,2,1,0,3,0,1,1,0,0,0,1
LA026,2018,10,2,2,1,12,2,1,0,3,0,8,0,0,0,0,1
LA026,2018,10,2,2,1,13,1,1,0,3,0,10,0,0,0,0,1
LA026,2018,10,2,2,1,15,1,1,0,3,0,4,0,2,0,0,1
LA026,2018,10,2,2,1,15,2,1,0,3,0,3,0,2,0,0,1
LA026,2018,10,2,2,1,16,1,1,0,3,0,3,0,2,0,0,1
LA026,2018,10,2,2,1,16,2,1,0,3,0,3,0,2,0,0,1
LA026,2018,10,2,2,1,17,1,1,0,3,0,3,0,2,0,0,1
LA026,2018,10,2,2,1,17,2,1,0,3,0,3,0,2,0,0,1
LA026,2018,10,2,2,1,18,1,1,0,3,0,3,0,2,0,0,1
LA026,2018,10,2,2,1,18,2,1,0,3,0,3,0,2,0,0,1
LA026,2018,10,2,2,1,19,1,1,0,3,0,4,0,2,0,0,1
LA026,2018,10,2,2,1,19,2,1,0,3,0,8,0,0,0,0,1
LA026,2018,10,2,2,1,20,2,1,0,1,0,9,0,0,0,0,1
LA026,2018,10,2,2,1,21,1,1,0,1,0,1,0,0,0,0,1
LA026,2018,10,2,2,1,23,2,1,0,1,0,1,0,0,0,0,1
LA026,2018,10,3,3,1,0,1,1,0,1,0,1,0,0,0,0,1
LA026,2018,10,3,3,1,0,2,1,0,1,0,1,0,0,0,0,1
LA026,2018,10,3,3,1,1,1,1,0,1,0,1,0,0,0,0,1
LA026,2018,10,3,3,1,1,2,1,0,1,0,1,0,0,0,0,1
LA026,2018,10,3,3,1,2,1,1,0,1,0,1,0,0,0,0,1
LA026,2018,10,3,3,1,2,2,1,0,1,0,1,0,0,0,0,1
LA026,2018,10,3,3,1,3,1,1,0,1,0,1,0,0,0,0,1
LA026,2018,10,3,3,1,3,2,1,0,1,0,1,0,0,0,0,1
LA026,2018,10,3,3,1,4,1,1,0,1,0,1,0,0,0,0,1
LA026,2018,10,3,3,1,4,2,1,0,1,0,1,0,0,0,0,1
LA026,2018,10,3,3,1,5,1,63,0,9,0,7,0,1,5,0,1
LA026,2018,10,3,3,1,5,2,63,0,9,0,7,1,4,1,0,1
LA026,2018,10,3,3,1,6,1,4,0,3,0,8,0,2,0,0,1
LA026,2018,10,3,3,1,6,2,4,0,3,0,8,0,2,0,0,1
LA026,2018,10,3,3,1,7,1,1,0,3,0,10,0,0,0,0,1
LA026,2018,10,3,3,1,8,1,1,0,3,0,0,10,0,0,0,1
LA026,2018,10,3,3,1,9,1,1,0,3,0,4,0,2,0,0,1
LA026,2018,10,3,3,1,9,2,1,0,3,0,4,0,2,0,0,1
LA026,2018,10,3,3,1,10,1,1,0,3,0,4,0,2,0,0,1
LA026,2018,10,3,3,1,10,2,1,0,3,0,4,0,2,0,0,1
LA026,2018,10,3,3,1,11,1,1,0,3,0,4,0,2,0,0,1
LA026,2018,10,3,3,1,11,2,1,0,3,0,4,0,2,0,0,1
LA026,2018,10,3,3,1,13,1,8,0,4,0,10,64,0,0,0,1
LA026,2018,10,3,3,1,14,1,61,0,4,0,10,0,0,0,0,1
LA026,2018,10,3,3,1,15,1,6,0,4,0,64,0,0,0,0,1
LA026,2018,10,3,3,1,17,1,1,0,3,0,4,0,2,0,0,0
LA026,2018,10,3,3,1,18,1,1,0,2,0,10,0,0,0,0,1
LA026,2018,10,3,3,1,18,2,1,0,2,0,10,0,0,0,0,1
LA026,2018,10,3,3,1,19,1,1,0,2,0,10,0,0,0,0,1
LA026,2018,10,3,3,1,19,2,1,0,2,0,11,0,0,0,0,1
LA026,2018,10,3,3,1,20,1,1,0,2,0,8,0,0,0,0,1
LA026,2018,10,3,3,1,20,2,1,0,3,0,3,0,2,0,0,-999
LA026,2018,10,3,3,1,21,1,1,0,1,0,1,0,0,0,0,1
LA026,2018,10,3,3,1,21,2,1,0,2,0,11,0,0,0,0,1
LA026,2018,10,3,3,1,22,1,1,0,3,0,2,0,0,0,0,1
LA026,2018,10,3,3,1,22,2,1,0,3,0,10,0,0,0,0,1
LA026,2018,10,3,3,1,23,1,1,0,1,0,1,0,0,0,0,1
LA026,2018,10,3,3,1,23,2,1,0,1,0,1,0,0,0,0,1
LA001,2019,3,7,4,1,4,2,1,0,3,0,1,0,0,0,0,1
LA001,2019,3,7,4,1,5,1,1,0,3,0,1,0,0,0,0,1
LA001,2019,3,7,4,1,5,2,1,0,3,0,1,0,0,0,0,1
LA001,2019,3,7,4,1,6,1,1,0,3,0,4,0,2,0,0,1
LA001,2019,3,7,4,1,6,2,1,0,3,0,8,0,0,2,0,1
LA001,2019,3,7,4,1,7,1,1,0,3,0,10,0,0,0,0,1
LA001,2019,3,7,4,1,7,2,1,0,3,0,7,0,0,0,0,1
LA001,2019,3,7,4,1,8,1,1,0,3,0,10,0,0,0,0,1
LA001,2019,3,7,4,1,8,2,1,0,3,0,10,0,0,0,0,1
LA001,2019,3,7,4,1,9,1,1,0,3,0,10,0,0,0,0,1
LA001,2019,3,7,4,1,9,2,1,0,3,0,10,0,0,0,0,1
LA001,2019,3,7,4,1,10,1,1,0,3,0,10,0,0,0,0,1
LA001,2019,3,7,4,1,10,2,1,0,3,0,10,0,0,0,0,1
LA001,2019,3,7,4,1,11,1,1,0,3,0,4,0,2,0,0,1
LA001,2019,3,7,4,1,11,2,1,0,3,0,8,0,0,2,0,1
LA001,2019,3,7,4,1,12,1,1,0,3,0,10,0,0,0,0,1
LA001,2019,3,7,4,1,12,2,1,0,3,0,10,0,0,0,0,1
LA001,2019,3,7,4,1,13,1,1,0,3,0,1,0,0,0,0,1
LA001,2019,3,7,4,1,13,2,1,0,3,0,1,0,0,0,0,1
LA001,2019,3,7,4,1,14,1,3,0,3,0,3,0,0,0,0,1
LA001,2019,3,7,4,1,14,2,3,0,3,0,3,0,0,0,0,1
LA001,2019,3,7,4,1,15,1,3,0,3,0,3,0,0,0,0,1
LA001,2019,3,7,4,1,15,2,3,0,3,0,3,0,0,0,0,1
LA001,2019,3,7,4,1,16,1,3,0,3,0,3,0,0,0,0,1
LA001,2019,3,7,4,1,16,2,3,0,3,0,3,0,0,0,0,1
LA001,2019,3,7,4,1,17,1,3,0,3,0,3,0,0,0,0,1
LA001,2019,3,7,4,1,17,2,3,0,3,0,3,0,0,0,0,1
LA001,2019,3,7,4,1,18,1,3,0,3,0,3,0,0,0,0,1
LA001,2019,3,7,4,1,18,2,3,0,3,0,3,0,0,0,0,1
LA001,2019,3,7,4,1,19,1,1,0,3,0,8,0,0,2,0,1
LA001,2019,3,7,4,1,19,2,1,0,3,0,10,0,0,0,0,1
LA001,2019,3,7,4,1,20,1,1,0,3,0,10,0,0,0,0,1
LA001,2019,3,7,4,1,20,2,1,0,3,0,10,0,0,0,0,1
LA001,2019,3,7,4,1,21,1,1,0,3,0,10,0,0,0,0,1
LA001,2019,3,7,4,1,21,2,1,0,3,0,10,0,0,0,0,1
LA001,2019,3,7,4,1,22,1,1,0,3,0,10,0,0,0,0,1
LA001,2019,3,7,4,1,22,2,1,0,3,0,10,0,0,0,0,1
LA001,2019,3,7,4,1,23,1,1,0,3,0,9,0,65,0,0,1
LA001,2019,3,7,4,1,23,2,1,0,3,0,1,0,0,0,0,1
LA001,2019,3,8,5,1,0,1,1,0,3,0,1,0,0,0,0,1
LA001,2019,3,8,5,1,0,2,1,0,3,0,1,0,0,0,0,1
LA001,2019,3,8,5,1,1,1,1,0,3,0,1,0,0,0,0,1
LA001,2019,3,8,5,1,1,2,1,0,3,0,1,0,0,0,0,1
LA001,2019,3,8,5,1,2,1,1,0,3,0,1,0,0,0,0,1
LA001,2019,3,8,5,1,2,2,1,0,3,0,1,0,0,0,0,1
LA001,2019,3,8,5,1,3,1,1,0,3,0,1,0,0,0,0,1
LA001,2019,3,8,5,1,3,2,1,0,3,0,1,0,0,0,0,1
LA001,2019,3,8,5,1,4,1,1,0,3,0,1,0,0,0,0,1
LA001,2019,3,8,5,1,4,2,1,0,3,0,1,0,0,0,0,1
LA001,2019,3,8,5,1,5,1,1,0,3,0,1,0,0,0,0,1
LA001,2019,3,8,5,1,5,2,1,0,3,0,1,0,0,0,0,1
LA001,2019,3,8,5,1,6,1,1,0,3,0,4,0,0,2,0,1
LA001,2019,3,8,5,1,6,2,1,0,3,0,8,0,0,0,0,1
LA001,2019,3,8,5,1,7,1,1,0,3,0,7,0,0,0,0,1
LA001,2019,3,8,5,1,7,2,1,0,3,0,9,0,65,0,0,1
LA001,2019,3,8,5,1,8,1,1,0,3,0,10,0,0,0,0,1
LA001,2019,3,8,5,1,8,2,1,0,3,0,10,0,0,0,0,1
LA001,2019,3,8,5,1,9,1,16,0,9,0,10,0,0,0,0,1
LA001,2019,3,8,5,1,9,2,6,8,4,4,64,0,65,0,0,1
LA001,2019,3,8,5,1,10,1,1,0,1,0,10,0,0,0,0,1
LA001,2019,3,8,5,1,10,2,1,0,1,0,10,0,0,0,0,1
LA001,2019,3,8,5,1,11,1,1,0,1,0,10,0,2,0,0,1
LA001,2019,3,8,5,1,11,2,1,0,1,0,8,0,0,2,0,1
LA001,2019,3,8,5,1,12,1,16,0,9,0,2,0,1,0,0,1
LA001,2019,3,8,5,1,12,2,1,0,3,0,10,0,0,0,0,1
LA001,2019,3,8,5,1,13,1,1,0,3,0,10,0,0,0,0,1
LA001,2019,3,8,5,1,13,2,1,0,3,0,1,0,0,0,0,1
LA001,2019,3,8,5,1,14,1,3,0,3,0,3,0,0,0,0,1
LA001,2019,3,8,5,1,14,2,3,0,3,0,3,0,0,0,0,1
LA001,2019,3,8,5,1,15,1,3,0,3,0,3,0,0,0,0,1
LA001,2019,3,8,5,1,15,2,3,0,3,0,3,0,0,0,0,1
LA001,2019,3,8,5,1,16,1,3,0,3,0,3,0,0,0,0,1
LA001,2019,3,8,5,1,16,2,3,0,3,0,3,0,0,0,0,1
LA001,2019,3,8,5,1,17,1,3,0,3,0,3,0,0,0,0,1
LA001,2019,3,8,5,1,17,2,3,0,3,0,3,0,0,0,0,1
LA001,2019,3,8,5,1,18,1,3,0,3,0,3,0,0,0,0,1
LA001,2019,3,8,5,1,18,2,3,0,3,0,3,0,0,0,0,1
LA001,2019,3,8,5,1,19,1,1,0,2,0,4,0,2,0,0,1
LA001,2019,3,8,5,1,19,2,1,0,2,0,4,0,2,0,0,1
LA001,2019,3,8,5,1,20,1,1,0,2,0,8,0,2,0,0,1
LA001,2019,3,8,5,1,20,2,1,0,2,0,10,0,2,0,0,1
LA001,2019,3,8,5,1,21,1,1,0,3,0,10,0,0,0,0,1
LA001,2019,3,8,5,1,21,2,1,0,3,0,10,0,0,0,0,1
LA001,2019,3,8,5,1,22,1,1,0,3,0,10,0,0,0,0,1
LA001,2019,3,8,5,1,22,2,1,0,3,0,10,0,0,0,0,1
LA001,2019,3,8,5,1,23,1,1,0,3,0,9,0,65,0,0,1
LA001,2019,3,8,5,1,23,2,1,0,3,0,1,0,0,0,0,1
LA001,2019,3,9,6,0,0,1,1,0,3,0,1,0,0,0,0,1
LA001,2019,3,9,6,0,0,2,1,0,3,0,1,0,0,0,0,1
LA001,2019,3,9,6,0,1,1,1,0,3,0,1,0,0,0,0,1
LA001,2019,3,9,6,0,1,2,1,0,3,0,1,0,0,0,0,1
LA001,2019,3,9,6,0,2,1,1,0,3,0,1,0,0,0,0,1
LA001,2019,3,9,6,0,2,2,1,0,3,0,1,0,0,0,0,1
LA001,2019,3,9,6,0,3,1,1,0,3,0,1,0,0,0,0,1
LA001,2019,3,9,6,0,3,2,1,0,3,0,1,0,0,0,0,1
LA001,2019,3,9,6,0,4,1,1,0,3,0,1,0,0,0,0,1
LA001,2019,3,9,6,0,4,2,1,0,3,0,1,0,0,0,0,1
LA001,2019,3,9,6,0,5,1,1,0,3,0,1,0,0,0,0,1
LA001,2019,3,9,6,0,5,2,1,0,3,0,1,0,0,0,0,1
LA001,2019,3,9,6,0,6,1,1,0,3,0,1,0,0,0,0,1
LA001,2019,3,9,6,0,6,2,1,0,3,0,1,0,0,0,0,1
LA001,2019,3,9,6,0,7,1,1,0,3,0,1,0,0,0,0,1
LA001,2019,3,9,6,0,7,2,1,0,3,0,1,0,0,0,0,1
LA001,2019,3,9,6,0,8,1,1,0,3,0,8,0,2,0,0,1
LA001,2019,3,9,6,0,8,2,1,0,3,0,10,0,0,0,0,1
LA001,2019,3,9,6,0,9,1,1,0,3,0,10,0,0,0,0,1
LA001,2019,3,9,6,0,9,2,1,0,3,0,10,0,0,0,0,1
LA001,2019,3,9,6,0,10,1,1,0,3,0,1,0,0,0,0,1
LA001,2019,3,9,6,0,10,2,1,0,3,0,1,0,0,0,0,1
LA001,2019,3,9,6,0,11,1,1,0,3,0,1,0,0,0,0,1
LA001,2019,3,9,6,0,11,2,1,0,3,0,1,0,0,0,0,1
LA001,2019,3,9,6,0,12,1,1,0,3,0,8,0,0,0,0,1
LA001,2019,3,9,6,0,12,2,1,0,3,0,10,0,0,0,0,1
LA001,2019,3,9,6,0,13,1,1,0,3,0,10,0,0,0,0,1
LA001,2019,3,9,6,0,13,2,1,0,3,0,10,0,0,0,0,1
LA001,2019,3,9,6,0,14,1,1,0,3,0,10,0,0,0,0,1
LA001,2019,3,9,6,0,14,2,1,0,3,0,10,0,0,0,0,1
LA001,2019,3,9,6,0,15,1,1,0,3,0,1,0,0,0,0,1
LA001,2019,3,9,6,0,15,2,1,0,3,0,1,0,0,0,0,1
LA001,2019,3,9,6,0,16,1,1,0,3,0,1,0,0,0,0,1
LA001,2019,3,9,6,0,16,2,1,0,3,0,1,0,0,0,0,1
LA001,2019,3,9,6,0,17,1,1,0,3,0,1,0,0,0,0,1
LA001,2019,3,9,6,0,17,2,1,0,3,0,10,0,0,0,0,1
LA001,2019,3,9,6,0,18,1,1,0,3,0,10,0,0,0,0,1
LA001,2019,3,9,6,0,18,2,1,0,3,0,10,0,0,0,0,1
LA001,2019,3,9,6,0,19,1,1,0,3,0,10,0,0,0,0,1
LA001,2019,3,9,6,0,19,2,1,0,3,0,4,0,2,0,0,1
LA001,2019,3,9,6,0,20,1,1,0,3,0,8,0,2,0,0,1
LA001,2019,3,9,6,0,20,2,1,0,3,0,10,0,0,0,0,1
LA001,2019,3,9,6,0,21,1,1,0,3,0,10,0,0,0,0,1
LA001,2019,3,9,6,0,21,2,1,0,3,0,10,0,0,0,0,1
LA001,2019,3,9,6,0,22,1,1,0,3,0,10,0,0,0,0,1
LA001,2019,3,9,6,0,22,2,1,0,3,0,10,0,0,0,0,1
LA001,2019,3,9,6,0,23,1,1,0,3,0,10,0,0,0,0,1
LA001,2019,3,9,6,0,23,2,1,0,3,0,10,0,0,0,0,1
LA001,2019,3,10,7,0,0,1,1,0,3,0,1,0,0,0,0,1
LA001,2019,3,10,7,0,0,2,1,0,3,0,1,0,0,0,0,1
LA001,2019,3,10,7,0,1,1,1,0,3,0,1,0,0,0,0,1
LA001,2019,3,10,7,0,1,2,1,0,3,0,1,0,0,0,0,1
LA001,2019,3,10,7,0,2,1,1,0,3,0,1,0,0,0,0,1
LA001,2019,3,10,7,0,2,2,1,0,3,0,1,0,0,0,0,1
LA001,2019,3,10,7,0,3,1,1,0,3,0,1,0,0,0,0,1
LA001,2019,3,10,7,0,3,2,1,0,3,0,1,0,0,0,0,1
LA001,2019,3,10,7,0,4,1,1,0,3,0,1,0,0,0,0,1
LA001,2019,3,10,7,0,4,2,1,0,3,0,1,0,0,0,0,1
LA001,2019,3,10,7,0,5,1,1,0,3,0,1,0,0,0,0,1
LA001,2019,3,10,7,0,5,2,1,0,3,0,1,0,0,0,0,1
LA001,2019,3,10,7,0,6,1,1,0,3,0,1,0,0,0,0,1
LA001,2019,3,10,7,0,6,2,1,0,3,0,1,0,0,0,0,1
LA001,2019,3,10,7,0,7,1,1,0,3,0,1,0,0,0,0,1
LA001,2019,3,10,7,0,7,2,1,0,3,0,4,0,2,0,0,1
LA001,2019,3,10,7,0,8,1,1,0,3,0,8,0,0,0,0,1
LA001,2019,3,10,7,0,8,2,1,0,3,0,10,0,0,0,0,1
LA001,2019,3,10,7,0,9,1,1,0,3,0,10,0,0,0,0,1
LA001,2019,3,10,7,0,9,2,9,0,10,0,6,0,1,0,0,1
LA001,2019,3,10,7,0,10,1,9,0,10,0,6,0,1,0,0,1
LA001,2019,3,10,7,0,10,2,1,0,3,0,4,0,2,0,0,1
LA001,2019,3,10,7,0,11,1,1,0,3,0,4,0,65,0,0,1
LA001,2019,3,10,7,0,11,2,1,0,3,0,8,0,2,0,0,1
LA001,2019,3,10,7,0,12,1,1,0,3,0,10,0,0,0,0,1
LA001,2019,3,10,7,0,12,2,1,0,3,0,10,0,0,0,0,1
LA001,2019,3,10,7,0,13,1,1,0,3,0,10,0,0,0,0,1
LA001,2019,3,10,7,0,13,2,1,0,3,0,1,0,0,0,0,1
LA001,2019,3,10,7,0,14,1,1,0,3,0,1,0,0,0,0,1
LA001,2019,3,10,7,0,14,2,1,0,3,0,1,0,0,0,0,1
LA001,2019,3,10,7,0,15,1,1,0,3,0,1,0,0,0,0,1
LA001,2019,3,10,7,0,15,2,1,0,3,0,1,0,0,0,0,1
LA001,2019,3,10,7,0,16,1,1,0,3,0,10,0,0,0,0,1
LA001,2019,3,10,7,0,16,2,1,0,3,0,10,0,0,0,0,1
LA001,2019,3,10,7,0,17,1,1,0,3,0,10,0,0,0,0,1
LA001,2019,3,10,7,0,17,2,1,0,3,0,10,0,0,0,0,1
LA001,2019,3,10,7,0,18,1,1,0,3,0,10,0,0,0,0,1
LA001,2019,3,10,7,0,18,2,1,0,3,0,4,0,65,0,0,1
LA001,2019,3,10,7,0,19,1,1,0,3,0,8,0,2,0,0,1
LA001,2019,3,10,7,0,19,2,1,0,3,0,10,0,0,0,0,1
LA001,2019,3,10,7,0,20,1,1,0,3,0,10,0,0,0,0,1
LA001,2019,3,10,7,0,20,2,1,0,3,0,10,0,0,0,0,1
LA001,2019,3,10,7,0,21,1,1,0,3,0,10,0,0,0,0,1
LA001,2019,3,10,7,0,21,2,1,0,3,0,10,0,0,0,0,1
LA001,2019,3,10,7,0,22,1,1,0,3,0,10,0,0,0,0,1
LA001,2019,3,10,7,0,22,2,1,0,3,0,10,0,0,0,0,1
LA001,2019,3,10,7,0,23,1,1,0,3,0,9,0,65,0,0,1
LA001,2019,3,10,7,0,23,2,1,0,3,0,1,0,0,0,0,1
LA010,2019,3,5,1,1,8,1,1,11,2,4,10,2,0,0,0,1
LA010,2019,3,5,1,1,8,2,11,16,4,9,2,6,0,1,0,1
LA010,2019,3,5,1,1,9,1,2,0,2,0,3,0,0,0,0,1
LA010,2019,3,5,1,1,9,2,2,0,2,0,3,0,0,0,0,1
LA010,2019,3,5,1,1,10,1,2,0,2,0,3,0,0,0,0,1
LA010,2019,3,5,1,1,10,2,2,0,2,0,3,0,0,0,0,1
LA010,2019,3,5,1,1,11,1,2,0,2,0,3,0,0,0,0,1
LA010,2019,3,5,1,1,11,2,2,0,2,0,3,0,0,0,0,1
LA010,2019,3,5,1,1,12,1,2,0,2,0,3,0,0,0,0,1
LA010,2019,3,5,1,1,12,2,2,0,2,0,3,0,0,0,0,1
LA010,2019,3,5,1,1,13,1,2,0,2,0,3,0,0,0,0,1
LA010,2019,3,5,1,1,13,2,2,0,2,0,3,0,0,0,0,1
LA010,2019,3,5,1,1,14,1,2,0,2,0,3,0,0,0,0,1
LA010,2019,3,5,1,1,14,2,2,0,2,0,3,0,0,0,0,1
LA010,2019,3,5,1,1,15,1,2,0,2,0,3,0,0,0,0,1
LA010,2019,3,5,1,1,15,2,2,0,2,0,3,0,0,0,0,1
LA010,2019,3,5,1,1,16,1,2,0,2,0,3,0,0,0,0,1
LA010,2019,3,5,1,1,16,2,2,0,2,0,3,0,0,0,0,1
LA010,2019,3,5,1,1,17,1,2,0,2,0,3,0,0,0,0,1
LA010,2019,3,5,1,1,17,2,2,0,2,0,3,0,0,0,0,1
LA010,2019,3,5,1,1,18,1,11,0,4,0,2,0,0,0,0,1
LA010,2019,3,5,1,1,18,2,1,0,2,0,10,0,0,0,0,1
LA010,2019,3,5,1,1,19,1,1,0,2,0,10,8,0,0,0,1
LA010,2019,3,5,1,1,19,2,1,0,2,0,8,10,0,0,0,1
LA010,2019,3,5,1,1,20,1,1,0,2,0,10,0,0,0,0,1
LA010,2019,3,5,1,1,20,2,1,0,2,0,10,0,0,0,0,1
LA010,2019,3,5,1,1,21,1,1,0,2,0,10,0,0,0,0,1
LA010,2019,3,5,1,1,21,2,1,0,2,0,9,0,7,0,0,0
LA010,2019,3,5,1,1,22,1,1,0,2,0,9,1,7,0,0,1
LA010,2019,3,5,1,1,22,2,1,0,2,0,1,0,0,0,0,1
LA010,2019,3,5,1,1,23,1,1,0,2,0,1,0,0,0,0,1
LA010,2019,3,5,1,1,23,2,1,0,2,0,1,0,0,0,0,1
LA010,2019,3,6,2,1,0,1,1,0,2,0,1,0,0,0,0,1
LA010,2019,3,6,2,1,0,2,1,0,2,0,1,0,0,0,0,1
LA010,2019,3,6,2,1,1,1,1,0,2,0,1,0,0,0,0,1
LA010,2019,3,6,2,1,1,2,1,0,2,0,1,0,0,0,0,1
LA010,2019,3,6,2,1,2,1,1,0,2,0,1,0,0,0,0,1
LA010,2019,3,6,2,1,2,2,1,0,2,0,1,0,0,0,0,1
LA010,2019,3,6,2,1,3,1,1,0,2,0,1,0,0,0,0,1
LA010,2019,3,6,2,1,3,2,1,0,2,0,1,0,0,0,0,1
LA010,2019,3,6,2,1,4,1,1,0,2,0,1,0,0,0,0,1
LA010,2019,3,6,2,1,4,2,1,0,2,0,1,0,0,0,0,1
LA010,2019,3,6,2,1,5,1,1,0,2,0,1,0,0,0,0,1
LA010,2019,3,6,2,1,5,2,1,0,2,0,1,0,0,0,0,1
LA010,2019,3,6,2,1,6,1,1,0,2,0,1,0,0,0,0,1
LA010,2019,3,6,2,1,6,2,1,0,2,0,1,0,0,0,0,1
LA010,2019,3,6,2,1,7,1,1,0,2,0,9,8,7,0,0,1
LA010,2019,3,6,2,1,7,2,1,0,2,0,8,9,7,0,0,1
LA010,2019,3,6,2,1,8,1,11,0,4,0,2,0,0,0,0,1
LA010,2019,3,6,2,1,8,2,2,0,2,0,3,0,0,0,0,1
LA010,2019,3,6,2,1,9,1,2,0,2,0,3,0,0,0,0,1
LA010,2019,3,6,2,1,9,2,2,0,2,0,3,0,0,0,0,1
LA010,2019,3,6,2,1,10,1,2,0,2,0,3,0,0,0,0,1
LA010,2019,3,6,2,1,10,2,2,0,2,0,3,0,0,0,0,1
LA010,2019,3,6,2,1,11,1,2,0,2,0,3,0,0,0,0,1
LA010,2019,3,6,2,1,11,2,2,0,2,0,3,0,0,0,0,1
LA010,2019,3,6,2,1,12,1,2,0,2,0,8,0,0,0,0,1
LA010,2019,3,6,2,1,12,2,2,0,2,0,1,0,0,0,0,1
LA010,2019,3,6,2,1,13,1,2,0,2,0,3,0,0,0,0,1
LA010,2019,3,6,2,1,13,2,2,0,2,0,3,0,0,0,0,1
LA010,2019,3,6,2,1,14,1,2,0,2,0,3,0,0,0,0,1
LA010,2019,3,6,2,1,14,2,2,0,2,0,3,0,0,0,0,1
LA010,2019,3,6,2,1,15,1,2,0,2,0,3,0,0,0,0,1
LA010,2019,3,6,2,1,15,2,2,0,2,0,3,0,0,0,0,1
LA010,2019,3,6,2,1,16,1,2,0,2,0,3,0,0,0,0,1
LA010,2019,3,6,2,1,16,2,2,0,2,0,3,0,0,0,0,1
LA010,2019,3,6,2,1,17,1,2,0,2,0,3,0,0,0,0,1
LA010,2019,3,6,2,1,17,2,11,0,4,0,2,0,0,0,0,1
LA010,2019,3,6,2,1,18,1,1,0,2,0,4,0,2,0,0,1
LA010,2019,3,6,2,1,18,2,1,0,2,0,4,0,2,0,0,1
LA010,2019,3,6,2,1,19,1,1,0,2,0,8,0,0,0,0,1
LA010,2019,3,6,2,1,19,2,1,0,2,0,10,0,0,0,0,1
LA010,2019,3,6,2,1,20,1,1,0,2,0,10,0,0,0,0,1
LA010,2019,3,6,2,1,20,2,1,0,2,0,10,0,0,0,0,1
LA010,2019,3,6,2,1,21,1,1,1,2,1,10,9,0,7,0,1
LA010,2019,3,6,2,1,21,2,1,0,2,0,10,0,0,0,0,1
LA010,2019,3,6,2,1,22,1,1,0,2,0,10,0,0,0,0,1
LA010,2019,3,6,2,1,22,2,1,0,2,0,1,0,0,0,0,1
LA010,2019,3,6,2,1,23,1,1,0,2,0,1,0,0,0,0,1
LA010,2019,3,6,2,1,23,2,1,0,2,0,1,0,0,0,0,1
LA010,2019,3,7,3,1,0,1,1,0,2,0,1,0,0,0,0,1
LA010,2019,3,7,3,1,0,2,1,0,2,0,1,0,0,0,0,1
LA010,2019,3,7,3,1,1,1,1,0,2,0,1,0,0,0,0,1
LA010,2019,3,7,3,1,1,2,1,0,2,0,1,0,0,0,0,1
LA010,2019,3,7,3,1,2,1,1,0,2,0,1,0,0,0,0,1
LA010,2019,3,7,3,1,2,2,1,0,2,0,1,0,0,0,0,1
LA010,2019,3,7,3,1,3,1,1,0,2,0,1,0,0,0,0,1
LA010,2019,3,7,3,1,3,2,1,0,2,0,1,0,0,0,0,1
LA010,2019,3,7,3,1,4,1,1,0,2,0,1,0,0,0,0,1
LA010,2019,3,7,3,1,4,2,1,0,2,0,1,0,0,0,0,1
LA010,2019,3,7,3,1,5,1,1,0,2,0,1,0,0,0,0,1
LA010,2019,3,7,3,1,5,2,1,0,2,0,1,0,0,0,0,1
LA010,2019,3,7,3,1,6,1,1,0,2,0,1,0,0,0,0,1
LA010,2019,3,7,3,1,6,2,1,0,2,0,1,0,0,0,0,1
LA010,2019,3,7,3,1,7,1,1,0,2,0,9,4,7,0,0,1
LA010,2019,3,7,3,1,7,2,1,0,2,0,8,9,0,7,0,1
LA010,2019,3,7,3,1,8,1,1,0,2,0,10,0,0,0,0,1
LA010,2019,3,7,3,1,8,2,11,0,4,0,2,0,0,0,0,1
LA010,2019,3,7,3,1,9,1,2,0,2,0,3,0,0,0,0,1
LA010,2019,3,7,3,1,9,2,2,0,2,0,3,0,0,0,0,1
LA010,2019,3,7,3,1,10,1,2,0,2,0,3,0,0,0,0,1
LA010,2019,3,7,3,1,10,2,2,0,2,0,3,0,0,0,0,1
LA010,2019,3,7,3,1,11,1,2,0,2,0,3,0,0,0,0,1
LA010,2019,3,7,3,1,11,2,2,0,2,0,3,0,0,0,0,1
LA010,2019,3,7,3,1,12,1,2,0,2,0,8,0,0,0,0,1
LA010,2019,3,7,3,1,12,2,2,0,2,0,1,0,0,0,0,1
LA010,2019,3,7,3,1,13,1,2,0,2,0,3,0,0,0,0,1
LA010,2019,3,7,3,1,13,2,11,0,4,0,2,0,0,0,0,1
LA010,2019,3,7,3,1,14,1,2,0,4,0,10,0,0,0,0,1
LA010,2019,3,7,3,1,14,2,11,0,4,0,2,0,0,0,0,1
LA010,2019,3,7,3,1,15,1,11,0,4,0,2,0,0,0,0,1
LA010,2019,3,7,3,1,15,2,11,0,4,0,2,0,0,0,0,1
LA010,2019,3,7,3,1,16,1,2,0,2,0,3,0,0,0,0,1
LA010,2019,3,7,3,1,16,2,2,0,2,0,3,0,0,0,0,1
LA010,2019,3,7,3,1,17,1,2,0,2,0,3,0,0,0,0,1
LA010,2019,3,7,3,1,17,2,11,0,4,0,2,0,0,0,0,1
LA010,2019,3,7,3,1,18,1,1,0,2,0,4,0,2,0,0,1
LA010,2019,3,7,3,1,18,2,1,0,2,0,4,0,2,0,0,1
LA010,2019,3,7,3,1,19,1,1,0,2,0,8,0,0,0,0,1
LA010,2019,3,7,3,1,19,2,1,0,2,0,10,0,0,0,0,1
LA010,2019,3,7,3,1,20,1,1,0,1,0,9,0,7,0,0,1
LA010,2019,3,7,3,1,20,2,1,0,2,0,10,0,0,0,0,1
LA010,2019,3,7,3,1,21,1,2,0,2,0,10,0,0,0,0,1
LA010,2019,3,7,3,1,21,2,11,0,4,0,2,0,0,0,0,1
LA010,2019,3,7,3,1,22,1,11,0,4,0,2,0,0,0,0,1
LA010,2019,3,7,3,1,22,2,1,0,2,0,10,0,0,0,0,1
LA010,2019,3,7,3,1,23,1,1,0,2,0,10,0,0,0,0,1
LA010,2019,3,7,3,1,23,2,1,0,2,0,1,0,0,0,0,1
LA010,2019,3,8,4,1,0,1,1,0,2,0,1,0,0,0,0,1
LA010,2019,3,8,4,1,0,2,1,0,2,0,1,0,0,0,0,1
LA010,2019,3,8,4,1,1,1,1,0,2,0,1,0,0,0,0,1
LA010,2019,3,8,4,1,1,2,1,0,2,0,1,0,0,0,0,1
LA010,2019,3,8,4,1,2,1,1,0,2,0,1,0,0,0,0,1
LA010,2019,3,8,4,1,2,2,1,0,2,0,1,0,0,0,0,1
LA010,2019,3,8,4,1,3,1,1,0,2,0,1,0,0,0,0,1
LA014,2019,3,5,1,1,11,1,1,0,3,0,10,0,0,0,0,1
LA014,2019,3,5,1,1,11,2,1,0,3,0,10,0,0,0,0,1
LA014,2019,3,5,1,1,12,1,1,0,3,0,8,10,0,2,0,1
LA014,2019,3,5,1,1,12,2,1,0,3,0,10,0,0,0,0,1
LA014,2019,3,5,1,1,13,1,1,0,3,0,10,0,0,0,0,1
LA014,2019,3,5,1,1,13,2,1,0,3,0,10,0,0,0,0,1
LA014,2019,3,5,1,1,14,1,16,0,9,0,2,0,0,0,0,1
LA014,2019,3,5,1,1,14,2,12,0,4,0,2,0,0,0,0,1
LA014,2019,3,5,1,1,15,1,5,0,3,0,10,64,0,0,0,1
LA014,2019,3,5,1,1,15,2,5,0,3,0,10,64,0,0,0,1
LA014,2019,3,5,1,1,16,1,5,0,3,0,10,64,0,0,0,1
LA014,2019,3,5,1,1,16,2,16,0,9,0,10,64,0,0,0,1
LA014,2019,3,5,1,1,17,1,12,0,4,0,10,5,0,5,0,1
LA014,2019,3,5,1,1,17,2,1,0,3,0,8,10,0,2,0,1
LA014,2019,3,5,1,1,18,1,1,0,3,0,10,0,0,0,0,1
LA014,2019,3,5,1,1,18,2,1,0,3,0,10,0,0,0,0,1
LA014,2019,3,5,1,1,19,1,1,0,3,0,10,0,0,0,0,1
LA014,2019,3,5,1,1,19,2,1,0,3,0,10,0,0,0,0,1
LA014,2019,3,5,1,1,20,1,1,0,3,0,10,0,0,0,0,1
LA014,2019,3,5,1,1,20,2,1,0,3,0,10,0,0,0,0,1
LA014,2019,3,5,1,1,21,1,1,0,3,0,10,0,0,0,0,1
LA014,2019,3,5,1,1,21,2,1,0,3,0,10,0,0,0,0,1
LA014,2019,3,5,1,1,22,1,1,0,3,0,10,0,0,0,0,1
LA014,2019,3,5,1,1,22,2,1,0,3,0,10,0,0,0,0,1
LA014,2019,3,5,1,1,23,1,1,0,3,0,10,0,0,0,0,1
LA014,2019,3,5,1,1,23,2,1,0,3,0,10,0,0,0,0,1
LA014,2019,3,6,2,1,0,1,1,0,3,0,9,0,0,0,0,-999
LA014,2019,3,6,2,1,0,2,1,0,3,0,10,0,0,0,0,1
LA014,2019,3,6,2,1,1,1,1,0,3,0,1,0,0,0,0,1
LA014,2019,3,6,2,1,1,2,1,0,3,0,1,0,0,0,0,1
LA014,2019,3,6,2,1,2,1,1,0,3,0,1,0,0,0,0,1
LA014,2019,3,6,2,1,2,2,1,0,3,0,1,0,0,0,0,1
LA014,2019,3,6,2,1,3,1,1,0,3,0,1,0,0,0,0,1
LA014,2019,3,6,2,1,3,2,1,0,3,0,1,0,0,0,0,1
LA014,2019,3,6,2,1,4,1,1,0,3,0,1,0,0,0,0,1
LA014,2019,3,6,2,1,4,2,1,0,3,0,1,0,0,0,0,1
LA014,2019,3,6,2,1,5,1,1,0,3,0,1,0,0,0,0,1
LA014,2019,3,6,2,1,5,2,1,0,3,0,1,0,0,0,0,1
LA014,2019,3,6,2,1,6,1,1,0,3,0,1,0,0,0,0,1
LA014,2019,3,6,2,1,6,2,1,0,3,0,1,0,0,0,0,1
LA014,2019,3,6,2,1,7,1,1,0,3,0,8,9,0,2,0,1
LA014,2019,3,6,2,1,7,2,1,0,3,0,10,5,0,5,0,1
LA014,2019,3,6,2,1,8,1,1,0,3,0,10,0,0,0,0,1
LA014,2019,3,6,2,1,8,2,1,0,3,0,10,0,0,0,0,1
LA014,2019,3,6,2,1,9,1,1,0,3,0,10,0,0,0,0,1
LA014,2019,3,6,2,1,9,2,1,0,3,0,10,0,0,0,0,1
LA014,2019,3,6,2,1,10,1,1,0,3,0,10,0,0,0,0,1
LA014,2019,3,6,2,1,10,2,1,0,3,0,10,0,0,0,0,1
LA014,2019,3,6,2,1,11,1,1,0,3,0,10,0,0,0,0,1
LA014,2019,3,6,2,1,11,2,1,0,3,0,10,0,0,0,0,1
LA014,2019,3,6,2,1,12,1,1,0,3,0,10,0,0,0,0,1
LA014,2019,3,6,2,1,12,2,1,0,3,0,8,10,0,2,0,1
LA014,2019,3,6,2,1,13,1,1,0,3,0,10,0,0,0,0,1
LA014,2019,3,6,2,1,13,2,1,0,3,0,10,0,0,0,0,1
LA014,2019,3,6,2,1,14,1,16,0,9,0,2,0,0,0,0,1
LA014,2019,3,6,2,1,14,2,12,0,4,0,2,0,0,0,0,1
LA014,2019,3,6,2,1,15,1,5,0,3,0,10,64,0,0,0,1
LA014,2019,3,6,2,1,15,2,5,0,3,0,10,64,0,0,0,1
LA014,2019,3,6,2,1,16,1,5,0,3,0,10,64,0,0,0,1
LA014,2019,3,6,2,1,16,2,16,0,9,0,10,64,0,0,0,1
LA014,2019,3,6,2,1,17,1,12,0,4,0,10,0,0,0,0,1
LA014,2019,3,6,2,1,17,2,1,0,3,0,8,10,0,2,0,1
LA014,2019,3,6,2,1,18,1,1,0,3,0,10,0,0,0,0,1
LA014,2019,3,6,2,1,18,2,1,0,3,0,10,0,0,0,0,1
LA014,2019,3,6,2,1,19,1,1,0,3,0,10,0,0,0,0,1
LA014,2019,3,6,2,1,19,2,1,0,3,0,10,0,0,0,0,1
LA014,2019,3,6,2,1,20,1,1,0,3,0,10,0,0,0,0,1
LA014,2019,3,6,2,1,20,2,1,0,3,0,10,0,0,0,0,1
LA014,2019,3,6,2,1,21,1,1,0,3,0,10,0,0,0,0,1
LA014,2019,3,6,2,1,21,2,1,0,3,0,10,0,0,0,0,1
LA014,2019,3,6,2,1,22,1,1,0,3,0,10,0,0,0,0,1
LA014,2019,3,6,2,1,22,2,1,0,3,0,10,0,0,0,0,1
LA014,2019,3,6,2,1,23,1,1,0,3,0,10,0,0,0,0,1
LA014,2019,3,6,2,1,23,2,1,0,3,0,10,0,0,0,0,1
LA014,2019,3,7,3,1,0,1,1,0,3,0,1,0,0,0,0,1
LA014,2019,3,7,3,1,0,2,1,0,3,0,1,0,0,0,0,1
LA014,2019,3,7,3,1,1,1,1,0,3,0,1,0,0,0,0,1
LA014,2019,3,7,3,1,1,2,1,0,3,0,1,0,0,0,0,1
LA014,2019,3,7,3,1,2,1,1,0,3,0,1,0,0,0,0,1
LA014,2019,3,7,3,1,2,2,1,0,3,0,1,0,0,0,0,1
LA014,2019,3,7,3,1,3,1,1,0,3,0,1,0,0,0,0,1
LA014,2019,3,7,3,1,3,2,1,0,3,0,1,0,0,0,0,1
LA014,2019,3,7,3,1,4,1,1,0,3,0,1,0,0,0,0,1
LA014,2019,3,7,3,1,4,2,1,0,3,0,1,0,0,0,0,1
LA014,2019,3,7,3,1,5,1,1,0,3,0,1,0,0,0,0,1
LA014,2019,3,7,3,1,5,2,1,0,3,0,1,0,0,0,0,1
LA014,2019,3,7,3,1,6,1,1,0,3,0,1,0,0,0,0,1
LA014,2019,3,7,3,1,6,2,1,0,3,0,9,8,0,2,0,1
LA014,2019,3,7,3,1,7,1,1,0,3,0,1,0,0,0,0,1
LA014,2019,3,7,3,1,7,2,1,0,3,0,1,0,0,0,0,1
LA014,2019,3,7,3,1,8,1,1,0,3,0,1,0,0,0,0,1
LA014,2019,3,7,3,1,8,2,1,0,3,0,1,0,0,0,0,1
LA014,2019,3,7,3,1,9,1,1,0,3,0,1,0,0,0,0,1
LA014,2019,3,7,3,1,9,2,1,0,3,0,1,0,0,0,0,1
LA014,2019,3,7,3,1,10,1,1,0,3,0,1,0,0,0,0,1
LA014,2019,3,7,3,1,10,2,1,0,3,0,1,0,0,0,0,1
LA014,2019,3,7,3,1,11,1,1,0,3,0,1,0,0,0,0,1
LA014,2019,3,7,3,1,11,2,1,0,3,0,10,0,0,0,0,1
LA014,2019,3,7,3,1,12,1,1,0,3,0,10,8,2,0,0,1
LA014,2019,3,7,3,1,12,2,1,0,3,0,10,8,2,0,0,1
LA014,2019,3,7,3,1,13,1,16,5,9,3,5,0,5,0,0,1
LA014,2019,3,7,3,1,13,2,5,0,3,0,5,0,5,0,0,1
LA014,2019,3,7,3,1,14,1,5,12,3,4,2,0,0,65,0,1
LA014,2019,3,7,3,1,14,2,5,0,3,0,10,64,0,0,0,1
LA014,2019,3,7,3,1,15,1,5,0,3,0,10,64,0,0,0,1
LA014,2019,3,7,3,1,15,2,5,0,3,0,10,64,0,0,0,1
LA014,2019,3,7,3,1,16,1,5,0,3,0,10,64,0,0,0,1
LA014,2019,3,7,3,1,16,2,5,0,3,0,10,64,0,0,0,1
LA014,2019,3,7,3,1,17,1,16,12,9,4,2,0,0,0,0,1
LA014,2019,3,7,3,1,17,2,1,0,3,0,1,0,0,0,0,1
LA014,2019,3,7,3,1,18,1,1,0,3,0,8,10,0,0,0,1
LA014,2019,3,7,3,1,18,2,1,0,3,0,10,0,0,0,0,1
LA014,2019,3,7,3,1,19,1,1,0,3,0,10,0,0,0,0,1
LA014,2019,3,7,3,1,19,2,1,0,3,0,10,0,0,0,0,1
LA014,2019,3,7,3,1,20,1,1,0,3,0,10,0,0,0,0,1
LA014,2019,3,7,3,1,20,2,1,0,3,0,10,0,0,0,0,1
LA014,2019,3,7,3,1,21,1,1,0,3,0,10,0,0,0,0,1
LA014,2019,3,7,3,1,21,2,1,0,3,0,10,0,0,0,0,1
LA014,2019,3,7,3,1,22,1,1,0,3,0,10,0,0,0,0,1
LA014,2019,3,7,3,1,22,2,1,0,3,0,10,0,0,0,0,1
LA014,2019,3,7,3,1,23,1,1,0,3,0,10,0,0,0,0,1
LA014,2019,3,7,3,1,23,2,1,0,3,0,10,0,0,0,0,1
LA014,2019,3,8,4,1,0,1,1,0,3,0,10,0,0,0,0,1
LA014,2019,3,8,4,1,0,2,1,0,3,0,9,0,0,0,0,1
LA014,2019,3,8,4,1,1,1,1,0,3,0,1,0,0,0,0,1
LA014,2019,3,8,4,1,1,2,1,0,3,0,1,0,0,0,0,1
LA014,2019,3,8,4,1,2,1,1,0,3,0,1,0,0,0,0,1
LA014,2019,3,8,4,1,2,2,1,0,3,0,1,0,0,0,0,1
LA014,2019,3,8,4,1,3,1,1,0,3,0,1,0,0,0,0,1
LA014,2019,3,8,4,1,3,2,1,0,3,0,1,0,0,0,0,1
LA014,2019,3,8,4,1,4,1,1,0,3,0,1,0,0,0,0,1
LA014,2019,3,8,4,1,4,2,1,0,3,0,1,0,0,0,0,1
LA014,2019,3,8,4,1,5,1,1,0,3,0,1,0,0,0,0,1
LA014,2019,3,8,4,1,5,2,1,0,3,0,1,0,0,0,0,1
LA014,2019,3,8,4,1,6,1,1,0,3,0,1,0,0,0,0,1
LA014,2019,3,8,4,1,6,2,1,0,3,0,1,0,0,0,0,1
LA014,2019,3,8,4,1,7,1,1,0,3,0,1,0,0,0,0,1
LA014,2019,3,8,4,1,7,2,1,0,3,0,1,0,0,0,0,1
LA014,2019,3,8,4,1,8,1,1,0,3,0,1,0,0,0,0,1
LA014,2019,3,8,4,1,8,2,1,0,3,0,1,0,0,0,0,1
LA014,2019,3,8,4,1,9,1,1,0,3,0,1,10,0,0,0,1
LA014,2019,3,8,4,1,9,2,1,0,3,0,10,0,0,0,0,1
LA014,2019,3,8,4,1,10,1,1,0,3,0,10,0,0,0,0,1
LA014,2019,3,8,4,1,10,2,1,0,3,0,10,0,0,0,0,1
LA014,2019,3,8,4,1,11,1,1,0,3,0,10,0,0,0,0,1
LA014,2019,3,8,4,1,11,2,1,0,3,0,10,0,0,0,0,1
LA014,2019,3,8,4,1,12,1,1,0,3,0,8,0,0,0,0,1
LA014,2019,3,8,4,1,12,2,1,0,3,0,10,0,0,0,0,1
LA014,2019,3,8,4,1,13,1,1,0,3,0,10,0,0,0,0,1
LA014,2019,3,8,4,1,13,2,1,0,3,0,10,0,0,0,0,1
LA014,2019,3,8,4,1,14,1,1,0,3,0,10,0,0,0,0,1
LA014,2019,3,8,4,1,14,2,1,0,3,0,10,0,0,0,0,1
LA014,2019,3,8,4,1,15,1,16,0,9,0,2,0,0,0,0,1
LA014,2019,3,8,4,1,15,2,12,0,4,0,2,0,0,0,0,1
LA014,2019,3,8,4,1,16,1,5,0,3,0,10,64,0,0,0,1
LA014,2019,3,8,4,1,16,2,5,0,3,0,10,64,0,0,0,1
LA020,2019,3,8,2,1,20,1,1,0,3,0,11,0,0,0,0,1
LA020,2019,3,8,2,1,20,2,1,0,3,0,11,0,0,0,0,1
LA020,2019,3,8,2,1,21,1,1,0,3,0,64,0,0,0,0,1
LA020,2019,3,8,2,1,21,2,1,0,3,0,64,0,0,0,0,1
LA020,2019,3,8,2,1,22,1,1,0,3,0,64,0,0,0,0,1
LA020,2019,3,8,2,1,22,2,1,0,3,0,64,0,0,0,0,1
LA020,2019,3,8,2,1,23,1,1,0,3,0,10,0,0,0,0,1
LA020,2019,3,8,2,1,23,2,1,0,3,0,10,0,0,0,0,1
LA020,2019,3,9,3,0,0,1,1,0,3,0,10,0,0,0,0,1
LA020,2019,3,9,3,0,0,2,1,0,3,0,1,0,0,0,0,1
LA020,2019,3,9,3,0,1,1,1,0,3,0,1,0,0,0,0,1
LA020,2019,3,9,3,0,1,2,1,0,3,0,1,0,0,0,0,1
LA020,2019,3,9,3,0,2,1,1,0,3,0,1,0,0,0,0,1
LA020,2019,3,9,3,0,2,2,1,0,3,0,1,0,0,0,0,1
LA020,2019,3,9,3,0,3,1,1,0,3,0,1,0,0,0,0,1
LA020,2019,3,9,3,0,3,2,1,0,3,0,1,0,0,0,0,1
LA020,2019,3,9,3,0,4,1,1,0,3,0,1,0,0,0,0,1
LA020,2019,3,9,3,0,4,2,1,0,3,0,1,0,0,0,0,1
LA020,2019,3,9,3,0,5,1,1,0,3,0,1,0,0,0,0,1
LA020,2019,3,9,3,0,5,2,1,0,3,0,1,0,0,0,0,1
LA020,2019,3,9,3,0,6,1,1,0,3,0,1,0,0,0,0,1
LA020,2019,3,9,3,0,6,2,1,0,3,0,1,0,0,0,0,1
LA020,2019,3,9,3,0,7,1,1,0,3,0,1,0,0,0,0,1
LA020,2019,3,9,3,0,7,2,1,0,3,0,1,0,0,0,0,1
LA020,2019,3,9,3,0,8,1,1,0,3,0,9,0,0,0,0,1
LA020,2019,3,9,3,0,8,2,1,0,3,0,11,0,0,0,0,1
LA020,2019,3,9,3,0,9,1,1,0,3,0,11,0,0,0,0,1
LA020,2019,3,9,3,0,9,2,1,0,3,0,11,0,0,0,0,1
LA020,2019,3,9,3,0,10,1,1,0,3,0,4,8,0,0,0,1
LA020,2019,3,9,3,0,10,2,1,0,3,0,10,0,0,0,0,1
LA020,2019,3,9,3,0,11,1,1,0,3,0,10,0,0,0,0,1
LA020,2019,3,9,3,0,11,2,1,0,3,0,10,0,0,0,0,1
LA020,2019,3,9,3,0,12,1,1,0,3,0,4,0,2,0,0,1
LA020,2019,3,9,3,0,12,2,1,0,3,0,10,0,0,0,0,1
LA020,2019,3,9,3,0,13,1,1,0,3,0,10,0,0,0,0,1
LA020,2019,3,9,3,0,13,2,1,0,3,0,10,0,0,0,0,1
LA020,2019,3,9,3,0,14,1,1,0,3,0,10,0,0,0,0,1
LA020,2019,3,9,3,0,14,2,1,0,3,0,10,0,0,0,0,1
LA020,2019,3,9,3,0,15,1,1,0,3,0,8,0,0,0,0,1
LA020,2019,3,9,3,0,15,2,1,0,3,0,10,0,0,0,0,1
LA020,2019,3,9,3,0,16,1,1,0,3,0,10,0,0,0,0,1
LA020,2019,3,9,3,0,16,2,1,0,3,0,10,0,0,0,0,1
LA020,2019,3,9,3,0,17,1,1,0,3,0,64,0,0,0,0,1
LA020,2019,3,9,3,0,17,2,1,0,3,0,64,0,0,0,0,1
LA020,2019,3,9,3,0,18,1,1,0,3,0,4,0,0,0,0,1
LA020,2019,3,9,3,0,18,2,1,0,3,0,4,0,0,0,0,1
LA020,2019,3,9,3,0,19,1,1,0,3,0,8,0,0,0,0,1
LA020,2019,3,9,3,0,19,2,1,0,3,0,8,0,0,0,0,1
LA020,2019,3,9,3,0,20,1,1,0,3,0,10,0,0,0,0,1
LA020,2019,3,9,3,0,20,2,1,0,3,0,11,0,0,0,0,1
LA020,2019,3,9,3,0,21,1,1,0,3,0,9,0,0,0,0,1
LA020,2019,3,9,3,0,21,2,1,0,3,0,9,0,0,0,0,1
LA020,2019,3,9,3,0,22,1,1,0,3,0,64,0,0,0,0,1
LA020,2019,3,9,3,0,22,2,1,0,3,0,64,0,0,0,0,1
LA020,2019,3,9,3,0,23,1,1,0,3,0,10,0,0,0,0,1
LA020,2019,3,9,3,0,23,2,1,0,3,0,10,0,0,0,0,1
LA020,2019,3,10,4,0,0,1,1,0,3,0,1,0,0,0,0,1
LA020,2019,3,10,4,0,0,2,1,0,3,0,1,0,0,0,0,1
LA020,2019,3,10,4,0,1,1,1,0,3,0,1,0,0,0,0,1
LA020,2019,3,10,4,0,1,2,1,0,3,0,1,0,0,0,0,1
LA020,2019,3,10,4,0,2,1,1,0,3,0,1,0,0,0,0,1
LA020,2019,3,10,4,0,2,2,1,0,3,0,1,0,0,0,0,1
LA020,2019,3,10,4,0,3,1,1,0,3,0,1,0,0,0,0,1
LA020,2019,3,10,4,0,3,2,1,0,3,0,1,0,0,0,0,1
LA020,2019,3,10,4,0,4,1,1,0,3,0,1,0,0,0,0,1
LA020,2019,3,10,4,0,4,2,1,0,3,0,1,0,0,0,0,1
LA020,2019,3,10,4,0,5,1,1,0,3,0,1,0,0,0,0,1
LA020,2019,3,10,4,0,5,2,1,0,3,0,1,0,0,0,0,1
LA020,2019,3,10,4,0,6,1,1,0,3,0,1,0,0,0,0,1
LA020,2019,3,10,4,0,6,2,1,0,3,0,1,0,0,0,0,1
LA020,2019,3,10,4,0,7,1,1,0,3,0,9,0,0,0,0,1
LA020,2019,3,10,4,0,7,2,1,0,3,0,11,0,0,0,0,1
LA020,2019,3,10,4,0,8,1,1,0,3,0,8,0,0,0,0,1
LA020,2019,3,10,4,0,8,2,16,11,9,4,2,0,0,0,0,1
LA020,2019,3,10,4,0,9,1,6,0,4,0,64,0,0,0,0,1
LA020,2019,3,10,4,0,9,2,6,0,4,0,64,0,0,0,0,1
LA020,2019,3,10,4,0,10,1,16,12,9,4,2,0,0,0,0,1
LA020,2019,3,10,4,0,10,2,16,0,9,0,2,0,0,0,0,1
LA020,2019,3,10,4,0,11,1,61,0,4,0,64,0,0,0,0,1
LA020,2019,3,10,4,0,11,2,61,0,4,0,64,0,0,0,0,1
LA020,2019,3,10,4,0,12,1,61,0,4,0,8,0,0,0,0,1
LA020,2019,3,10,4,0,12,2,61,0,4,0,8,0,0,0,0,1
LA020,2019,3,10,4,0,13,1,16,0,9,0,6,0,0,0,0,1
LA020,2019,3,10,4,0,13,2,16,0,9,0,6,0,0,0,0,1
LA020,2019,3,10,4,0,14,1,1,0,3,0,1,0,0,0,0,1
LA020,2019,3,10,4,0,14,2,1,0,3,0,1,0,0,0,0,1
LA020,2019,3,10,4,0,15,1,1,0,3,0,1,0,0,0,0,1
LA020,2019,3,10,4,0,15,2,1,0,3,0,9,0,0,0,0,1
LA020,2019,3,10,4,0,16,1,1,0,3,0,9,0,0,0,0,1
LA020,2019,3,10,4,0,16,2,1,0,3,0,10,0,0,0,0,1
LA020,2019,3,10,4,0,17,1,1,0,3,0,4,0,0,0,0,1
LA020,2019,3,10,4,0,17,2,1,0,3,0,4,0,0,0,0,1
LA020,2019,3,10,4,0,18,1,1,0,3,0,4,0,0,0,0,1
LA020,2019,3,10,4,0,18,2,1,0,3,0,4,0,0,0,0,1
LA020,2019,3,10,4,0,19,1,1,0,3,0,8,0,0,0,0,1
LA020,2019,3,10,4,0,19,2,1,0,3,0,8,0,0,0,0,1
LA020,2019,3,10,4,0,20,1,1,0,3,0,11,0,0,0,0,1
LA020,2019,3,10,4,0,20,2,1,0,3,0,11,0,0,0,0,1
LA020,2019,3,10,4,0,21,1,1,0,3,0,64,0,0,0,0,1
LA020,2019,3,10,4,0,21,2,1,0,3,0,64,0,0,0,0,1
LA020,2019,3,10,4,0,22,1,1,0,3,0,10,0,0,0,0,1
LA020,2019,3,10,4,0,22,2,1,0,3,0,10,0,0,0,0,1
LA020,2019,3,10,4,0,23,1,1,0,3,0,10,0,0,0,0,1
LA020,2019,3,10,4,0,23,2,1,0,3,0,10,0,0,0,0,1
LA020,2019,3,11,5,1,0,1,1,0,3,0,10,0,0,0,0,1
LA020,2019,3,11,5,1,0,2,1,0,3,0,10,0,0,0,0,1
LA020,2019,3,11,5,1,1,1,1,0,3,0,1,0,0,0,0,1
LA020,2019,3,11,5,1,1,2,1,0,3,0,1,0,0,0,0,1
LA020,2019,3,11,5,1,2,1,1,0,3,0,1,0,0,0,0,1
LA020,2019,3,11,5,1,2,2,1,0,3,0,1,0,0,0,0,1
LA020,2019,3,11,5,1,3,1,1,0,3,0,1,0,0,0,0,1
LA020,2019,3,11,5,1,3,2,1,0,3,0,1,0,0,0,0,1
LA020,2019,3,11,5,1,4,1,1,0,3,0,1,0,0,0,0,1
LA020,2019,3,11,5,1,4,2,1,0,3,0,1,0,0,0,0,1
LA020,2019,3,11,5,1,5,1,1,0,3,0,1,0,0,0,0,1
LA020,2019,3,11,5,1,5,2,1,0,3,0,1,0,0,0,0,1
LA020,2019,3,11,5,1,6,1,1,0,3,0,1,0,0,0,0,1
LA020,2019,3,11,5,1,6,2,1,0,3,0,1,0,0,0,0,1
LA020,2019,3,11,5,1,7,1,1,0,3,0,1,0,0,0,0,1
LA020,2019,3,11,5,1,7,2,1,0,3,0,1,0,0,0,0,1
LA020,2019,3,11,5,1,8,1,1,0,3,0,1,0,0,0,0,1
LA020,2019,3,11,5,1,8,2,1,0,3,0,9,0,0,0,0,1
LA020,2019,3,11,5,1,9,1,1,0,3,0,8,0,0,0,0,1
LA020,2019,3,11,5,1,9,2,1,0,3,0,10,0,0,0,0,1
LA020,2019,3,11,5,1,10,1,1,0,3,0,10,0,0,0,0,1
LA020,2019,3,11,5,1,10,2,1,0,3,0,11,0,0,0,0,1
LA020,2019,3,11,5,1,11,1,1,0,3,0,11,0,0,0,0,1
LA020,2019,3,11,5,1,11,2,1,0,3,0,11,0,0,0,0,1
LA020,2019,3,11,5,1,12,1,10,0,9,0,2,6,0,0,0,0
LA020,2019,3,11,5,1,12,2,1,0,3,0,11,0,0,0,0,1
LA020,2019,3,11,5,1,13,1,1,0,3,0,10,0,0,0,0,1
LA020,2019,3,11,5,1,13,2,1,0,3,0,8,0,0,0,0,1
LA020,2019,3,11,5,1,14,1,1,0,3,0,1,0,0,0,0,1
LA020,2019,3,11,5,1,14,2,6,11,4,4,2,0,0,0,0,1
LA020,2019,3,11,5,1,15,1,6,0,4,0,64,0,0,0,0,1
LA020,2019,3,11,5,1,15,2,6,0,4,0,64,0,0,0,0,1
LA020,2019,3,11,5,1,16,1,6,0,4,0,64,0,0,0,0,1
LA020,2019,3,11,5,1,16,2,11,0,4,0,2,0,0,0,0,1
LA020,2019,3,11,5,1,17,1,1,0,3,0,4,0,0,0,0,1
LA020,2019,3,11,5,1,17,2,1,0,3,0,4,0,0,0,0,1
LA020,2019,3,11,5,1,18,1,1,0,3,0,4,0,2,0,0,1
LA020,2019,3,11,5,1,18,2,1,0,3,0,4,0,2,0,0,1
LA020,2019,3,11,5,1,19,1,1,0,3,0,8,0,0,0,0,1
LA020,2019,3,11,5,1,19,2,1,0,3,0,11,0,0,0,0,0
LA020,2019,3,11,5,1,20,1,1,0,3,0,11,0,0,0,0,1
LA020,2019,3,11,5,1,20,2,1,0,3,0,11,0,0,0,0,1
LA020,2019,3,11,5,1,21,1,1,0,3,0,9,0,0,0,0,0
LA020,2019,3,11,5,1,21,2,1,0,3,0,9,0,0,0,0,0
LA020,2019,3,11,5,1,22,1,1,0,3,0,64,0,0,0,0,1
LA020,2019,3,11,5,1,22,2,1,0,3,0,64,0,0,0,0,1
LA020,2019,3,11,5,1,23,1,1,0,3,0,10,0,0,0,0,1
LA021,2019,3,6,1,1,14,1,1,0,3,0,10,0,1,0,0,0
LA021,2019,3,6,1,1,14,2,1,0,3,0,10,0,0,0,0,0
LA021,2019,3,6,1,1,15,1,2,0,3,0,10,0,0,0,0,1
LA021,2019,3,6,1,1,15,2,2,0,3,0,10,0,0,0,0,1
LA021,2019,3,6,1,1,16,1,2,0,3,0,10,0,0,0,0,1
LA021,2019,3,6,1,1,16,2,2,0,3,0,10,0,0,0,0,1
LA021,2019,3,6,1,1,17,1,1,0,3,0,5,0,5,0,0,1
LA021,2019,3,6,1,1,17,2,1,0,3,0,5,0,5,0,0,1
LA021,2019,3,6,1,1,18,1,1,0,3,0,4,0,0,0,0,1
LA021,2019,3,6,1,1,18,2,1,0,3,0,4,0,0,0,0,1
LA021,2019,3,6,1,1,19,1,1,0,3,0,8,0,0,0,0,1
LA021,2019,3,6,1,1,19,2,1,0,3,0,8,11,0,0,0,1
LA021,2019,3,6,1,1,20,1,1,0,3,0,10,0,0,0,0,1
LA021,2019,3,6,1,1,20,2,1,0,3,0,10,0,0,0,0,1
LA021,2019,3,6,1,1,21,1,1,0,3,0,10,0,0,0,0,1
LA021,2019,3,6,1,1,21,2,1,0,3,0,10,0,0,0,0,1
LA021,2019,3,6,1,1,22,1,1,0,3,0,10,9,0,0,0,0
LA021,2019,3,6,1,1,22,2,1,0,3,0,10,0,0,0,0,1
LA021,2019,3,6,1,1,23,1,1,0,3,0,10,0,0,0,0,1
LA021,2019,3,6,1,1,23,2,1,0,3,0,10,0,0,0,0,1
LA021,2019,3,7,2,1,0,1,1,0,3,0,1,0,0,0,0,0
LA021,2019,3,7,2,1,0,2,1,0,3,0,1,0,0,0,0,0
LA021,2019,3,7,2,1,1,1,1,0,3,0,1,0,0,0,0,0
LA021,2019,3,7,2,1,1,2,1,0,3,0,1,0,0,0,0,0
LA021,2019,3,7,2,1,2,1,1,0,3,0,1,0,0,0,0,0
LA021,2019,3,7,2,1,2,2,1,0,3,0,1,0,0,0,0,0
LA021,2019,3,7,2,1,3,1,1,0,3,0,1,0,0,0,0,0
LA021,2019,3,7,2,1,3,2,1,0,3,0,1,0,0,0,0,0
LA021,2019,3,7,2,1,4,1,1,0,3,0,1,0,0,0,0,0
LA021,2019,3,7,2,1,4,2,1,0,3,0,1,0,0,0,0,0
LA021,2019,3,7,2,1,5,1,1,0,3,0,1,0,0,0,0,0
LA021,2019,3,7,2,1,5,2,1,0,3,0,1,0,0,0,0,0
LA021,2019,3,7,2,1,6,1,1,0,3,0,1,0,0,0,0,0
LA021,2019,3,7,2,1,6,2,1,0,3,0,1,0,0,0,0,0
LA021,2019,3,7,2,1,7,1,1,0,3,0,1,0,0,0,0,0
LA021,2019,3,7,2,1,7,2,1,0,3,0,1,0,0,0,0,0
LA021,2019,3,7,2,1,8,1,1,0,3,0,1,0,0,0,0,0
LA021,2019,3,7,2,1,8,2,1,0,3,0,1,0,0,0,0,0
LA021,2019,3,7,2,1,9,1,1,0,3,0,1,0,0,0,0,0
LA021,2019,3,7,2,1,9,2,1,0,3,0,1,0,0,0,0,0
LA021,2019,3,7,2,1,10,1,1,0,3,0,11,0,0,0,0,1
LA021,2019,3,7,2,1,10,2,1,0,3,0,11,0,0,0,0,1
LA021,2019,3,7,2,1,11,1,1,0,3,0,11,5,5,0,0,1
LA021,2019,3,7,2,1,11,2,1,0,3,0,11,5,5,0,0,1
LA021,2019,3,7,2,1,12,1,1,0,3,0,10,8,0,0,0,1
LA021,2019,3,7,2,1,12,2,1,0,3,0,10,8,0,0,0,1
LA021,2019,3,7,2,1,13,1,1,0,3,0,10,0,0,0,0,1
LA021,2019,3,7,2,1,13,2,1,0,3,0,10,0,0,0,0,1
LA021,2019,3,7,2,1,14,1,1,0,3,0,10,0,0,0,0,1
LA021,2019,3,7,2,1,14,2,23,0,9,0,11,0,1,11,0,1
LA021,2019,3,7,2,1,15,1,2,0,3,0,10,0,0,0,0,1
LA021,2019,3,7,2,1,15,2,2,0,3,0,10,0,0,0,0,1
LA021,2019,3,7,2,1,16,1,2,0,3,0,10,0,0,0,0,1
LA021,2019,3,7,2,1,16,2,2,0,3,0,10,0,0,0,0,1
LA021,2019,3,7,2,1,17,1,1,0,3,0,5,0,5,0,0,1
LA021,2019,3,7,2,1,17,2,1,0,3,0,5,0,5,0,0,1
LA021,2019,3,7,2,1,18,1,1,0,3,0,4,0,0,0,0,1
LA021,2019,3,7,2,1,18,2,1,0,3,0,4,0,0,0,0,1
LA021,2019,3,7,2,1,19,1,1,0,3,0,8,0,0,0,0,1
LA021,2019,3,7,2,1,19,2,23,0,9,0,8,11,1,11,0,1
LA021,2019,3,7,2,1,20,1,1,0,3,0,10,11,0,0,0,1
LA021,2019,3,7,2,1,20,2,1,0,3,0,10,0,0,0,0,1
LA021,2019,3,7,2,1,21,1,1,0,3,0,10,0,0,0,0,1
LA021,2019,3,7,2,1,21,2,8,0,2,0,6,0,0,0,0,1
LA021,2019,3,7,2,1,22,1,8,0,2,0,6,0,0,0,0,1
LA021,2019,3,7,2,1,22,2,1,0,3,0,10,9,0,0,0,0
LA021,2019,3,7,2,1,23,1,1,0,3,0,10,0,0,0,0,1
LA021,2019,3,7,2,1,23,2,1,0,3,0,10,0,0,0,0,1
LA021,2019,3,8,3,1,0,1,1,0,3,0,1,0,0,0,0,0
LA021,2019,3,8,3,1,0,2,1,0,3,0,1,0,0,0,0,0
LA021,2019,3,8,3,1,1,1,1,0,3,0,1,0,0,0,0,0
LA021,2019,3,8,3,1,1,2,1,0,3,0,1,0,0,0,0,0
LA021,2019,3,8,3,1,2,1,1,0,3,0,1,0,0,0,0,0
LA021,2019,3,8,3,1,2,2,1,0,3,0,1,0,0,0,0,0
LA021,2019,3,8,3,1,3,1,1,0,3,0,1,0,0,0,0,0
LA021,2019,3,8,3,1,3,2,1,0,3,0,1,0,0,0,0,0
LA021,2019,3,8,3,1,4,1,1,0,3,0,1,0,0,0,0,0
LA021,2019,3,8,3,1,4,2,1,0,3,0,1,0,0,0,0,0
LA021,2019,3,8,3,1,5,1,1,0,3,0,1,0,0,0,0,0
LA021,2019,3,8,3,1,5,2,1,0,3,0,1,0,0,0,0,0
LA021,2019,3,8,3,1,6,1,1,0,3,0,1,0,0,0,0,0
LA021,2019,3,8,3,1,6,2,1,0,3,0,1,0,0,0,0,0
LA021,2019,3,8,3,1,7,1,1,0,3,0,1,0,0,0,0,0
LA021,2019,3,8,3,1,7,2,1,0,3,0,1,0,0,0,0,0
LA021,2019,3,8,3,1,8,1,1,0,3,0,1,0,0,0,0,0
LA021,2019,3,8,3,1,8,2,1,0,3,0,1,0,0,0,0,0
LA021,2019,3,8,3,1,9,1,1,0,3,0,1,0,0,0,0,0
LA021,2019,3,8,3,1,9,2,1,0,3,0,1,0,0,0,0,0
LA021,2019,3,8,3,1,10,1,1,0,3,0,11,0,0,0,0,1
LA021,2019,3,8,3,1,10,2,1,0,3,0,11,0,0,0,0,1
LA021,2019,3,8,3,1,11,1,1,0,3,0,11,5,5,0,0,1
LA021,2019,3,8,3,1,11,2,1,0,3,0,11,5,5,0,0,1
LA021,2019,3,8,3,1,12,1,1,0,3,0,10,8,0,0,0,1
LA021,2019,3,8,3,1,12,2,1,0,3,0,10,8,0,0,0,1
LA021,2019,3,8,3,1,13,1,1,0,3,0,10,0,0,0,0,1
LA021,2019,3,8,3,1,13,2,1,0,3,0,10,0,0,0,0,1
LA021,2019,3,8,3,1,14,1,1,0,3,0,10,0,0,0,0,1
LA021,2019,3,8,3,1,14,2,1,0,3,0,10,11,1,11,0,1
LA021,2019,3,8,3,1,15,1,1,0,3,0,10,0,0,0,0,1
LA021,2019,3,8,3,1,15,2,1,0,3,0,10,0,0,0,0,1
LA021,2019,3,8,3,1,16,1,2,0,3,0,10,0,0,0,0,1
LA021,2019,3,8,3,1,16,2,2,0,3,0,10,0,0,0,0,1
LA021,2019,3,8,3,1,17,1,1,0,3,0,5,11,5,0,0,1
LA021,2019,3,8,3,1,17,2,1,0,3,0,5,11,5,0,0,1
LA021,2019,3,8,3,1,18,1,1,0,3,0,4,11,0,0,0,1
LA021,2019,3,8,3,1,18,2,1,0,3,0,4,11,0,0,0,1
LA021,2019,3,8,3,1,19,1,1,0,3,0,10,0,0,0,0,1
LA021,2019,3,8,3,1,19,2,22,0,9,0,8,11,1,11,0,1
LA021,2019,3,8,3,1,20,1,1,0,3,0,8,0,0,0,0,1
LA021,2019,3,8,3,1,20,2,1,0,3,0,10,0,0,0,0,1
LA021,2019,3,8,3,1,21,1,8,0,2,0,6,0,0,0,0,1
LA021,2019,3,8,3,1,21,2,8,0,2,0,6,0,0,0,0,1
LA026,2019,3,13,3,1,20,1,1,0,2,0,10,0,0,0,0,1
LA026,2019,3,13,3,1,20,2,1,0,2,0,10,0,0,0,0,1
LA026,2019,3,13,3,1,21,1,1,0,2,0,10,0,0,0,0,1
LA026,2019,3,13,3,1,21,2,1,0,2,0,9,0,0,0,0,1
LA026,2019,3,13,3,1,22,1,1,0,2,0,1,0,0,0,0,1
LA026,2019,3,13,3,1,22,2,1,0,2,0,1,0,0,0,0,1
LA026,2019,3,13,3,1,23,1,1,0,2,0,1,0,0,0,0,1
LA026,2019,3,13,3,1,23,2,1,0,2,0,1,0,0,0,0,1
LA026,2019,3,14,4,1,0,1,1,0,2,0,1,0,0,0,0,1
LA026,2019,3,14,4,1,0,2,1,0,2,0,1,0,0,0,0,1
LA026,2019,3,14,4,1,1,1,1,0,2,0,1,0,0,0,0,1
LA026,2019,3,14,4,1,1,2,1,0,2,0,1,0,0,0,0,1
LA026,2019,3,14,4,1,2,1,1,0,2,0,1,0,0,0,0,1
LA026,2019,3,14,4,1,2,2,1,0,2,0,1,0,0,0,0,1
LA026,2019,3,14,4,1,3,1,1,0,2,0,1,0,0,0,0,1
LA026,2019,3,14,4,1,3,2,1,0,2,0,1,0,0,0,0,1
LA026,2019,3,14,4,1,4,1,1,0,2,0,1,0,0,0,0,1
LA026,2019,3,14,4,1,4,2,1,0,2,0,1,0,0,0,0,1
LA026,2019,3,14,4,1,5,1,1,0,2,0,1,0,0,0,0,1
LA026,2019,3,14,4,1,5,2,1,0,2,0,1,0,0,0,0,1
LA026,2019,3,14,4,1,6,1,1,0,1,0,9,0,0,0,0,1
LA026,2019,3,14,4,1,6,2,16,0,9,0,7,0,1,2,0,1
LA026,2019,3,14,4,1,7,1,16,0,9,0,7,0,1,2,0,1
LA026,2019,3,14,4,1,7,2,4,0,2,0,8,0,2,0,0,1
LA026,2019,3,14,4,1,8,1,1,0,2,0,1,0,1,10,0,1
LA026,2019,3,14,4,1,8,2,1,0,2,0,1,0,1,10,0,1
LA026,2019,3,14,4,1,9,1,1,0,2,0,1,0,1,10,0,1
LA026,2019,3,14,4,1,9,2,1,0,2,0,1,0,1,10,0,1
LA026,2019,3,14,4,1,10,1,1,0,2,0,1,0,1,10,0,1
LA026,2019,3,14,4,1,10,2,1,0,2,0,1,0,1,10,0,1
LA026,2019,3,14,4,1,11,1,1,0,2,0,3,0,2,0,0,1
LA026,2019,3,14,4,1,11,2,1,0,2,0,3,0,2,0,0,1
LA026,2019,3,14,4,1,12,1,1,0,2,0,3,0,2,0,0,1
LA026,2019,3,14,4,1,12,2,1,0,2,0,8,0,0,0,0,1
LA026,2019,3,14,4,1,13,1,1,0,2,0,1,10,0,10,0,1
LA026,2019,3,14,4,1,13,2,1,0,2,0,1,10,0,10,0,1
LA026,2019,3,14,4,1,14,1,1,0,3,0,1,0,65,0,0,-999
LA026,2019,3,14,4,1,14,2,1,0,2,0,1,10,0,10,0,1
LA026,2019,3,14,4,1,15,1,1,0,2,0,1,10,0,10,0,1
LA026,2019,3,14,4,1,15,2,1,0,2,0,1,10,0,10,0,1
LA026,2019,3,14,4,1,16,1,1,0,2,0,1,10,0,10,0,1
LA026,2019,3,14,4,1,16,2,1,0,2,0,1,10,0,10,0,1
LA026,2019,3,14,4,1,17,1,1,0,2,0,3,10,2,10,0,1
LA026,2019,3,14,4,1,17,2,1,0,2,0,3,10,2,10,0,-999
LA026,2019,3,14,4,1,18,1,1,0,2,0,3,10,2,10,0,-999
LA026,2019,3,14,4,1,18,2,1,0,2,0,3,10,2,10,0,-999
LA026,2019,3,14,4,1,19,1,1,0,2,0,3,10,2,10,0,-999
LA026,2019,3,14,4,1,19,2,1,0,2,0,8,10,0,10,0,1
LA026,2019,3,14,4,1,20,1,1,0,2,0,1,10,0,10,0,1
LA026,2019,3,14,4,1,20,2,1,0,2,0,1,10,0,10,0,-999
LA026,2019,3,14,4,1,21,1,1,0,2,0,1,10,0,10,0,-999
LA026,2019,3,14,4,1,21,2,1,0,2,0,1,10,0,10,0,-999
LA026,2019,3,14,4,1,22,1,1,0,1,0,1,9,0,9,0,1
LA026,2019,3,14,4,1,22,2,1,0,1,0,1,9,0,9,0,-999
LA026,2019,3,14,4,1,23,1,1,0,1,0,1,9,0,9,0,-999
LA026,2019,3,14,4,1,23,2,1,0,1,0,1,9,0,9,0,-999
LA026,2019,3,15,5,1,0,1,1,0,1,0,1,9,0,0,0,-999
LA026,2019,3,15,5,1,0,2,1,0,1,0,1,9,0,0,0,-999
LA026,2019,3,15,5,1,1,1,1,0,1,0,1,9,0,0,0,-999
LA026,2019,3,15,5,1,1,2,1,0,1,0,1,9,0,0,0,-999
LA026,2019,3,15,5,1,2,1,1,0,1,0,1,9,0,0,0,-999
LA026,2019,3,15,5,1,2,2,1,0,1,0,1,9,0,0,0,-999
LA026,2019,3,15,5,1,3,1,1,0,1,0,1,9,0,0,0,-999
LA026,2019,3,15,5,1,3,2,1,0,1,0,1,9,0,0,0,-999
LA026,2019,3,15,5,1,4,1,1,0,1,0,1,9,0,0,0,-999
LA026,2019,3,15,5,1,4,2,1,0,1,0,1,9,0,0,0,-999
LA026,2019,3,15,5,1,5,1,1,0,1,0,1,9,0,0,0,-999
LA026,2019,3,15,5,1,5,2,1,0,1,0,1,9,0,0,0,-999
LA026,2019,3,15,5,1,6,1,1,0,1,0,1,9,0,0,0,-999
LA026,2019,3,15,5,1,6,2,1,0,1,0,9,0,0,0,0,1
LA026,2019,3,15,5,1,7,1,4,0,2,0,8,0,2,0,0,1
LA026,2019,3,15,5,1,7,2,4,0,2,0,8,0,2,0,0,1
LA026,2019,3,15,5,1,8,1,1,0,2,0,10,0,0,0,0,1
LA026,2019,3,15,5,1,8,2,1,0,2,0,10,0,0,0,0,1
LA026,2019,3,15,5,1,9,1,1,0,2,0,3,0,0,0,0,1
LA026,2019,3,15,5,1,9,2,1,0,2,0,3,0,0,0,0,-999
LA026,2019,3,15,5,1,10,1,1,0,2,0,3,0,0,0,0,-999
LA026,2019,3,15,5,1,10,2,1,0,2,0,3,0,0,0,0,-999
LA026,2019,3,15,5,1,11,1,1,0,2,0,3,0,0,0,0,-999
LA026,2019,3,15,5,1,11,2,1,0,2,0,3,0,0,0,0,-999
LA026,2019,3,15,5,1,12,1,1,0,2,0,3,0,2,0,0,1
LA026,2019,3,15,5,1,12,2,1,0,2,0,8,0,0,0,0,1
LA026,2019,3,15,5,1,13,1,1,0,2,0,1,10,0,0,0,1
LA026,2019,3,15,5,1,13,2,1,0,2,0,1,10,0,0,0,1
LA026,2019,3,15,5,1,14,1,16,0,9,0,10,0,1,0,0,1
LA026,2019,3,15,5,1,14,2,16,0,9,0,10,0,1,0,0,1
LA026,2019,3,15,5,1,15,1,1,0,2,0,3,0,0,0,0,1
LA026,2019,3,15,5,1,15,2,1,0,2,0,3,0,2,0,0,1
LA026,2019,3,15,5,1,16,1,1,0,2,0,3,0,2,0,0,1
LA026,2019,3,15,5,1,16,2,1,0,2,0,3,0,2,0,0,1
LA026,2019,3,15,5,1,17,1,1,0,2,0,3,0,2,0,0,1
LA026,2019,3,15,5,1,17,2,1,0,2,0,3,0,2,0,0,1
LA026,2019,3,15,5,1,18,1,1,0,2,0,3,0,2,0,0,1
LA026,2019,3,15,5,1,18,2,1,0,2,0,3,0,2,0,0,1
LA026,2019,3,15,5,1,19,1,1,0,2,0,3,0,2,0,0,1
LA026,2019,3,15,5,1,19,2,1,0,2,0,1,0,0,0,0,1
LA026,2019,3,15,5,1,20,1,1,0,2,0,8,0,0,0,0,1
LA026,2019,3,15,5,1,20,2,1,0,2,0,1,10,0,0,0,1
LA026,2019,3,15,5,1,21,1,1,0,2,0,1,10,0,0,0,1
LA026,2019,3,15,5,1,21,2,1,0,2,0,1,10,0,0,0,1
LA026,2019,3,15,5,1,22,1,1,0,2,0,1,10,0,0,0,1
LA026,2019,3,15,5,1,22,2,1,0,1,0,9,0,0,0,0,1
LA026,2019,3,15,5,1,23,1,1,0,1,0,1,0,0,0,0,1
LA026,2019,3,16,6,1,0,1,1,0,1,0,1,0,0,0,0,1
LA026,2019,3,16,6,1,0,2,1,0,1,0,1,0,0,0,0,1
LA026,2019,3,16,6,1,1,1,1,0,1,0,1,0,0,0,0,1
LA026,2019,3,16,6,1,1,2,1,0,1,0,1,0,0,0,0,1
LA026,2019,3,16,6,1,2,1,1,0,1,0,1,0,0,0,0,1
LA026,2019,3,16,6,1,2,2,1,0,1,0,1,0,0,0,0,1
LA026,2019,3,16,6,1,3,1,1,0,1,0,1,0,0,0,0,1
LA026,2019,3,16,6,1,3,2,1,0,1,0,1,0,0,0,0,1
LA026,2019,3,16,6,1,4,1,1,0,1,0,1,0,0,0,0,1
LA026,2019,3,16,6,1,4,2,1,0,1,0,1,0,0,0,0,1
LA026,2019,3,16,6,1,5,1,1,0,1,0,1,0,0,0,0,1
LA026,2019,3,16,6,1,5,2,1,0,1,0,1,0,0,0,0,1
LA026,2019,3,16,6,1,6,1,1,0,1,0,9,0,0,0,0,1
LA026,2019,3,16,6,1,6,2,63,0,9,0,7,0,1,0,0,1
LA026,2019,3,16,6,1,7,1,63,0,9,0,7,0,1,0,0,1
LA026,2019,3,16,6,1,7,2,4,0,2,0,8,0,2,0,0,1
LA026,2019,3,16,6,1,8,1,1,0,2,0,1,10,0,0,0,1
LA026,2019,3,16,6,1,8,2,1,0,2,0,3,0,0,0,0,1
LA026,2019,3,16,6,1,9,1,1,0,2,0,3,0,0,0,0,1
LA026,2019,3,16,6,1,9,2,1,0,2,0,3,0,0,0,0,1
LA026,2019,3,16,6,1,10,1,1,0,2,0,3,0,0,0,0,1
LA026,2019,3,16,6,1,10,2,1,0,2,0,3,0,0,0,0,1
LA026,2019,3,16,6,1,11,1,1,0,2,0,3,0,0,0,0,1
LA026,2019,3,16,6,1,11,2,1,0,2,0,3,0,0,0,0,1
LA026,2019,3,16,6,1,12,1,1,0,2,0,3,0,2,0,0,1
LA026,2019,3,16,6,1,12,2,1,0,2,0,8,0,0,0,0,1
LA026,2019,3,16,6,1,13,1,1,0,2,0,3,0,2,0,0,1
LA026,2019,3,16,6,1,13,2,1,0,2,0,3,0,2,0,0,1
LA026,2019,3,16,6,1,14,1,1,0,2,0,3,0,2,0,0,1
LA026,2019,3,16,6,1,14,2,1,0,2,0,3,0,2,0,0,1
LA026,2019,3,16,6,1,15,1,1,0,2,0,3,0,2,0,0,1
LA026,2019,3,16,6,1,15,2,1,0,2,0,3,0,2,0,0,1
LA026,2019,3,16,6,1,16,1,1,0,2,0,3,0,2,0,0,1
LA026,2019,3,16,6,1,16,2,1,0,2,0,3,0,2,0,0,1
LA026,2019,3,16,6,1,17,1,1,0,2,0,3,0,2,0,0,1
LA026,2019,3,16,6,1,17,2,1,0,2,0,3,0,2,0,0,1
LA026,2019,3,16,6,1,18,1,1,0,2,0,3,0,2,0,0,1
LA026,2019,3,16,6,1,18,2,1,0,2,0,3,0,2,0,0,1
LA026,2019,3,16,6,1,19,1,1,0,2,0,3,0,2,0,0,1
LA026,2019,3,16,6,1,19,2,1,0,2,0,8,0,0,0,0,1
LA026,2019,3,16,6,1,20,1,1,0,2,0,1,10,0,0,0,1
LA026,2019,3,16,6,1,20,2,1,0,2,0,1,10,0,0,0,1
LA026,2019,3,16,6,1,21,1,1,0,2,0,1,10,0,0,0,1
LA026,2019,3,16,6,1,21,2,1,0,2,0,1,10,0,0,0,1
LA026,2019,3,16,6,1,22,1,1,0,2,0,1,10,0,0,0,1
LA026,2019,3,16,6,1,22,2,1,0,1,0,1,9,0,0,0,1
LA026,2019,3,16,6,1,23,1,1,0,1,0,1,9,0,0,0,1
LA026,2019,3,16,6,1,23,2,1,0,1,0,1,9,0,0,0,1
